name,order,landIncMean,titheIncMean,millIncMean,feeIncMean,almsIncMean,infraIncMean,transferIncMean,courtIncMean,annuityIncMean,educationIncMean,synProxIncMean,glebeIncMean,woodIncMean,unknownIncMean,landExpMean,titheExpMean,millExpMean,feeExpMean,almsExpMean,infraExpMean,transferExpMean,courtExpMean,annuityExpMean,educationExpMean,synProxExpMean,glebeExpMean,woodExpMean,unknownExpMean,year,region,totalInc,totalExp,netInc,depHouse,latitude,longitude,incomplete,landIncSum,titheIncSum,millIncSum,feeIncSum,almsIncSum,infraIncSum,transferIncSum,courtIncSum,annuityIncSum,educationIncSum,synProxIncSum,glebeIncSum,woodIncSum,unknownIncSum,landExpSum,titheExpSum,millExpSum,feeExpSum,almsExpSum,infraExpSum,transferExpSum,courtExpSum,annuityExpSum,educationExpSum,synProxExpSum,glebeExpSum,woodExpSum,unknownExpSum
Abingdon Abbey,Benedictine,,,,,,,,,,,,,,,,,,,,,,,,,,,,,1538.0,2.0,,,450369.0,,51.670872,-1.277557,1.0,0.0,0.0,0.0,0.0,0.0,0.0,0.0,0.0,0.0,0.0,0.0,0.0,0.0,0.0,0.0,0.0,0.0,0.0,0.0,0.0,0.0,0.0,0.0,0.0,0.0,0.0,0.0,0.0
Alnwick Abbey,Premonstratensian,,,,,,,,,,,,,,,,,,,,,,,,,,,,,1539.0,5.0,,,45540.0,,55.41985,-1.71914,1.0,0.0,0.0,0.0,0.0,0.0,0.0,0.0,0.0,0.0,0.0,0.0,0.0,0.0,0.0,0.0,0.0,0.0,0.0,0.0,0.0,0.0,0.0,0.0,0.0,0.0,0.0,0.0,0.0
Amesbury Priory,Benedictine,1765.4444444444443,6599.5,,,,,,240.0,,,,,,1971.2,-480.0,,,-330.5,,,,,,,-54.75,,,,1539.0,3.0,,,16044.5,,51.174037,-1.785074,0.0,15889.0,6599.5,0.0,0.0,0.0,0.0,0.0,240.0,0.0,0.0,0.0,0.0,0.0,9856.0,-480.0,0.0,0.0,-1322.0,0.0,0.0,0.0,0.0,0.0,0.0,-109.5,0.0,0.0,0.0
Anglesey Priory,Augustinian,,,,,,,,,,,,,,,,,,,,,,,,,,,,,1535.0,1.0,,,29988.0,,52.237,0.24,1.0,0.0,0.0,0.0,0.0,0.0,0.0,0.0,0.0,0.0,0.0,0.0,0.0,0.0,0.0,0.0,0.0,0.0,0.0,0.0,0.0,0.0,0.0,0.0,0.0,0.0,0.0,0.0,0.0
Ansty Preceptory,Augustinian,21621.5,,,,,,,,,,,,,,,,,-640.0,,,-800.0,,,,,,,,1540.0,3.0,21621.5,-2080.0,19541.5,,51.036495,-2.063967,0.0,21621.5,0.0,0.0,0.0,0.0,0.0,0.0,0.0,0.0,0.0,0.0,0.0,0.0,0.0,0.0,0.0,0.0,-1280.0,0.0,0.0,-800.0,0.0,0.0,0.0,0.0,0.0,0.0,0.0
Arden Priory,Benedictine,401.0,,,,,,,,,,,,,,-9.0,,,-160.0,-120.0,,-24.0,,,,,,,,1536.0,5.0,3208.0,-322.0,2886.0,,54.310171,-1.203185,0.0,3208.0,0.0,0.0,0.0,0.0,0.0,0.0,0.0,0.0,0.0,0.0,0.0,0.0,0.0,-18.0,0.0,0.0,-160.0,-120.0,0.0,-24.0,0.0,0.0,0.0,0.0,0.0,0.0,0.0
Armathwaite Nunnery,Benedictine,1573.0,1440.0,,,,,,,,,,,,,-12.0,,,,,,-1280.0,,,,-30.0,,,,1537.0,5.0,4586.0,,3264.0,,54.778725,-2.721439,0.0,3146.0,1440.0,0.0,0.0,0.0,0.0,0.0,0.0,0.0,0.0,0.0,0.0,0.0,0.0,-12.0,0.0,0.0,0.0,0.0,0.0,-1280.0,0.0,0.0,0.0,-30.0,0.0,0.0,0.0
Athelney Abbey,Benedictine,3882.640625,1589.0,,,320.0,,1046.0,350.0,,,,,,176.0,-50.95454545454545,,,-424.61538461538464,-811.5,,-865.75,,-600.0,,-185.25,,,-26.666666666666668,1540.0,3.0,,,50163.25,,51.0593,-2.93458,0.0,62122.25,3178.0,0.0,0.0,320.0,0.0,2092.0,1400.0,0.0,0.0,0.0,0.0,0.0,880.0,-1121.0,0.0,0.0,-5520.0,-6492.0,0.0,-5194.5,0.0,-600.0,0.0,-370.5,0.0,0.0,-80.0
Axholme Charterhouse,Carthusian,1058.5657894736842,8145.5,,,,,745.3333333333334,,,,,,,23050.5,-374.5,,-27.0,-466.6666666666667,-276.0,,-1450.4,,,,-84.0,,,,1538.0,4.0,69775.75,-12713.0,57062.75,,53.5075,-0.7861,0.0,20112.75,24436.5,0.0,0.0,0.0,0.0,2236.0,0.0,0.0,0.0,0.0,0.0,0.0,23050.5,-2247.0,0.0,-54.0,-2800.0,-276.0,0.0,-7252.0,0.0,0.0,0.0,-84.0,0.0,0.0,0.0
Aylesbury Friary,Franciscan,1052.0,,,,,,,,,,,,,,-151.5,,,,,,,,,,,,,,1538.0,2.0,1052.0,-303.0,749.0,1.0,51.815217,-0.814867,0.0,1052.0,0.0,0.0,0.0,0.0,0.0,0.0,0.0,0.0,0.0,0.0,0.0,0.0,0.0,-303.0,0.0,0.0,0.0,0.0,0.0,0.0,0.0,0.0,0.0,0.0,0.0,0.0,0.0
Baddesley Preceptory,Augustinian,,,,,,,,,,,,,,31609.0,-1490.0,,,-1600.0,,,,,,,,,,,1540.0,3.0,31609.0,-3090.0,28519.0,,50.985876,-1.422873,0.0,0.0,0.0,0.0,0.0,0.0,0.0,0.0,0.0,0.0,0.0,0.0,0.0,0.0,31609.0,-1490.0,0.0,0.0,-1600.0,0.0,0.0,0.0,0.0,0.0,0.0,0.0,0.0,0.0,0.0
Barking Abbey,Benedictine,,,,,,,,,,,,,,,,,,,,,,,,,,,,,1539.0,2.0,,,207029.5,,51.535706,0.075159,1.0,0.0,0.0,0.0,0.0,0.0,0.0,0.0,0.0,0.0,0.0,0.0,0.0,0.0,0.0,0.0,0.0,0.0,0.0,0.0,0.0,0.0,0.0,0.0,0.0,0.0,0.0,0.0,0.0
Barlings Abbey,Premonstratensian,2945.4285714285716,1584.0,,,,,,,,,,,1920.0,1092.0,-69.5,,,-241.42857142857142,-1031.3333333333333,,-360.5833333333333,,,,-308.5,,,-492.375,1537.0,4.0,73877.0,-15726.5,58149.5,,53.247899999999994,-0.3685,0.0,61854.0,7920.0,0.0,0.0,0.0,0.0,0.0,0.0,0.0,0.0,0.0,0.0,1920.0,2184.0,-973.0,0.0,0.0,-3380.0,-6188.0,0.0,-2163.5,0.0,0.0,0.0,-308.5,0.0,0.0,-1969.5
Barnstaple,Benedictine,4648.8,1080.0,2400.0,,,,710.0,840.5,,,,,,,-24.0,,,-304.0,,,,,,,,,,-6.0,1536.0,3.0,,,29599.0,,51.088473,-4.062436,0.0,23244.0,1080.0,2400.0,0.0,0.0,0.0,2840.0,1681.0,0.0,0.0,0.0,0.0,0.0,0.0,-120.0,0.0,0.0,-1520.0,0.0,0.0,0.0,0.0,0.0,0.0,0.0,0.0,0.0,-6.0
Barnwell Priory,Augustinian,,,,,,,,,,,,,,,,,,,,,,,,,,,,,1538.0,1.0,,,61573.25,,52.209027,0.13852,1.0,0.0,0.0,0.0,0.0,0.0,0.0,0.0,0.0,0.0,0.0,0.0,0.0,0.0,0.0,0.0,0.0,0.0,0.0,0.0,0.0,0.0,0.0,0.0,0.0,0.0,0.0,0.0,0.0
Barrow Gurney Nunnery,Benedictine,1015.2,1600.0,,,,,,,,,,,,499.5,-39.0,,,-150.0,,,-960.0,,,,-90.75,,,,1536.0,3.0,7040.5,-1348.75,5691.75,,51.4073,-2.6748,0.0,5076.0,1600.0,0.0,0.0,0.0,0.0,0.0,0.0,0.0,0.0,0.0,0.0,0.0,499.5,-156.0,0.0,0.0,-300.0,0.0,0.0,-960.0,0.0,0.0,0.0,-90.75,0.0,0.0,0.0
Battisford Preceptory,Augustinian,,,,,,,,,,,,,,,,,,,,,,,,,,,,,1540.0,1.0,,,12674.0,,52.148965,0.989523,1.0,0.0,0.0,0.0,0.0,0.0,0.0,0.0,0.0,0.0,0.0,0.0,0.0,0.0,0.0,0.0,0.0,0.0,0.0,0.0,0.0,0.0,0.0,0.0,0.0,0.0,0.0,0.0,0.0
Battle Abbey,Benedictine,2920.2298387096776,2494.4,853.3333333333334,,,,511.2,,,,,,,1573.3333333333333,-272.0,,-6.0,-713.625,-1234.0,,-1002.1818181818181,,,,-66.83333333333333,,,,1538.0,3.0,236890.25,-25514.5,211375.75,,50.914503,0.48773,0.0,181054.25,24944.0,2560.0,0.0,0.0,0.0,5112.0,0.0,0.0,0.0,0.0,0.0,0.0,4720.0,-1632.0,0.0,-6.0,-11418.0,-1234.0,0.0,-11024.0,0.0,0.0,0.0,-200.5,0.0,0.0,0.0
Beauvale Charterhouse,Carthusian,1740.3333333333333,3612.5,,,,,160.0,,,,,,,4320.0,-280.0,,,-360.0,,,-531.4285714285714,,,,-83.0,,,-173.33333333333334,1539.0,4.0,54576.0,,47112.0,,53.036477999999995,-1.267416,0.0,31326.0,14450.0,0.0,0.0,0.0,0.0,160.0,0.0,0.0,0.0,0.0,0.0,0.0,8640.0,-280.0,0.0,0.0,-1440.0,0.0,0.0,-3720.0,0.0,0.0,0.0,-332.0,0.0,0.0,-520.0
Beeston Priory,Augustinian,1274.734375,,,,,,,472.75,,,,,,,-23.428571428571427,,,-205.0,-640.0,,-80.0,,,,,,,-12.0,1539.0,1.0,12076.625,-1728.0,10348.625,,52.938772,1.224176,0.0,10197.875,0.0,0.0,0.0,0.0,0.0,0.0,1891.0,0.0,0.0,0.0,0.0,0.0,0.0,-164.0,0.0,0.0,-820.0,-640.0,0.0,-80.0,0.0,0.0,0.0,0.0,0.0,0.0,-24.0
Bermondsey Abbey Cluniacs,Benedictine,5143.529411764706,1647.8392857142858,960.0,,,,560.6153846153846,137.14285714285714,,,,,522.0,960.0,-962.2,,,-542.8571428571429,-493.7142857142857,,,,,,-170.75,,,-48.0,1538.0,2.0,131549.75,-17617.0,113932.75,,51.49691,-0.079638,0.0,87440.0,23069.75,1920.0,0.0,0.0,0.0,7288.0,960.0,0.0,0.0,0.0,0.0,2088.0,960.0,-9622.0,0.0,0.0,-3800.0,-3456.0,0.0,0.0,0.0,0.0,0.0,-683.0,0.0,0.0,-48.0
Beverley Preceptory,Augustinian,,,,,,,,,,,,,,,,,,,,,,,,,,,,,1540.0,5.0,,,39478.0,,53.842641,-0.422826,1.0,0.0,0.0,0.0,0.0,0.0,0.0,0.0,0.0,0.0,0.0,0.0,0.0,0.0,0.0,0.0,0.0,0.0,0.0,0.0,0.0,0.0,0.0,0.0,0.0,0.0,0.0,0.0,0.0
Bilsington Priory,Augustinian,5162.0,,,,,,,,,,,,,,-27.333333333333332,,,-583.0,-240.0,-4452.0,-676.4375,,,,,,,,1536.0,2.0,29288.0,-9829.75,19458.0,,51.082611,0.915936,0.0,20648.0,0.0,0.0,0.0,0.0,0.0,0.0,0.0,0.0,0.0,0.0,0.0,0.0,0.0,-82.0,0.0,0.0,-2332.0,-240.0,-4452.0,-2705.75,0.0,0.0,0.0,0.0,0.0,0.0,0.0
Bindon Abbey,Cistercian,1786.3636363636363,1417.7142857142858,,,,,480.0,324.75,,,,560.0,560.0,135.5,-1002.0,,,-480.0,-100.0,,-454.0,,-640.0,,-118.66666666666667,,,-6400.0,1539.0,3.0,,,35373.5,1.0,50.680561,-2.218085,0.0,39300.0,9924.0,0.0,0.0,0.0,0.0,480.0,1623.75,0.0,0.0,0.0,1120.0,560.0,271.0,-7014.0,0.0,0.0,-1920.0,-200.0,0.0,-2270.0,0.0,-640.0,0.0,-356.0,0.0,0.0,-6400.0
Binham Priory,Benedictine,,,,,,,,,,,,,,,,,,,,,,,,,,,,,1539.0,1.0,,,33664.0,1.0,52.920148,0.94684,1.0,0.0,0.0,0.0,0.0,0.0,0.0,0.0,0.0,0.0,0.0,0.0,0.0,0.0,0.0,0.0,0.0,0.0,0.0,0.0,0.0,0.0,0.0,0.0,0.0,0.0,0.0,0.0,0.0
Blanchland Abbey,Premonstratensian,,,,,,,,,,,,,,,,,,,,,,,,,,,,,1539.0,5.0,,,9708.0,1.0,54.848211,-2.055905,1.0,0.0,0.0,0.0,0.0,0.0,0.0,0.0,0.0,0.0,0.0,0.0,0.0,0.0,0.0,0.0,0.0,0.0,0.0,0.0,0.0,0.0,0.0,0.0,0.0,0.0,0.0,0.0,0.0
Bourne Abbey,Augustinian,1765.4166666666667,2976.6666666666665,,,,,132.0,,,,,,,320.0,-90.6875,,,-300.0,,,-930.8,,,,-610.0,,,-48.0,1536.0,4.0,47489.25,-7234.75,40254.5,,52.76632200000001,-0.37555600000000006,0.0,26481.25,17860.0,0.0,0.0,0.0,0.0,528.0,0.0,0.0,0.0,0.0,0.0,0.0,320.0,-362.75,0.0,0.0,-1200.0,0.0,0.0,-4654.0,0.0,0.0,0.0,-610.0,0.0,0.0,-48.0
Boxgrove Priory,Benedictine,825.8518518518518,2666.6666666666665,,,,,1600.0,,,,,,,220.0,-167.0,,,-280.0,-908.5,,-1496.0,,,,-178.0,,,,1536.0,3.0,44636.0,-9713.5,34922.5,,50.860475,-0.711051,0.0,22298.0,16000.0,0.0,0.0,0.0,0.0,1600.0,0.0,0.0,0.0,0.0,0.0,0.0,440.0,-2004.0,0.0,0.0,-560.0,-908.5,0.0,-5984.0,0.0,0.0,0.0,-178.0,0.0,0.0,0.0
Bradenstoke Priory,Augustinian,871.9411764705883,1017.6,,,,,,100.0,,,,,,360.0,-107.33333333333333,,,-424.0,-3180.0,,-1904.0,,,,-269.0,,,-106.0,1539.0,3.0,64928.0,-13817.0,51111.0,,51.512222,-2.003611,0.0,59292.0,5088.0,0.0,0.0,0.0,0.0,0.0,200.0,0.0,0.0,0.0,0.0,0.0,360.0,-644.0,0.0,0.0,-4240.0,-3180.0,0.0,-5712.0,0.0,0.0,0.0,-269.0,0.0,0.0,-212.0
Bradley Priory,Augustinian,965.4,160.0,,,,,,,,,,,,,-49.0,,,,,,,,,,,,,,1536.0,4.0,4987.0,-147.0,4840.0,,52.550455,-0.787116,0.0,4827.0,160.0,0.0,0.0,0.0,0.0,0.0,0.0,0.0,0.0,0.0,0.0,0.0,0.0,-147.0,0.0,0.0,0.0,0.0,0.0,0.0,0.0,0.0,0.0,0.0,0.0,0.0,0.0
Breadsall Priory,Augustinian,308.0,1280.0,,,,,,,,,,,,,-80.0,,,-320.0,,,,,,,,,,,1536.0,4.0,,,2613.0,,52.96876699999999,-1.435672,0.0,1848.0,1280.0,0.0,0.0,0.0,0.0,0.0,0.0,0.0,0.0,0.0,0.0,0.0,0.0,-80.0,0.0,0.0,-320.0,0.0,0.0,0.0,0.0,0.0,0.0,0.0,0.0,0.0,0.0
Breedon Priory,Augustinian,328.0,582.8571428571429,,,,,,,,,,,,705.0,,,,-80.0,,,,,,,-133.0,,,,1539.0,4.0,,,5884.0,,52.806089,-1.399961,0.0,1312.0,4080.0,0.0,0.0,0.0,0.0,0.0,0.0,0.0,0.0,0.0,0.0,0.0,705.0,0.0,0.0,0.0,-80.0,0.0,0.0,0.0,0.0,0.0,0.0,-133.0,0.0,0.0,0.0
Bromholm Priory,Benedictine,927.5909090909091,665.3095238095239,,,,,,232.84375,,,,,647.5,288.5,-1224.9285714285713,,,-305.0,,,-590.0,,,,-168.0,,,-25.5,1536.0,1.0,37189.25,-13126.0,24063.25,,52.844479,1.487463,0.0,20407.0,13971.5,0.0,0.0,0.0,0.0,0.0,1862.75,0.0,0.0,0.0,0.0,647.5,288.5,-8574.5,0.0,0.0,-1830.0,0.0,0.0,-2360.0,0.0,0.0,0.0,-336.0,0.0,0.0,-25.5
Bruern Abbey,Cistercian,1085.5,160.0,240.0,,,,,,,,,,144.0,,-176.0,,,-546.6666666666666,,,,,,,-80.0,,,,1536.0,2.0,36766.0,-4624.0,32290.0,1.0,51.867,-1.636,0.0,36907.0,160.0,240.0,0.0,0.0,0.0,0.0,0.0,0.0,0.0,0.0,0.0,720.0,0.0,-1056.0,0.0,0.0,-3280.0,0.0,0.0,0.0,0.0,0.0,0.0,-80.0,0.0,0.0,0.0
Bruisyard Abbey,Franciscan,1067.0384615384614,1321.6666666666667,,,,,,8.0,,,,,,,-89.95,,,-413.3333333333333,-24.0,,-126.28571428571429,,,,-92.0,,,,1539.0,1.0,,,13465.0,,52.244456,1.4174670000000003,0.0,13871.5,3965.0,0.0,0.0,0.0,0.0,0.0,8.0,0.0,0.0,0.0,0.0,0.0,0.0,-1799.0,0.0,0.0,-2480.0,-24.0,0.0,-884.0,0.0,0.0,0.0,-92.0,0.0,0.0,0.0
Bruton Abbey,Augustinian,4332.65625,3785.4545454545455,,,,,184.0,387.1111111111111,,,,,480.0,765.0,-172.0,,,-416.94117647058823,-3920.0,,-1150.0,,,,-289.25,,,-16.0,1539.0,3.0,115406.0,-9966.0,105440.0,,51.111113,-2.45184,0.0,69322.5,41640.0,0.0,0.0,0.0,0.0,1104.0,3484.0,0.0,0.0,0.0,0.0,480.0,6120.0,-516.0,0.0,0.0,-7088.0,-3920.0,0.0,-9200.0,0.0,0.0,0.0,-1157.0,0.0,0.0,-32.0
Buckfast Abbey,Cistercian,2131.412162162162,4998.333333333333,731.4285714285714,,,,299.2,741.7692307692307,,,,,,544.9166666666666,-360.0,,-24.0,-341.3333333333333,,,-1653.3333333333333,,-720.0,,,,,,1538.0,3.0,,,111973.75,1.0,50.49298399999999,-3.775765,0.0,78862.25,14995.0,5120.0,0.0,0.0,0.0,1496.0,9643.0,0.0,0.0,0.0,0.0,0.0,1634.75,-360.0,0.0,-24.0,-3072.0,0.0,0.0,-4960.0,0.0,-720.0,0.0,0.0,0.0,0.0,0.0
Burnham Abbey,Augustinian,1800.1666666666667,1528.0,160.0,,,,,486.0,,,,,,240.0,-204.3125,,-176.0,-432.0,-1120.0,,-1080.0,,,,-116.625,,,,1539.0,2.0,21911.5,-9643.25,12269.25,,51.515594,-0.660624,0.0,16201.5,4584.0,160.0,0.0,0.0,0.0,0.0,486.0,0.0,0.0,0.0,0.0,0.0,480.0,-1634.5,0.0,-176.0,-2160.0,-1120.0,0.0,-4320.0,0.0,0.0,0.0,-233.25,0.0,0.0,0.0
Burtle Moor,Augustinian,732.0,80.0,,,,,,,,,,,,,-2.0,,,-40.0,,,,,,,,,,,1536.0,3.0,,,1502.0,,51.1713,-2.8729999999999998,0.0,1464.0,80.0,0.0,0.0,0.0,0.0,0.0,0.0,0.0,0.0,0.0,0.0,0.0,0.0,-2.0,0.0,0.0,-40.0,0.0,0.0,0.0,0.0,0.0,0.0,0.0,0.0,0.0,0.0
Byland Abbey,Cistercian,,,,,,,,,,,,,,,,,,,,,,,,,,,,,1539.0,5.0,70864.0,-13632.0,57232.0,,54.203499,-1.158693,1.0,0.0,0.0,0.0,0.0,0.0,0.0,0.0,0.0,0.0,0.0,0.0,0.0,0.0,0.0,0.0,0.0,0.0,0.0,0.0,0.0,0.0,0.0,0.0,0.0,0.0,0.0,0.0,0.0
Caldwell Priory,Augustinian,476.7567567567568,2255.0,,,,,,,,,,,24.0,,,,,-501.6666666666667,,,-573.5,,,,-176.25,,,,1536.0,2.0,35710.0,-9449.0,26261.0,,52.12944,-0.4764900000000001,0.0,17640.0,18040.0,0.0,0.0,0.0,0.0,0.0,0.0,0.0,0.0,0.0,0.0,24.0,0.0,0.0,0.0,0.0,-3010.0,0.0,0.0,-5735.0,0.0,0.0,0.0,-705.0,0.0,0.0,0.0
Canterbury Cathedral Priory,Benedictine,3280.6348484848486,4775.535714285715,1640.0,,,,1209.142857142857,101.125,,,,,491.77777777777777,4627.15,-109.95238095238095,,,-711.9214285714286,-1236.15625,,-961.0,-64.0,-480.0,,-86.66666666666667,,,-341.1333333333333,1539.0,2.0,,,563861.125,,51.279722,1.083056,0.0,541304.75,66857.5,6560.0,0.0,0.0,0.0,8464.0,2427.0,0.0,0.0,0.0,0.0,8852.0,69407.25,-2309.0,0.0,0.0,-49834.5,-19778.5,0.0,-31713.0,-128.0,-480.0,0.0,-260.0,0.0,0.0,-10234.0
Carrow Abbey,Benedictine,1963.392857142857,802.9285714285714,,,,,280.0,170.5,,,,,,,-30.625,,,-325.0,,,-770.0,,,,,,,,1538.0,1.0,20305.75,-4747.5,15558.25,,52.617999999999995,1.310806,0.0,13743.75,5620.5,0.0,0.0,0.0,0.0,280.0,170.5,0.0,0.0,0.0,0.0,0.0,0.0,-367.5,0.0,0.0,-1300.0,0.0,0.0,-3080.0,0.0,0.0,0.0,0.0,0.0,0.0,0.0
Cartmel Priory,Augustinian,4530.75,3140.0,1440.0,,,,,,,,,,,,,,,-480.0,,,-400.0,,,,,,,-1440.0,1536.0,5.0,27595.0,,19035.0,,54.201107,-2.951892,0.0,18123.0,6280.0,1440.0,0.0,0.0,0.0,0.0,0.0,0.0,0.0,0.0,0.0,0.0,0.0,0.0,0.0,0.0,-2400.0,0.0,0.0,-800.0,0.0,0.0,0.0,0.0,0.0,0.0,-1440.0
Castle Acre Priory,Benedictine,3229.21875,991.3333333333334,2640.0,,,,749.8947368421053,120.0,,,,,680.0,,-220.375,,,-380.0,,,-569.3333333333334,,,,-65.83333333333333,,,-18.0,1537.0,1.0,80369.75,-6793.0,73576.75,,52.700666,0.683798,0.0,25833.75,35688.0,2640.0,0.0,0.0,0.0,14248.0,600.0,0.0,0.0,0.0,0.0,1360.0,0.0,-881.5,0.0,0.0,-2280.0,0.0,0.0,-3416.0,0.0,0.0,0.0,-197.5,0.0,0.0,-18.0
Charterhouse London,Carthusian,24424.0,5279.0,,,,,,,,,,,,2880.0,-342.8142857142857,,,-240.0,-1228.0,,-3040.0,,,,,,,,1537.0,2.0,176671.0,-22586.5,154084.5,,51.521372,-0.100136,0.0,122120.0,47511.0,0.0,0.0,0.0,0.0,0.0,0.0,0.0,0.0,0.0,0.0,0.0,2880.0,-11998.5,0.0,0.0,-240.0,-1228.0,0.0,-9120.0,0.0,0.0,0.0,0.0,0.0,0.0,0.0
Chicksands Priory,Gilbertine,1280.3181818181818,2272.0,,,,,,400.0,,,,,,660.0,-57.57142857142857,,,-260.0,,,-262.2857142857143,,,,,,,,1538.0,2.0,55240.5,-4319.0,50921.5,,52.040896,-0.366417,0.0,42250.5,11360.0,0.0,0.0,0.0,0.0,0.0,400.0,0.0,0.0,0.0,0.0,0.0,1320.0,-403.0,0.0,0.0,-2080.0,0.0,0.0,-1836.0,0.0,0.0,0.0,0.0,0.0,0.0,0.0
Chippenham Preceptory,Augustinian,,,,,,,,,,,,,,,,,,,,,,,,,,,,,1540.0,1.0,,,,,52.3005,0.4388,1.0,0.0,0.0,0.0,0.0,0.0,0.0,0.0,0.0,0.0,0.0,0.0,0.0,0.0,0.0,0.0,0.0,0.0,0.0,0.0,0.0,0.0,0.0,0.0,0.0,0.0,0.0,0.0,0.0
Clattercote Priory,Gilbertine,633.5555555555555,3600.0,,,,,,,,,,,,600.0,-20.0,,,-176.0,,,-180.0,,,,,,,,1538.0,2.0,10155.0,-2420.0,8399.0,,52.139338,-1.332007,0.0,5702.0,3600.0,0.0,0.0,0.0,0.0,0.0,0.0,0.0,0.0,0.0,0.0,0.0,600.0,-20.0,0.0,0.0,-352.0,0.0,0.0,-360.0,0.0,0.0,0.0,0.0,0.0,0.0,0.0
Cleeve Abbey,Cistercian,2932.342105263158,1901.0,,,,,160.0,208.0,,,,,,660.0,-308.26190476190476,,-6.0,-300.1333333333333,-1100.0,,-1131.3333333333333,,,,-20.0,,,-873.1666666666666,1537.0,3.0,,,37313.25,1.0,51.157446,-3.3635469999999996,0.0,55714.5,7604.0,0.0,0.0,0.0,0.0,160.0,1248.0,0.0,0.0,0.0,0.0,0.0,1320.0,-6473.5,0.0,-6.0,-4502.0,-6600.0,0.0,-6788.0,0.0,0.0,0.0,-40.0,0.0,0.0,-5239.0
Clifford Priory,Benedictine,6303.0,1573.3333333333333,,,,,,,,,,,,,-54.0,,,-346.6666666666667,-160.0,,-118.6,,,,-128.0,,,,1536.0,4.0,15743.0,-1975.0,13768.0,,52.094214,-3.0913320000000004,0.0,6303.0,9440.0,0.0,0.0,0.0,0.0,0.0,0.0,0.0,0.0,0.0,0.0,0.0,0.0,-54.0,0.0,0.0,-1040.0,-160.0,0.0,-593.0,0.0,0.0,0.0,-128.0,0.0,0.0,0.0
Combermere Abbey,Cistercian,3093.4285714285716,2560.0,40.0,,,,126.0,,,,,352.0,,63.0,-208.2,,,-546.6666666666666,-3040.0,,-126.0,,,,,,,-396.0,1539.0,4.0,61998.0,-7883.0,54115.0,1.0,52.993610999999994,-2.613889,0.0,43308.0,17920.0,40.0,0.0,0.0,0.0,252.0,0.0,0.0,0.0,0.0,352.0,0.0,126.0,-1041.0,0.0,0.0,-3280.0,-3040.0,0.0,-126.0,0.0,0.0,0.0,0.0,0.0,0.0,-396.0
Conishead Priory,Augustinian,1039.0833333333333,2164.5,,,,,,,,,,,,,,,,-181.33333333333334,,,-405.6,,,,,,,-800.0,1536.0,5.0,29785.0,-6503.0,23282.0,,54.173143,-3.067932,0.0,12469.0,17316.0,0.0,0.0,0.0,0.0,0.0,0.0,0.0,0.0,0.0,0.0,0.0,0.0,0.0,0.0,0.0,-1088.0,0.0,0.0,-2028.0,0.0,0.0,0.0,0.0,0.0,0.0,-800.0
Coverham Abbey,Premonstratensian,741.8823529411765,4368.0,,,,,,,,,,,,2880.0,-16.875,,,-270.0,-720.0,,-534.1538461538462,,,,,,,,1536.0,5.0,49856.0,-8837.0,38619.0,,54.2732,-1.8387,0.0,25224.0,21840.0,0.0,0.0,0.0,0.0,0.0,0.0,0.0,0.0,0.0,0.0,0.0,2880.0,-135.0,0.0,0.0,-2160.0,-720.0,0.0,-6944.0,0.0,0.0,0.0,0.0,0.0,0.0,0.0
Dorchester Abbey,Augustinian,863.5434782608696,2270.769230769231,,,,,96.0,120.0,,,,,,1260.0,-273.88461538461536,,,-360.0,-260.0,,-456.2857142857143,,,,-152.0,,,,1536.0,2.0,,,45630.25,,51.6437,-1.1644,0.0,19861.5,29520.0,0.0,0.0,0.0,0.0,96.0,120.0,0.0,0.0,0.0,0.0,0.0,2520.0,-3560.5,0.0,0.0,-720.0,-520.0,0.0,-3194.0,0.0,0.0,0.0,-152.0,0.0,0.0,0.0
Dore Abbey,Cistercian,5476.0,1053.3333333333333,,,,,,60.0,,,,,,,-96.66666666666667,,,-392.0,-432.0,,-720.0,,,,,,,,1536.0,4.0,28344.0,-4042.0,24302.0,1.0,51.967946,-2.893758,0.0,21904.0,6320.0,0.0,0.0,0.0,0.0,0.0,120.0,0.0,0.0,0.0,0.0,0.0,0.0,-290.0,0.0,0.0,-1960.0,-432.0,0.0,-2160.0,0.0,0.0,0.0,0.0,0.0,0.0,0.0
Dunstable Priory,Augustinian,1784.4711538461538,1595.642857142857,,,,,1346.6666666666667,480.0,,,,,,2600.0,-49.57142857142857,,,-540.0,-336.0,,-878.5454545454545,,,,-450.0,,,-36.4,1540.0,2.0,96655.5,-13936.0,82719.5,,51.886003,-0.51771,0.0,46396.25,22339.0,0.0,0.0,0.0,0.0,4040.0,480.0,0.0,0.0,0.0,0.0,0.0,23400.0,-694.0,0.0,0.0,-2160.0,-336.0,0.0,-9664.0,0.0,0.0,0.0,-900.0,0.0,0.0,-182.0
Durham College,Benedictine,,,,,,,4907.166666666667,,,,,,,,-48.0,,,-1440.0,-160.0,,,,,,,,,,1545.0,2.0,29443.0,-1792.0,27652.0,,51.7553,-1.2571800000000002,0.0,0.0,0.0,0.0,0.0,0.0,0.0,29443.0,0.0,0.0,0.0,0.0,0.0,0.0,0.0,-192.0,0.0,0.0,-1440.0,-160.0,0.0,0.0,0.0,0.0,0.0,0.0,0.0,0.0,0.0
Durham Priory,Benedictine,1942.4238095238095,5948.823529411765,,,,,424.2105263157895,480.0,,,,,,7122.0,-314.36538461538464,,,-604.4444444444445,,,-1735.0,,,,,,,,1540.0,5.0,387778.5,,,,54.77321,-1.57683,0.0,203954.5,101130.0,0.0,0.0,0.0,0.0,8060.0,480.0,0.0,0.0,0.0,0.0,0.0,64098.0,-8173.5,0.0,0.0,-16320.0,0.0,0.0,-20820.0,0.0,0.0,0.0,0.0,0.0,0.0,0.0
Easebourne Priory,Augustinian,606.2222222222222,976.6666666666666,,,,,,,,,,,,,-21.416666666666668,,,-320.0,,,-1280.0,,,,-168.0,,,-121.33333333333333,1536.0,3.0,11316.0,-4157.0,7159.0,,50.995034,-0.725849,0.0,5456.0,5860.0,0.0,0.0,0.0,0.0,0.0,0.0,0.0,0.0,0.0,0.0,0.0,0.0,-257.0,0.0,0.0,-640.0,0.0,0.0,-2560.0,0.0,0.0,0.0,-336.0,0.0,0.0,-364.0
Easton Priory,Augustinian,1064.4,1972.5,,,,,,80.0,,,,,,,-73.0,,,-400.0,,,-680.0,,,,-696.0,,,,1538.0,3.0,13372.0,-3148.0,10224.0,,51.342285,-1.7041629999999999,0.0,5322.0,7890.0,0.0,0.0,0.0,0.0,0.0,160.0,0.0,0.0,0.0,0.0,0.0,0.0,-292.0,0.0,0.0,-800.0,0.0,0.0,-1360.0,0.0,0.0,0.0,-696.0,0.0,0.0,0.0
Egglestone Abbey,Premonstratensian,990.3076923076923,930.6666666666666,,,,,,,,,,,,,-119.77272727272727,,,-320.0,-940.0,,-465.3125,,,,,,,,1540.0,5.0,15666.0,-6939.0,6339.0,,54.53125899999999,-1.9051149999999997,0.0,12874.0,2792.0,0.0,0.0,0.0,0.0,0.0,0.0,0.0,0.0,0.0,0.0,0.0,0.0,-1317.5,0.0,0.0,-960.0,-940.0,0.0,-3722.5,0.0,0.0,0.0,0.0,0.0,0.0,0.0
Elsham Priory,Augustinian,664.4545454545455,1300.0,,,,,,24.0,,,,,,116.0,-137.84615384615384,,,-250.0,,,-264.0,,,,-270.0,,,,1536.0,4.0,20134.0,-3326.0,16808.0,,53.599297,-0.436729,0.0,14618.0,5200.0,0.0,0.0,0.0,0.0,0.0,24.0,0.0,0.0,0.0,0.0,0.0,232.0,-1792.0,0.0,0.0,-1000.0,0.0,0.0,-264.0,0.0,0.0,0.0,-270.0,0.0,0.0,0.0
Elstow Abbey,Benedictine,1854.0535714285713,1968.6,,,,,800.0,480.0,,,,,1200.0,1059.4285714285713,-50.0,,,-680.0,,,-453.6,,,,-236.0,,,,1539.0,2.0,78025.75,-9710.0,68315.75,,52.11495,-0.46935,0.0,25956.75,39372.0,0.0,0.0,0.0,0.0,2400.0,480.0,0.0,0.0,0.0,0.0,2400.0,7416.0,-150.0,0.0,0.0,-4080.0,0.0,0.0,-4536.0,0.0,0.0,0.0,-944.0,0.0,0.0,0.0
Farne Abbey,Benedictine,,,,,618.4,,,,,,,,,,,,,,,,,,,,,,,,1538.0,5.0,,,3092.0,1.0,55.616568,-1.655133,0.0,0.0,0.0,0.0,0.0,3092.0,0.0,0.0,0.0,0.0,0.0,0.0,0.0,0.0,0.0,0.0,0.0,0.0,0.0,0.0,0.0,0.0,0.0,0.0,0.0,0.0,0.0,0.0,0.0
Folkestone Priory,Benedictine,1200.0,3719.6666666666665,,,,,2048.0,,720.0,,,,,,-61.5,,,-360.0,,,-1560.0,,-960.0,,-174.0,,,,1535.0,2.0,15127.0,-5097.0,10030.0,,51.078796,1.181644,0.0,1200.0,11159.0,0.0,0.0,0.0,0.0,2048.0,0.0,720.0,0.0,0.0,0.0,0.0,0.0,-123.0,0.0,0.0,-720.0,0.0,0.0,-3120.0,0.0,-960.0,0.0,-174.0,0.0,0.0,0.0
Forde Abbey,Cistercian,3031.7207407407395,1493.3333333333333,,,,,960.0,188.15384615384616,,,,,,,-44.0,,,-264.0,,,-216.75,-352.0,,,,,,,1539.0,3.0,,,89646.5,1.0,50.842566,-2.911506,0.0,81856.45999999996,4480.0,0.0,0.0,0.0,0.0,960.0,2446.0,0.0,0.0,0.0,0.0,0.0,0.0,-220.0,0.0,0.0,-2640.0,0.0,0.0,-1734.0,-352.0,0.0,0.0,0.0,0.0,0.0,0.0
Fordham Priory,Gilbertine,,,,,,,,,,,,,,,,,,,,,,,,,,,,,1540.0,1.0,,,9760.5,,52.3054,0.3865,1.0,0.0,0.0,0.0,0.0,0.0,0.0,0.0,0.0,0.0,0.0,0.0,0.0,0.0,0.0,0.0,0.0,0.0,0.0,0.0,0.0,0.0,0.0,0.0,0.0,0.0,0.0,0.0,0.0
Fountains Abbey,Cistercian,1692.4470198675497,9080.0,,,,,,120.0,,,,,1200.0,6400.0,-389.2258064516129,,,-400.258064516129,-4860.0,,-2222.1666666666665,-44.0,,,,,,-24.0,1539.0,5.0,263367.5,-42735.0,214792.5,,54.109931,-1.581182,0.0,255559.5,18160.0,0.0,0.0,0.0,0.0,0.0,120.0,0.0,0.0,0.0,0.0,1200.0,6400.0,-12066.0,0.0,0.0,-12408.0,-4860.0,0.0,-13333.0,-44.0,0.0,0.0,0.0,0.0,0.0,-24.0
Frithelstock Priory,Augustinian,2804.1666666666665,5264.75,,,,,,529.0625,,,,,,120.0,-24.0,,-12.0,-293.3333333333333,,,-960.0,,,,-39.111111111111114,,,,1536.0,3.0,,,30508.25,,50.955,-4.188333,0.0,16825.0,15794.25,0.0,0.0,0.0,0.0,0.0,2116.25,0.0,0.0,0.0,0.0,0.0,120.0,-24.0,0.0,-12.0,-880.0,0.0,0.0,-960.0,0.0,0.0,0.0,-352.0,0.0,0.0,0.0
Furness Abbey,Cistercian,1242.5972222222222,8498.4,1750.0,,,,1440.0,1936.0,,,,,,656.0,-446.6666666666667,,,-794.6,,,-2184.1666666666665,,,,,,,,1537.0,5.0,227134.0,,,1.0,54.135859,-3.1982880000000002,0.0,178934.0,42492.0,5250.0,0.0,0.0,0.0,1440.0,1936.0,0.0,0.0,0.0,0.0,0.0,1968.0,-4020.0,0.0,0.0,-15892.0,0.0,0.0,-13105.0,0.0,0.0,0.0,0.0,0.0,0.0,0.0
Glastonbury Abbey,Benedictine,6631.845959595959,4171.133333333333,4400.0,,,,352.0,448.9635416666667,,,,,1232.8214285714287,1302.7962962962963,-43.583333333333336,,,-470.61328125,-17500.0,,-387.90909090909093,-849.0,-1200.0,-8000.0,-130.0,,,,1539.0,3.0,842080.75,-47352.0,794248.75,,51.146677,-2.715335,0.0,656552.75,62567.0,4400.0,0.0,0.0,0.0,5280.0,21550.25,0.0,0.0,0.0,0.0,17259.5,70351.0,-523.0,0.0,0.0,-30119.25,-35000.0,0.0,-4267.0,-849.0,-1200.0,-8000.0,-520.0,0.0,0.0,0.0
Hampole Priory,Cistercian,360.7,1213.7142857142858,560.0,,,,,12.0,,,,,160.0,137.33333333333334,-24.875,,,-293.3333333333333,,,-702.6666666666666,,,,,,,,1539.0,5.0,20483.0,-5295.0,15188.0,,53.58767,-1.237362,0.0,10821.0,8496.0,560.0,0.0,0.0,0.0,0.0,12.0,0.0,0.0,0.0,0.0,160.0,412.0,-199.0,0.0,0.0,-880.0,0.0,0.0,-4216.0,0.0,0.0,0.0,0.0,0.0,0.0,0.0
Harrold Priory,Augustinian,177.66666666666666,2400.0,,,,,,160.0,,,,,400.0,2640.0,-18.666666666666668,,,-373.3333333333333,-144.0,,,,,,-180.0,,,,1536.0,2.0,11318.0,-1500.0,9818.0,,52.19945,-0.60547,0.0,3198.0,4800.0,0.0,0.0,0.0,0.0,0.0,160.0,0.0,0.0,0.0,0.0,400.0,2640.0,-56.0,0.0,0.0,-1120.0,-144.0,0.0,0.0,0.0,0.0,0.0,-180.0,0.0,0.0,0.0
Hartland Abbey,Augustinian,3557.15625,4113.333333333333,,,,,210.66666666666666,1535.0,,,,864.0,,2880.0,-101.5,,,-470.0,,,-360.0,,,,-45.75,,,,1539.0,3.0,,,73642.0,,50.996667,-4.508611,0.0,28457.25,37020.0,0.0,0.0,0.0,0.0,632.0,4605.0,0.0,0.0,0.0,864.0,0.0,2880.0,-406.0,0.0,0.0,-2820.0,0.0,0.0,-360.0,0.0,0.0,0.0,-366.0,0.0,0.0,0.0
Henwood Priory,Benedictine,244.5,,,,,,,,,,,,,,-31.0,,,-240.0,-48.0,,,,,,,,,,1536.0,4.0,5623.5,-559.0,5064.5,,52.405724,-1.729754,0.0,5623.5,0.0,0.0,0.0,0.0,0.0,0.0,0.0,0.0,0.0,0.0,0.0,0.0,0.0,-31.0,0.0,0.0,-480.0,-48.0,0.0,0.0,0.0,0.0,0.0,0.0,0.0,0.0,0.0
Hexham Priory,Augustinian,,,,,,,,,,,,,,,,,,,,,,,,,,,,,1537.0,5.0,,,29413.0,,54.971541,-2.102745,1.0,0.0,0.0,0.0,0.0,0.0,0.0,0.0,0.0,0.0,0.0,0.0,0.0,0.0,0.0,0.0,0.0,0.0,0.0,0.0,0.0,0.0,0.0,0.0,0.0,0.0,0.0,0.0,0.0
Heynings Priory,Cistercian,1680.0,3680.0,,,,,,,,,,,,,-54.666666666666664,,,-240.0,,,-224.0,,,,-90.0,,,,1539.0,4.0,14080.0,-2258.0,11810.0,,53.357499999999995,-0.7296299999999999,0.0,6720.0,7360.0,0.0,0.0,0.0,0.0,0.0,0.0,0.0,0.0,0.0,0.0,0.0,0.0,-328.0,0.0,0.0,-720.0,0.0,0.0,-1120.0,0.0,0.0,0.0,-90.0,0.0,0.0,0.0
Hickling Priory,Augustinian,1771.6363636363637,1704.0,,,,,,590.75,,,,,175.375,,-470.8888888888889,,,-205.0,,,-332.0,,,,,,,,1536.0,1.0,32425.75,-8202.0,24223.75,,52.76689999999999,1.5829999999999997,0.0,19488.0,10224.0,0.0,0.0,0.0,0.0,0.0,2363.0,0.0,0.0,0.0,0.0,350.75,0.0,-4238.0,0.0,0.0,-1640.0,0.0,0.0,-2324.0,0.0,0.0,0.0,0.0,0.0,0.0,0.0
Hinton Priory,Carthusian,2009.3076923076924,,840.0,,,,,266.6666666666667,,,,,800.0,1194.0,-363.3333333333333,,,-310.0,,,-547.0,,,,,,,-140.0,1539.0,3.0,63024.0,-3274.0,59750.0,,51.3313,-2.3199,0.0,52242.0,0.0,840.0,0.0,0.0,0.0,0.0,1600.0,0.0,0.0,0.0,0.0,800.0,9552.0,-1090.0,0.0,0.0,-1550.0,0.0,0.0,-2735.0,0.0,0.0,0.0,0.0,0.0,0.0,-140.0
Hitchin Priory,Gilbertine,,,,,,,,,,,,,,,,,,,,,,,,,,,,,1538.0,2.0,,,3312.0,,51.946926,-0.276495,1.0,0.0,0.0,0.0,0.0,0.0,0.0,0.0,0.0,0.0,0.0,0.0,0.0,0.0,0.0,0.0,0.0,0.0,0.0,0.0,0.0,0.0,0.0,0.0,0.0,0.0,0.0,0.0,0.0
"Holy Trinity Priory, Aldgate",Augustinian,,,,,,,,,,,,,,,,,,,,,,,,,,,,,1532.0,2.0,,,85362.0,,51.513646,-0.078074,1.0,0.0,0.0,0.0,0.0,0.0,0.0,0.0,0.0,0.0,0.0,0.0,0.0,0.0,0.0,0.0,0.0,0.0,0.0,0.0,0.0,0.0,0.0,0.0,0.0,0.0,0.0,0.0,0.0
"Holy Trinity Priory, Ipswich",Augustinian,625.9459459459459,1096.0,,,,,,,,,,,,,-116.27027027027027,,,-352.0,-432.0,,,,,,-504.5,,,-50.0,1537.0,1.0,,,21201.0,,52.060559999999995,1.15814,0.0,23160.0,5480.0,0.0,0.0,0.0,0.0,0.0,0.0,0.0,0.0,0.0,0.0,0.0,0.0,-4302.0,0.0,0.0,-1760.0,-432.0,0.0,0.0,0.0,0.0,0.0,-1009.0,0.0,0.0,-50.0
Hornby Priory,Premonstratensian,658.05,,,,,,,240.0,,,,,,,,,,,,,,,,,,,,,1538.0,5.0,,,,,54.115407,-2.648124,0.0,6580.5,0.0,0.0,0.0,0.0,0.0,0.0,240.0,0.0,0.0,0.0,0.0,0.0,0.0,0.0,0.0,0.0,0.0,0.0,0.0,0.0,0.0,0.0,0.0,0.0,0.0,0.0,0.0
Horton Priory,Benedictine,,,,,,,,,,,,,,,,,,,,,,,,,,,,,1539.0,3.0,,,12720.0,1.0,50.866545,-1.958522,1.0,0.0,0.0,0.0,0.0,0.0,0.0,0.0,0.0,0.0,0.0,0.0,0.0,0.0,0.0,0.0,0.0,0.0,0.0,0.0,0.0,0.0,0.0,0.0,0.0,0.0,0.0,0.0,0.0
Hoxne Priory,Benedictine,,,,,,,,,,,,,,,,,,,,,,,,,,,,,1538.0,1.0,,,4320.0,1.0,52.342,1.203,1.0,0.0,0.0,0.0,0.0,0.0,0.0,0.0,0.0,0.0,0.0,0.0,0.0,0.0,0.0,0.0,0.0,0.0,0.0,0.0,0.0,0.0,0.0,0.0,0.0,0.0,0.0,0.0,0.0
Humberston Abbey,Benedictine,437.35714285714283,1360.0,,,,,,,,,,,,12.0,-40.0,,,-173.33333333333334,-80.0,,-840.0,,,,-200.0,,,,1536.0,4.0,10215.0,-2520.0,7695.0,,53.53406,-0.025960000000000004,0.0,6123.0,4080.0,0.0,0.0,0.0,0.0,0.0,0.0,0.0,0.0,0.0,0.0,0.0,12.0,-40.0,0.0,0.0,-520.0,-80.0,0.0,-1680.0,0.0,0.0,0.0,-200.0,0.0,0.0,0.0
Hurley Priory,Benedictine,,,,,,,,,,,,,,,,,,,,,,,,,,,,,1536.0,2.0,,,29261.0,1.0,51.5496,-0.8097,1.0,0.0,0.0,0.0,0.0,0.0,0.0,0.0,0.0,0.0,0.0,0.0,0.0,0.0,0.0,0.0,0.0,0.0,0.0,0.0,0.0,0.0,0.0,0.0,0.0,0.0,0.0,0.0,0.0
Hyde Abbey,Benedictine,,,,,,,,,,,,,,,,,,,,,,,,,,,,,1538.0,3.0,238433.0,-30814.25,207618.75,,51.0686,-1.3143,1.0,0.0,0.0,0.0,0.0,0.0,0.0,0.0,0.0,0.0,0.0,0.0,0.0,0.0,0.0,0.0,0.0,0.0,0.0,0.0,0.0,0.0,0.0,0.0,0.0,0.0,0.0,0.0,0.0
Jarrow Priory,Benedictine,1657.3333333333333,4720.0,,,,,,,,,,,,,,,,-240.0,-160.0,,,,,,,,,,1536.0,5.0,2492.0,-400.0,9280.0,1.0,54.980375,-1.472183,0.0,4972.0,4720.0,0.0,0.0,0.0,0.0,0.0,0.0,0.0,0.0,0.0,0.0,0.0,0.0,0.0,0.0,0.0,-240.0,-160.0,0.0,0.0,0.0,0.0,0.0,0.0,0.0,0.0,0.0
Kerswell Priory,Benedictine,,,,,,,,,,,,,,,,,,,,,,,,,,,,,1538.0,3.0,,,6720.0,,50.849253,-3.316734,1.0,0.0,0.0,0.0,0.0,0.0,0.0,0.0,0.0,0.0,0.0,0.0,0.0,0.0,0.0,0.0,0.0,0.0,0.0,0.0,0.0,0.0,0.0,0.0,0.0,0.0,0.0,0.0,0.0
Keynsham Abbey,Augustinian,2593.4285714285716,2064.0,4240.0,,,,140.0,1368.0,,,,,,2257.3333333333335,-30.5,,,-392.2105263157895,-2580.0,,-140.0,,,,-199.25,,,,1539.0,3.0,108042.0,-7357.75,100684.25,,51.4172,-2.4961,0.0,90770.0,10320.0,4240.0,0.0,0.0,0.0,560.0,1368.0,0.0,0.0,0.0,0.0,0.0,6772.0,-244.0,0.0,0.0,-7452.0,-2580.0,0.0,-420.0,0.0,0.0,0.0,-597.75,0.0,0.0,0.0
Kilburn Priory Benedictines,Benedictine,1227.4545454545455,2160.0,,,,,1968.0,75.0,,,,,231.0,,-123.33333333333333,,,-206.66666666666666,,,-600.0,,,,-90.0,,,,1536.0,2.0,20735.0,-2400.0,17855.0,,51.541066,-0.198922,0.0,13502.0,2160.0,0.0,0.0,0.0,0.0,3936.0,225.0,0.0,0.0,0.0,0.0,924.0,0.0,-370.0,0.0,0.0,-620.0,0.0,0.0,-1800.0,0.0,0.0,0.0,-90.0,0.0,0.0,0.0
King's Lynn Priory Benedictines,Benedictine,,,,,,,,,,,,,,,,,,,,,,,,,,,,,1539.0,1.0,,,6000.0,1.0,52.751422,0.395442,1.0,0.0,0.0,0.0,0.0,0.0,0.0,0.0,0.0,0.0,0.0,0.0,0.0,0.0,0.0,0.0,0.0,0.0,0.0,0.0,0.0,0.0,0.0,0.0,0.0,0.0,0.0,0.0,0.0
Kingswood Abbey,Cistercian,,,,,,,,,,,,,,,,,,,,,,,,,,,,,1538.0,3.0,,,55680.0,,51.626558,-2.366789,1.0,0.0,0.0,0.0,0.0,0.0,0.0,0.0,0.0,0.0,0.0,0.0,0.0,0.0,0.0,0.0,0.0,0.0,0.0,0.0,0.0,0.0,0.0,0.0,0.0,0.0,0.0,0.0,0.0
Kirkstead Abbey,Cistercian,1155.48046875,,908.0,,,,,,,,,,,1840.0,-414.0,,,-294.4,,,-544.0,,,,-212.0,,,-304.8,1537.0,4.0,81287.75,-12616.0,92671.75,1.0,53.138463,-0.223131,0.0,73950.75,0.0,3632.0,0.0,0.0,0.0,0.0,0.0,0.0,0.0,0.0,0.0,0.0,3680.0,-4140.0,0.0,0.0,-5888.0,0.0,0.0,-1088.0,0.0,0.0,0.0,-212.0,0.0,0.0,-1524.0
Kyme Priory,Augustinian,519.2571428571429,1282.2222222222222,,,,,347.6666666666667,20.0,,,,,,,-44.375,,,-240.0,-4088.0,,-720.0,,,,-610.0,,,-40.0,1539.0,4.0,33177.0,-8933.0,24244.0,,53.032601,-0.258822,0.0,18174.0,11540.0,0.0,0.0,0.0,0.0,1043.0,20.0,0.0,0.0,0.0,0.0,0.0,0.0,-355.0,0.0,0.0,-960.0,-4088.0,0.0,-2880.0,0.0,0.0,0.0,-610.0,0.0,0.0,-40.0
Langley Abbey,Premonstratensian,1243.8235294117646,1186.0625,,,,,,48.0,,,,,,,-124.0,,,-218.66666666666666,-1539.0,,-280.0,,,,-292.75,,,,1536.0,1.0,30957.5,-5800.5,25157.5,,52.572177,1.485601,0.0,21145.0,9488.5,0.0,0.0,0.0,0.0,0.0,96.0,0.0,0.0,0.0,0.0,0.0,0.0,-868.0,0.0,0.0,-1968.0,-1539.0,0.0,-840.0,0.0,0.0,0.0,-585.5,0.0,0.0,0.0
Launceston Priory,Augustinian,2931.828125,1613.0434782608695,,,,,116.4,233.0,,,,,,6245.0,,,,-476.8888888888889,-446.5,,-532.0,,,,-189.0,,,-59.0,1538.0,3.0,,,84971.25,,50.63642500000001,-4.355307,0.0,46909.25,37100.0,0.0,0.0,0.0,0.0,1164.0,2796.0,0.0,0.0,0.0,0.0,0.0,6245.0,0.0,0.0,0.0,-4292.0,-1786.0,0.0,-2660.0,0.0,0.0,0.0,-189.0,0.0,0.0,-236.0
Launde Priory,Augustinian,1282.5833333333333,2866.7368421052633,,,,,158.85714285714286,31.0,,,,,,27120.0,-631.5,,,-390.7692307692308,-800.0,,-925.4736842105264,,,,-807.75,,,,1539.0,4.0,122597.5,-26797.75,95799.75,,52.6312,-0.8233660000000002,0.0,38477.5,54468.0,0.0,0.0,0.0,0.0,1112.0,124.0,0.0,0.0,0.0,0.0,0.0,27120.0,-2526.0,0.0,0.0,-5080.0,-800.0,0.0,-17584.0,0.0,0.0,0.0,-807.75,0.0,0.0,0.0
Lavendon Abbey,Premonstratensian,369.2586206896552,1446.2,,,,,,480.0,,,,,,3510.0,-20.970588235294116,,,-260.0,,,-291.2,,,,-463.0,,,,1536.0,2.0,21939.5,-2815.5,19064.0,,51.1695,-0.6683,0.0,10708.5,7231.0,0.0,0.0,0.0,0.0,0.0,480.0,0.0,0.0,0.0,0.0,0.0,3510.0,-356.5,0.0,0.0,-780.0,0.0,0.0,-1456.0,0.0,0.0,0.0,-463.0,0.0,0.0,0.0
Legbourne Priory,Cistercian,443.3269230769231,1423.6,,,,,,,,,,,,,-330.6666666666667,,,-246.66666666666666,,,-699.2,,,,-172.5,,,-8.0,1536.0,4.0,13841.25,-4621.0,9220.0,,53.33744,0.040035,0.0,5763.25,7118.0,0.0,0.0,0.0,0.0,0.0,0.0,0.0,0.0,0.0,0.0,0.0,0.0,-992.0,0.0,0.0,-740.0,0.0,0.0,-3496.0,0.0,0.0,0.0,-345.0,0.0,0.0,-8.0
Leicester Abbey,Augustinian,1459.546875,1429.265306122449,,,,,392.94117647058823,58.77777777777778,,,,,,9840.0,-245.57692307692307,,,-478.0,,,-1350.8,,,,-637.625,,,,1538.0,4.0,254884.75,-26471.0,228413.75,,52.648989,-1.136583,0.0,163469.25,70034.0,0.0,0.0,0.0,0.0,6680.0,1058.0,0.0,0.0,0.0,0.0,0.0,9840.0,-3192.5,0.0,0.0,-4780.0,0.0,0.0,-13508.0,0.0,0.0,0.0,-2550.5,0.0,0.0,0.0
Leiston Abbey,Premonstratensian,726.1778846153846,2520.0,560.0,,,,,800.0,,,,,,8.0625,-277.27272727272725,,,-413.3333333333333,,,-190.0,,,,-87.4,,,-80.0,1537.0,1.0,,,43645.125,,52.221447000000005,1.578016,0.0,37761.25,10080.0,560.0,0.0,0.0,0.0,0.0,800.0,0.0,0.0,0.0,0.0,0.0,16.125,-3050.0,0.0,0.0,-2480.0,0.0,0.0,-760.0,0.0,0.0,0.0,-437.0,0.0,0.0,-80.0
Leominster Priory,Benedictine,,,,,,,,,,,,,,,,,,,,,,,,,,,,,1539.0,4.0,,,107520.0,1.0,52.2293,-2.7359,1.0,0.0,0.0,0.0,0.0,0.0,0.0,0.0,0.0,0.0,0.0,0.0,0.0,0.0,0.0,0.0,0.0,0.0,0.0,0.0,0.0,0.0,0.0,0.0,0.0,0.0,0.0,0.0,0.0
Lindisfarne Priory,Benedictine,413.14285714285717,8680.0,,,,,,,,,,,,,-113.0,,,-220.0,-1720.0,,,,,,,,,,1536.0,5.0,14460.0,-2713.0,11747.0,1.0,55.66931400000001,-1.800884,0.0,5784.0,8680.0,0.0,0.0,0.0,0.0,0.0,0.0,0.0,0.0,0.0,0.0,0.0,0.0,-113.0,0.0,0.0,-880.0,-1720.0,0.0,0.0,0.0,0.0,0.0,0.0,0.0,0.0,0.0
Little Marlow Priory,Benedictine,396.625,872.3333333333334,,,,,,,,,,,,,-68.0,,,-760.0,-80.0,,-760.0,,,,-211.75,,,,1536.0,2.0,8963.0,-3399.75,5563.25,,51.5854,-0.7422,0.0,6346.0,2617.0,0.0,0.0,0.0,0.0,0.0,0.0,0.0,0.0,0.0,0.0,0.0,0.0,-68.0,0.0,0.0,-1520.0,-80.0,0.0,-1520.0,0.0,0.0,0.0,-211.75,0.0,0.0,0.0
Lytham Priory,Benedictine,1295.375,2327.0,,,,,160.0,,,,,,,,,,,-200.0,-120.0,,,,,,-36.0,,,,1535.0,5.0,12910.0,-1156.0,11754.0,1.0,53.7441,-2.9768,0.0,10363.0,2327.0,0.0,0.0,0.0,0.0,160.0,0.0,0.0,0.0,0.0,0.0,0.0,0.0,0.0,0.0,0.0,-1000.0,-120.0,0.0,0.0,0.0,0.0,0.0,-36.0,0.0,0.0,0.0
Marham Abbey,Cistercian,663.3055555555555,640.0,,,,,120.0,160.0,,,,,,3246.0,-53.5,,,-280.0,,,-1280.0,,,,,,,,1536.0,1.0,10135.75,-2054.0,8081.75,,52.659,0.5218,0.0,5969.75,640.0,0.0,0.0,0.0,0.0,120.0,160.0,0.0,0.0,0.0,0.0,0.0,3246.0,-214.0,0.0,0.0,-560.0,0.0,0.0,-1280.0,0.0,0.0,0.0,0.0,0.0,0.0,0.0
Marmont Priory,Gilbertine,518.7,600.0,,,,,,,,,,,,,-32.6,,,-80.0,,,-184.0,,,,-91.5,,,,1538.0,1.0,3193.5,-690.0,2491.0,,52.588554,0.20402,0.0,2593.5,600.0,0.0,0.0,0.0,0.0,0.0,0.0,0.0,0.0,0.0,0.0,0.0,0.0,-163.0,0.0,0.0,-80.0,0.0,0.0,-368.0,0.0,0.0,0.0,-91.5,0.0,0.0,0.0
Marton Priory,Augustinian,1290.08,3898.6666666666665,,,,,,,,,,,,,-113.0,,,-224.0,-480.0,,-1928.6666666666667,,,,,,,-48.0,1536.0,5.0,43948.0,-7648.0,36304.0,,54.11794400000001,-1.107694,0.0,32252.0,11696.0,0.0,0.0,0.0,0.0,0.0,0.0,0.0,0.0,0.0,0.0,0.0,0.0,-226.0,0.0,0.0,-1120.0,-480.0,0.0,-5786.0,0.0,0.0,0.0,0.0,0.0,0.0,-48.0
Missenden Abbey,Augustinian,1505.875,1938.1,,,,,1120.0,840.0,,,,,,320.0,-219.11111111111111,,,-586.6666666666666,-384.0,,-291.0,,,,-494.75,,,,1538.0,2.0,68589.0,-5774.75,62814.25,,51.700759,-0.702853,0.0,48188.0,19381.0,0.0,0.0,0.0,0.0,1120.0,1680.0,0.0,0.0,0.0,0.0,0.0,320.0,-1972.0,0.0,0.0,-1760.0,-384.0,0.0,-1164.0,0.0,0.0,0.0,-494.75,0.0,0.0,0.0
Modney Priory,Benedictine,,,,,,,,,,,,,,,,,,,,,,,,,,,,,1539.0,1.0,,,480.0,1.0,52.540623,0.368985,1.0,0.0,0.0,0.0,0.0,0.0,0.0,0.0,0.0,0.0,0.0,0.0,0.0,0.0,0.0,0.0,0.0,0.0,0.0,0.0,0.0,0.0,0.0,0.0,0.0,0.0,0.0,0.0,0.0
Monk Bretton Priory,Benedictine,1066.0,8083.2,320.0,,,,,,,,,,,1911.5,-65.04166666666667,,,-342.85714285714283,-38.0,,-697.2173913043479,,,,-81.6,,,,1538.0,5.0,77618.0,-20216.0,57402.0,,53.554013,-1.4383720000000002,0.0,24518.0,40416.0,640.0,0.0,0.0,0.0,0.0,0.0,0.0,0.0,0.0,0.0,0.0,3823.0,-1561.0,0.0,0.0,-2400.0,-76.0,0.0,-16036.0,0.0,0.0,0.0,-408.0,0.0,0.0,0.0
Monkton Farleigh,Benedictine,2391.46875,1170.6666666666667,,,,,257.09090909090907,57.125,,,,,,,-1399.4285714285713,,,-408.8888888888889,-640.0,,-160.0,,,,-278.0,,,,1537.0,3.0,,,36890.5,,51.388848,-2.279744,0.0,38263.5,10536.0,0.0,0.0,0.0,0.0,2828.0,457.0,0.0,0.0,0.0,0.0,0.0,0.0,-9796.0,0.0,0.0,-3680.0,-640.0,0.0,-160.0,0.0,0.0,0.0,-278.0,0.0,0.0,0.0
Moxby Priory,Benedictine,781.5555555555555,720.0,,,,,,,,,,,,,,,,-280.0,,,-640.0,,,,,,,,1536.0,5.0,7754.0,-1480.0,6274.0,,54.095015,-1.08895,0.0,7034.0,720.0,0.0,0.0,0.0,0.0,0.0,0.0,0.0,0.0,0.0,0.0,0.0,0.0,0.0,0.0,0.0,-840.0,0.0,0.0,-640.0,0.0,0.0,0.0,0.0,0.0,0.0,0.0
Mullicourt Priory,Benedictine,,,,,,,,,,,,,,,,,,,,,,,,,,,,,1539.0,1.0,,,1440.0,1.0,52.602291,0.260744,1.0,0.0,0.0,0.0,0.0,0.0,0.0,0.0,0.0,0.0,0.0,0.0,0.0,0.0,0.0,0.0,0.0,0.0,0.0,0.0,0.0,0.0,0.0,0.0,0.0,0.0,0.0,0.0,0.0
Neasham Priory,Benedictine,337.7368421052632,,,,,,,,,,,,,,-273.0,,,-280.0,,,,,,,,,,,1540.0,5.0,6357.0,-1346.0,5011.0,,54.459642,-1.465424,0.0,6417.0,0.0,0.0,0.0,0.0,0.0,0.0,0.0,0.0,0.0,0.0,0.0,0.0,0.0,-546.0,0.0,0.0,-560.0,0.0,0.0,0.0,0.0,0.0,0.0,0.0,0.0,0.0,0.0
Newenham Abbey,Cistercian,5100.888888888889,3200.0,,,,,,1473.3333333333333,,,,902.0,,,-162.66666666666666,,,-286.25,,,-160.0,,,,,,,,1539.0,3.0,,,54572.0,1.0,50.771522,-3.012819,0.0,45908.0,6400.0,0.0,0.0,0.0,0.0,0.0,4420.0,0.0,0.0,0.0,902.0,0.0,0.0,-488.0,0.0,0.0,-2290.0,0.0,0.0,-160.0,0.0,0.0,0.0,0.0,0.0,0.0,0.0
Newminster Abbey,Cistercian,,,,,,,,,,,,,,,,,,,,,,,,,,,,,1537.0,5.0,,,24107.0,1.0,55.167244,-1.701037,1.0,0.0,0.0,0.0,0.0,0.0,0.0,0.0,0.0,0.0,0.0,0.0,0.0,0.0,0.0,0.0,0.0,0.0,0.0,0.0,0.0,0.0,0.0,0.0,0.0,0.0,0.0,0.0,0.0
"Newstead Priory, Nottinghamshire",Augustinian,1589.9166666666667,2544.0,480.0,,,,,75.33333333333333,,,,,,2400.0,-40.0,,,-210.0,-960.0,,-411.75,,,,-49.333333333333336,,,-74.0,1539.0,4.0,52784.0,,40283.0,,53.078390999999996,-1.192769,0.0,38158.0,12720.0,480.0,0.0,0.0,0.0,0.0,226.0,0.0,0.0,0.0,0.0,0.0,2400.0,-40.0,0.0,0.0,-2520.0,-960.0,0.0,-8235.0,0.0,0.0,0.0,-148.0,0.0,0.0,-518.0
Newstead-on-Ancholme Priory,Gilbertine,750.6666666666666,1920.0,,,,,,12.0,,,,,,,-133.5,,,-200.0,-536.0,,-228.0,,,,,,,,1538.0,4.0,10940.0,-1659.0,9281.0,,53.5271,-0.49350999999999995,0.0,9008.0,1920.0,0.0,0.0,0.0,0.0,0.0,12.0,0.0,0.0,0.0,0.0,0.0,0.0,-267.0,0.0,0.0,-400.0,-536.0,0.0,-456.0,0.0,0.0,0.0,0.0,0.0,0.0,0.0
Norman's Burrow,Benedictine,,,,,,,,,,,,,,,,,,,,,,,,,,,,,1537.0,1.0,,,1440.0,1.0,52.780502,0.800833,1.0,0.0,0.0,0.0,0.0,0.0,0.0,0.0,0.0,0.0,0.0,0.0,0.0,0.0,0.0,0.0,0.0,0.0,0.0,0.0,0.0,0.0,0.0,0.0,0.0,0.0,0.0,0.0,0.0
North Ferriby Priory,Augustinian,670.68,4400.0,,,,,,,,,,,,1724.0,-33.3125,,,-373.3333333333333,-283.5,,-1026.6666666666667,,,,-144.0,,,,1536.0,5.0,22939.0,-8525.0,14414.0,,53.718336,-0.50587,0.0,16767.0,4400.0,0.0,0.0,0.0,0.0,0.0,0.0,0.0,0.0,0.0,0.0,0.0,1724.0,-533.0,0.0,0.0,-1120.0,-567.0,0.0,-6160.0,0.0,0.0,0.0,-144.0,0.0,0.0,0.0
Norton Priory,Augustinian,1070.3076923076924,1536.8,,,,,24.0,,,,,,,4953.0,-55.875,,,-456.6666666666667,-6960.0,,-737.6666666666666,,,,,,,-1680.0,1536.0,4.0,62060.0,-18769.5,43290.5,,53.3423,-2.6799,0.0,27828.0,15368.0,0.0,0.0,0.0,0.0,24.0,0.0,0.0,0.0,0.0,0.0,0.0,19812.0,-223.5,0.0,0.0,-5480.0,-6960.0,0.0,-4426.0,0.0,0.0,0.0,0.0,0.0,0.0,-1680.0
Norwich Cathedral,Benedictine,1971.9342105263158,1192.9583333333333,,,1095.0,,157.11111111111111,233.13888888888889,,,,,800.0,7452.0,-107.33695652173913,,,-373.5135135135135,-10724.5,,-451.15,,,,-163.0,,,,1538.0,1.0,254811.5,-44876.75,209934.75,,52.631865,1.301247,0.0,149867.0,85893.0,0.0,0.0,1095.0,0.0,5656.0,4196.5,0.0,0.0,0.0,0.0,800.0,7452.0,-4937.5,0.0,0.0,-13820.0,-21449.0,0.0,-4511.5,0.0,0.0,0.0,-326.0,0.0,0.0,0.0
Nunburnholme Priory,Benedictine,176.07692307692307,,,,,,,,,,,,,166.0,-16.0,,,,,,-320.0,,,,,,,-480.0,1536.0,5.0,2439.0,-816.0,2103.0,,53.924727,-0.703957,0.0,2289.0,0.0,0.0,0.0,0.0,0.0,0.0,0.0,0.0,0.0,0.0,0.0,0.0,166.0,-16.0,0.0,0.0,0.0,0.0,0.0,-320.0,0.0,0.0,0.0,0.0,0.0,0.0,-480.0
Nunkeeling Priory,Benedictine,541.9565217391304,1028.0,,,,,,,,,,,,,-331.0,,,-430.0,-240.0,,-50.0,,,,-48.0,,,-520.0,1540.0,5.0,12206.0,-3621.0,8585.0,,53.934837,-0.256709,0.0,12465.0,1028.0,0.0,0.0,0.0,0.0,0.0,0.0,0.0,0.0,0.0,0.0,0.0,0.0,-993.0,0.0,0.0,-1720.0,-240.0,0.0,-100.0,0.0,0.0,0.0,-48.0,0.0,0.0,-520.0
Nunnaminster,Benedictine,,,,,,,,,,,,,,,,,,,,,,,,,,,,,1539.0,3.0,59006.5,-15960.5,43046.0,,51.06065900000001,-1.310624,1.0,0.0,0.0,0.0,0.0,0.0,0.0,0.0,0.0,0.0,0.0,0.0,0.0,0.0,0.0,0.0,0.0,0.0,0.0,0.0,0.0,0.0,0.0,0.0,0.0,0.0,0.0,0.0,0.0
Old Buckenham Priory,Augustinian,4033.75,1526.6,,,,,,82.66666666666667,,,,,,3330.1666666666665,-27.954545454545453,,,-293.3333333333333,-3015.0,,-266.6666666666667,,,,-263.75,,,,1536.0,1.0,31572.25,-5530.0,26042.25,,52.4911,1.0497,0.0,12101.25,7633.0,0.0,0.0,0.0,0.0,0.0,248.0,0.0,0.0,0.0,0.0,0.0,9990.5,-307.5,0.0,0.0,-880.0,-3015.0,0.0,-800.0,0.0,0.0,0.0,-527.5,0.0,0.0,0.0
Pentney Priory,Augustinian,1614.1477272727273,1192.6923076923076,480.0,,,,,17.6,,,,,240.0,,-104.95833333333333,,,-373.3333333333333,,,-552.8571428571429,,,,-266.5,,,,1537.0,1.0,51824.25,-10967.0,40857.25,,52.680372,0.514717,0.0,35511.25,15505.0,480.0,0.0,0.0,0.0,0.0,88.0,0.0,0.0,0.0,0.0,240.0,0.0,-1259.5,0.0,0.0,-1120.0,0.0,0.0,-7740.0,0.0,0.0,0.0,-799.5,0.0,0.0,0.0
Peterborough,Benedictine,5931.7338709677415,4063.9333333333334,1112.0,,,,,236.07575757575756,,,,,1124.5714285714287,476.0,-175.95,,,-541.1428571428571,-3448.0,,-1450.0,,-1280.0,,-197.5,,,-1157.6,1539.0,4.0,475049.75,-61841.0,403100.0,,52.572581,-0.239484,0.0,367767.5,60959.0,11120.0,0.0,0.0,0.0,0.0,7790.5,0.0,0.0,0.0,0.0,15744.0,1428.0,-3519.0,0.0,0.0,-34092.0,-13792.0,0.0,-11600.0,0.0,-1280.0,0.0,-790.0,0.0,0.0,-5788.0
Quarr Abbey,Cistercian,,,,,,,,,,,,,,,,,,,,,,,,,,,,,1536.0,3.0,44182.0,-11975.0,32207.0,1.0,50.73102600000001,-1.199889,1.0,0.0,0.0,0.0,0.0,0.0,0.0,0.0,0.0,0.0,0.0,0.0,0.0,0.0,0.0,0.0,0.0,0.0,0.0,0.0,0.0,0.0,0.0,0.0,0.0,0.0,0.0,0.0,0.0
Ramsey Abbey,Benedictine,5430.237341772152,1157.090909090909,,,,,412.0,7866.0,,,,,,520.0,-1046.0,,,-378.3863636363636,-1354.78125,,,,-1328.0,,-1686.0,,,-208.7,1537.0,1.0,476103.25,-64356.25,411747.0,,52.448333,-0.100833,0.0,428988.75,12728.0,0.0,0.0,0.0,0.0,9064.0,7866.0,0.0,0.0,0.0,0.0,0.0,520.0,-16736.0,0.0,0.0,-33298.0,-10838.25,0.0,0.0,0.0,-1328.0,0.0,-1686.0,0.0,0.0,-2087.0
Ranton Abbey,Augustinian,392.3235294117647,5529.0,220.0,,,,,,,,,,,,-38.22222222222222,,,-260.0,,,-733.333333,,,,-128.0,,,,1537.0,4.0,,,21634.666666,1.0,52.81576,-2.24149,0.0,13339.0,11058.0,220.0,0.0,0.0,0.0,0.0,0.0,0.0,0.0,0.0,0.0,0.0,0.0,-344.0,0.0,0.0,-1040.0,0.0,0.0,-1466.666666,0.0,0.0,0.0,-128.0,0.0,0.0,0.0
Redlingfield Priory,Benedictine,565.051724137931,755.0,,,,,,32.5,,,,,,,-19.35,,,-480.0,-2160.0,,-60.0,,,,-15.0,,,,1537.0,1.0,19469.5,-3388.0,16081.5,,52.290656,1.204414,0.0,16386.5,3020.0,0.0,0.0,0.0,0.0,0.0,65.0,0.0,0.0,0.0,0.0,0.0,0.0,-193.5,0.0,0.0,-960.0,-2160.0,0.0,-60.0,0.0,0.0,0.0,-15.0,0.0,0.0,0.0
Reigate Priory,Augustinian,926.96875,4080.0,640.0,,,,,,,,,,,,-50.708333333333336,,,-281.3333333333333,,,-200.0,,,,-240.0,,,,1536.0,2.0,,,16519.0,,51.235427,-0.206452,0.0,14831.5,4080.0,640.0,0.0,0.0,0.0,0.0,0.0,0.0,0.0,0.0,0.0,0.0,0.0,-608.5,0.0,0.0,-844.0,0.0,0.0,-400.0,0.0,0.0,0.0,-240.0,0.0,0.0,0.0
Ribstone Preceptory,Augustinian,3573.9285714285716,3840.0,,,,,,,,,,,,,,,,-1097.142857142857,,,-1600.0,,,,,,,,1540.0,5.0,53875.0,,,,53.97861700000001,-1.404051,0.0,50035.0,3840.0,0.0,0.0,0.0,0.0,0.0,0.0,0.0,0.0,0.0,0.0,0.0,0.0,0.0,0.0,0.0,-7680.0,0.0,0.0,-1600.0,0.0,0.0,0.0,0.0,0.0,0.0,0.0
Rocester Abbey,Augustinian,1038.2,1867.6666666666667,,,,,,,,,,,,,-120.33333333333333,,,-320.0,-448.0,,-413.3333333333333,,,,-147.5,,,,1538.0,4.0,26779.0,-2744.5,24034.5,,52.951243,-1.835296,0.0,15573.0,11206.0,0.0,0.0,0.0,0.0,0.0,0.0,0.0,0.0,0.0,0.0,0.0,0.0,-361.0,0.0,0.0,-640.0,-448.0,0.0,-1240.0,0.0,0.0,0.0,-295.0,0.0,0.0,0.0
Romsey Abbey,Benedictine,,,,,,,,,,,,,,,,,,,,,,,,,,,,,1539.0,3.0,126826.5,-32376.0,94450.5,,50.98968,-1.50125,1.0,0.0,0.0,0.0,0.0,0.0,0.0,0.0,0.0,0.0,0.0,0.0,0.0,0.0,0.0,0.0,0.0,0.0,0.0,0.0,0.0,0.0,0.0,0.0,0.0,0.0,0.0,0.0,0.0
Rothwell Priory,Augustinian,,2524.0,,,,,,,,,,,,,,,,,,,-320.0,,,,-127.5,,,,1537.0,4.0,2524.0,-1087.5,1436.5,,52.424558,-0.805835,0.0,0.0,2524.0,0.0,0.0,0.0,0.0,0.0,0.0,0.0,0.0,0.0,0.0,0.0,0.0,0.0,0.0,0.0,0.0,0.0,0.0,-960.0,0.0,0.0,0.0,-127.5,0.0,0.0,0.0
Shelford Priory,Augustinian,890.0,1699.4285714285713,,,,,134.85714285714286,,,,,,,3202.6666666666665,-131.7,,,-201.0,-560.0,,-489.09090909090907,,,,-64.0,,,-81.85714285714286,1536.0,4.0,36409.0,,27985.0,,52.98306,-0.9993999999999998,0.0,13350.0,11896.0,0.0,0.0,0.0,0.0,944.0,0.0,0.0,0.0,0.0,0.0,0.0,9608.0,-658.5,0.0,0.0,-804.0,-560.0,0.0,-5380.0,0.0,0.0,0.0,-576.0,0.0,0.0,-573.0
Sherborne Abbey,Benedictine,1692.8173076923076,1736.1818181818182,,,1006.5,,372.8,1709.642857142857,,,,,111.5,157.5,-65.91304347826087,,,-325.11538461538464,-256.0,,-380.8,,-1200.0,-936.0,-88.375,,,-240.0,1539.0,3.0,,,163855.75,,50.946667,-2.516667,0.0,132039.75,19098.0,0.0,0.0,2013.0,0.0,1864.0,23935.0,0.0,0.0,0.0,0.0,334.5,157.5,-1516.0,0.0,0.0,-8453.0,-1280.0,0.0,-1904.0,0.0,-1200.0,-936.0,-176.75,0.0,0.0,-240.0
Shingay Preceptory,Augustinian,,,,,,,,,,,,,,,,,,,,,,,,,,,,,1539.0,1.0,,,42054.0,,52.10839,-0.088513,1.0,0.0,0.0,0.0,0.0,0.0,0.0,0.0,0.0,0.0,0.0,0.0,0.0,0.0,0.0,0.0,0.0,0.0,0.0,0.0,0.0,0.0,0.0,0.0,0.0,0.0,0.0,0.0,0.0
Shrewsbury Abbey,Benedictine,2922.9411764705883,1290.0571428571554,,,,,214.15384615384616,240.0,,,,,,96.0,-62.875,,,-512.5,-884.0,,-803.0769230769231,,-1320.0,,-366.0,,,,1540.0,4.0,147651.5,-23513.5,127738.0,,52.707607,-2.743916,0.0,99380.0,45152.00000000044,0.0,0.0,0.0,0.0,2784.0,240.0,0.0,0.0,0.0,0.0,0.0,96.0,-251.5,0.0,0.0,-8200.0,-884.0,0.0,-10440.0,0.0,-2640.0,0.0,-1098.0,0.0,0.0,0.0
Skewkirk,Augustinian,1920.0,,,,,,,,,,,,,,,,,,,,,,,,,,,,1540.0,5.0,1920.0,0.0,1920.0,,53.981178,-1.281785,0.0,1920.0,0.0,0.0,0.0,0.0,0.0,0.0,0.0,0.0,0.0,0.0,0.0,0.0,0.0,0.0,0.0,0.0,0.0,0.0,0.0,0.0,0.0,0.0,0.0,0.0,0.0,0.0,0.0
Southwark Cathedral Priory,Augustinian,5139.642857142857,3651.076923076923,,,,,,,,,,,328.8,,-126.95833333333333,,,-980.0,,,-608.6666666666666,,,,-501.0,,,-216.0,1539.0,2.0,157560.5,-7722.5,149838.0,,51.506118,-0.08966,0.0,107932.5,47464.0,0.0,0.0,0.0,0.0,0.0,0.0,0.0,0.0,0.0,0.0,1644.0,0.0,-1523.5,0.0,0.0,-3920.0,0.0,0.0,-1826.0,0.0,0.0,0.0,-501.0,0.0,0.0,-432.0
Spinney Priory,Benedictine,,,,,,,,,,,,,,,,,,,,,,,,,,,,,1539.0,1.0,,,7200.0,1.0,52.322181,0.279701,1.0,0.0,0.0,0.0,0.0,0.0,0.0,0.0,0.0,0.0,0.0,0.0,0.0,0.0,0.0,0.0,0.0,0.0,0.0,0.0,0.0,0.0,0.0,0.0,0.0,0.0,0.0,0.0,0.0
St Albans Abbey,Benedictine,,,,,,,,,,,,,,,,,,,,,,,,,,,,,1539.0,2.0,,,504565.75,,51.750453,-0.342246,1.0,0.0,0.0,0.0,0.0,0.0,0.0,0.0,0.0,0.0,0.0,0.0,0.0,0.0,0.0,0.0,0.0,0.0,0.0,0.0,0.0,0.0,0.0,0.0,0.0,0.0,0.0,0.0,0.0
St Augustine's Abbey,Benedictine,7025.5058139534885,,1700.0,,,,479.5,776.0,,,,,230.66666666666666,5972.79347826087,-940.0227272727273,,,-705.304347826087,-754.0,-790.6666666666666,-689.0,,,,,,,-882.01,1538.0,2.0,371738.75,-33417.5,339179.75,,51.2782,1.087644,0.0,302096.75,0.0,6800.0,0.0,0.0,0.0,3836.0,776.0,0.0,0.0,0.0,0.0,692.0,137374.25,-10340.25,0.0,0.0,-16222.0,-754.0,-4744.0,-14469.0,0.0,0.0,0.0,0.0,0.0,0.0,-22050.25
St Bees Priory,Benedictine,444.25,16860.0,,,,,,,,,,,,,,,,-185.0,,,,,,,,,,,1539.0,5.0,35994.0,-1480.0,34514.0,1.0,54.493949,-3.593528,0.0,10662.0,16860.0,0.0,0.0,0.0,0.0,0.0,0.0,0.0,0.0,0.0,0.0,0.0,0.0,0.0,0.0,0.0,-1480.0,0.0,0.0,0.0,0.0,0.0,0.0,0.0,0.0,0.0,0.0
St Benet's Abbey,Benedictine,2120.699519230769,1293.075,,,,,227.84615384615384,839.1363636363636,,,,,2632.0,292.3333333333333,-165.06521739130434,,,-345.45454545454544,-1424.0,,-784.1666666666666,,-880.0,,-156.75,,,-133.0,1539.0,1.0,162608.125,-22483.5,140124.625,,52.68639999999999,1.5247,0.0,110276.375,25861.5,0.0,0.0,0.0,0.0,2962.0,18461.0,0.0,0.0,0.0,0.0,2632.0,877.0,-3796.5,0.0,0.0,-7600.0,-1424.0,0.0,-7057.5,0.0,-1760.0,0.0,-313.5,0.0,0.0,-532.0
"St Edmund's Priory, Cambridge",Gilbertine,,,,,,,,,,,,,,,,,,,,,,,,,,,,,1539.0,1.0,,,3584.5,,52.175011,0.138846,1.0,0.0,0.0,0.0,0.0,0.0,0.0,0.0,0.0,0.0,0.0,0.0,0.0,0.0,0.0,0.0,0.0,0.0,0.0,0.0,0.0,0.0,0.0,0.0,0.0,0.0,0.0,0.0,0.0
"St George's Priory, Thetford Nunnery",Benedictine,330.3478260869565,271.0,,,,,3320.0,10.5,,,,,,364.0,-38.92857142857143,,,-272.0,,,-1280.0,-13.0,,,,,,,1537.0,1.0,,,9734.5,,52.40592699999999,0.7521989999999998,0.0,7598.0,813.0,0.0,0.0,0.0,0.0,3320.0,21.0,0.0,0.0,0.0,0.0,0.0,364.0,-272.5,0.0,0.0,-816.0,0.0,0.0,-1280.0,-13.0,0.0,0.0,0.0,0.0,0.0,0.0
"St Helen's Priory, Bishopsgate",Benedictine,9697.333333333334,2640.0,,,,,,,,,,,60.0,,-122.8076923076923,,,-994.6666666666666,-280.0,,-1188.5714285714287,,,,-128.0,,,-17.0,1538.0,2.0,90312.0,-13323.5,76988.5,,51.514769,-0.082363,0.0,87276.0,2640.0,0.0,0.0,0.0,0.0,0.0,0.0,0.0,0.0,0.0,0.0,60.0,0.0,-1596.5,0.0,0.0,-2984.0,-280.0,0.0,-8320.0,0.0,0.0,0.0,-128.0,0.0,0.0,-17.0
"St Martin's Priory, Richmond",Benedictine,198.28571428571428,50.0,160.0,,,,306.5,,,,,,,,,,,-320.0,-252.0,,-72.0,,,,,,,,1539.0,5.0,11472.0,-964.0,10520.0,1.0,54.401826,-1.728652,0.0,2776.0,50.0,160.0,0.0,0.0,0.0,6130.0,0.0,0.0,0.0,0.0,0.0,0.0,0.0,0.0,0.0,0.0,-640.0,-252.0,0.0,-72.0,0.0,0.0,0.0,0.0,0.0,0.0,0.0
St Mary Graces,Cistercian,6709.925,1489.3333333333333,4810.0,,,,800.0,,,,,,336.0,,-255.9,,,-684.0,-840.0,,-683.6,,-480.0,,,,,-210.0,1538.0,2.0,144622.5,-13336.0,131286.5,1.0,51.509297,-0.072055,0.0,134198.5,4468.0,4810.0,0.0,0.0,0.0,800.0,0.0,0.0,0.0,0.0,0.0,336.0,0.0,-5118.0,0.0,0.0,-3420.0,-840.0,0.0,-3418.0,0.0,-480.0,0.0,0.0,0.0,0.0,-420.0
St Mary Magdalene's Priory,Benedictine,733.6666666666666,,,,,,192.375,,,,,,,,-100.0,,,-280.0,,,,,,,,,,,1539.0,4.0,6255.0,-660.0,5595.0,1.0,53.229954,-0.519876,0.0,4402.0,0.0,0.0,0.0,0.0,0.0,1539.0,0.0,0.0,0.0,0.0,0.0,0.0,0.0,-100.0,0.0,0.0,-560.0,0.0,0.0,0.0,0.0,0.0,0.0,0.0,0.0,0.0,0.0
"St Mary's Abbey, York",Benedictine,751.2454545454545,2324.815789473684,365.0,,,15509.0,927.8461538461538,138.0,,,,,,1478.0,-53.2,,,-810.6274509803922,-6451.625,-64.0,-8000.0,,-1842.0,,,,,-1200.0,1539.0,5.0,501895.0,-105811.0,396084.0,,53.961389,-1.088056,0.0,123955.5,88343.0,1460.0,0.0,0.0,15509.0,24124.0,276.0,0.0,0.0,0.0,0.0,0.0,1478.0,-532.0,0.0,0.0,-41342.0,-51613.0,-64.0,-8000.0,0.0,-7368.0,0.0,0.0,0.0,0.0,-1200.0
"St Mary's Priory, Thetford Priory",Benedictine,2686.7413793103447,1379.7142857142858,,,,,154.28571428571428,12.0,,,,,,3570.0,-435.16129032258067,,,-381.5,-2040.0,,-388.46153846153845,-13.625,-1095.0,,-104.0,,,-7.0,1540.0,1.0,,,75052.5,,52.4165,0.742382,0.0,77915.5,9658.0,0.0,0.0,0.0,0.0,2160.0,12.0,0.0,0.0,0.0,0.0,0.0,10710.0,-13490.0,0.0,0.0,-3052.0,-2040.0,0.0,-5050.0,-109.0,-1095.0,0.0,-208.0,0.0,0.0,-7.0
St Radegund's Abbey,Premonstratensian,752.28125,386.6666666666667,,,,,86.0,120.0,,,,,,1684.0,-173.41304347826087,,,-448.0,-264.0,,-392.0,,,,,,,-354.0,1536.0,2.0,34185.0,-10542.5,23630.5,,51.13184499999999,1.250762,0.0,24073.0,1160.0,0.0,0.0,0.0,0.0,172.0,120.0,0.0,0.0,0.0,0.0,0.0,8420.0,-3988.5,0.0,0.0,-2240.0,-264.0,0.0,-3136.0,0.0,0.0,0.0,0.0,0.0,0.0,-354.0
St Werburgh's Abbey,Benedictine,2563.4596774193546,3989.2,,,,,3179.0,,,,,1693.0,,8613.333333333334,-632.1,,,-465.0,,,-545.7142857142857,,,,,,,-84.0,1538.0,4.0,257731.5,-7192.0,240791.0,,53.19188199999999,-2.890539,0.0,158934.5,19946.0,0.0,0.0,0.0,0.0,3179.0,0.0,0.0,0.0,0.0,1693.0,0.0,25840.0,-3160.5,0.0,0.0,-7440.0,0.0,0.0,-3820.0,0.0,0.0,0.0,0.0,0.0,0.0,-84.0
St. Denys Priory,Augustinian,,,,,,,,,,,,,,,,,,,,,,,,,,,,,1536.0,3.0,21948.0,-2610.0,19338.0,,50.92516,-1.38085,1.0,0.0,0.0,0.0,0.0,0.0,0.0,0.0,0.0,0.0,0.0,0.0,0.0,0.0,0.0,0.0,0.0,0.0,0.0,0.0,0.0,0.0,0.0,0.0,0.0,0.0,0.0,0.0,0.0
Stixwould Priory Benedictines,Benedictine,,,,,,,,,,,,,,,,,,,,,,,,,,,,,1537.0,4.0,,,36480.0,,53.178692,-0.247281,1.0,0.0,0.0,0.0,0.0,0.0,0.0,0.0,0.0,0.0,0.0,0.0,0.0,0.0,0.0,0.0,0.0,0.0,0.0,0.0,0.0,0.0,0.0,0.0,0.0,0.0,0.0,0.0,0.0
Stixwould Priory Cistercians,Cistercian,1476.8809523809523,1313.3333333333333,,,,,240.0,,,,,,,,-80.0,,,-323.0769230769231,-377.3333333333333,,-664.5714285714286,,,,-184.0,,,-120.0,1536.0,4.0,39134.5,-11712.0,27422.5,,53.178692,-0.247281,0.0,31014.5,7880.0,0.0,0.0,0.0,0.0,240.0,0.0,0.0,0.0,0.0,0.0,0.0,0.0,-80.0,0.0,0.0,-4200.0,-1132.0,0.0,-4652.0,0.0,0.0,0.0,-736.0,0.0,0.0,-240.0
Stonely Priory,Augustinian,456.55263157894734,5841.0,192.0,,,,,,,,,,,,-805.0,,,-386.6666666666667,,,-400.0,,,,-186.0,,,-226.0,1536.0,1.0,15027.5,-3982.0,11045.5,,52.295,-0.368,0.0,8674.5,5841.0,192.0,0.0,0.0,0.0,0.0,0.0,0.0,0.0,0.0,0.0,0.0,0.0,-1610.0,0.0,0.0,-1160.0,0.0,0.0,-800.0,0.0,0.0,0.0,-186.0,0.0,0.0,-226.0
"Studley Priory, Oxfordshire",Benedictine,675.3333333333334,237.6818181818182,80.0,,,,80.0,120.0,,,,,,762.25,-74.33333333333333,,,-209.77777777777777,,,-473.0,,,,-127.75,,,,1539.0,2.0,24559.0,-4826.75,19732.25,,51.805448,-1.13464,0.0,20260.0,2614.5,80.0,0.0,0.0,0.0,80.0,240.0,0.0,0.0,0.0,0.0,0.0,1524.5,-446.0,0.0,0.0,-1888.0,0.0,0.0,-2365.0,0.0,0.0,0.0,-127.75,0.0,0.0,0.0
Swineshead Abbey,Cistercian,1376.44,1832.75,480.0,,,,,,,,,,,3632.75,-94.16666666666667,,,-194.28571428571428,,,-320.0,,,,,,,-12.0,1536.0,4.0,41038.0,1974.5,40263.5,1.0,52.947804,-0.141782,0.0,34411.0,3665.5,480.0,0.0,0.0,0.0,0.0,0.0,0.0,0.0,0.0,0.0,0.0,7265.5,-282.5,0.0,0.0,-1360.0,0.0,0.0,-320.0,0.0,0.0,0.0,0.0,0.0,0.0,-12.0
"The Charterhouse, Coventry",Carthusian,1291.25,4880.0,,,,,488.0,,,,,,,,-40.0,,,-540.0,-1893.5,,-579.9,,,,-111.16666666666667,,,,1539.0,4.0,60309.0,-28793.0,31516.0,,52.401021,-1.494839,0.0,5165.0,53680.0,0.0,0.0,0.0,0.0,1464.0,0.0,0.0,0.0,0.0,0.0,0.0,0.0,-120.0,0.0,0.0,-1080.0,-11361.0,0.0,-8698.5,0.0,0.0,0.0,-333.5,0.0,0.0,0.0
The Temple Preceptory,Augustinian,,,,,,,,,,,,,,,,,,,,,,,,,,,,,1540.0,2.0,,,39024.0,,51.513203,-0.110486,1.0,0.0,0.0,0.0,0.0,0.0,0.0,0.0,0.0,0.0,0.0,0.0,0.0,0.0,0.0,0.0,0.0,0.0,0.0,0.0,0.0,0.0,0.0,0.0,0.0,0.0,0.0,0.0,0.0
Thetford Priory (Suffolk side),Augustinian,401.95454545454544,481.5,,,,,560.0,,,,,,,324.0,-191.11111111111111,,,-320.0,-140.0,,,-19.0,,,-18.0,,,,1536.0,1.0,,,9440.0,,52.4137,0.7406000000000001,0.0,8843.0,1926.0,0.0,0.0,0.0,0.0,560.0,0.0,0.0,0.0,0.0,0.0,0.0,648.0,-1720.0,0.0,0.0,-640.0,-140.0,0.0,0.0,-19.0,0.0,0.0,-18.0,0.0,0.0,0.0
Thicket Priory,Benedictine,333.29411764705884,,,,,,,,,,,,,,,,,-213.33333333333334,,,,,,,,,,,1539.0,5.0,5666.0,-640.0,5026.0,,53.883019999999995,-0.94115,0.0,5666.0,0.0,0.0,0.0,0.0,0.0,0.0,0.0,0.0,0.0,0.0,0.0,0.0,0.0,0.0,0.0,0.0,-640.0,0.0,0.0,0.0,0.0,0.0,0.0,0.0,0.0,0.0,0.0
Thornton Abbey,Augustinian,3167.8352272727275,3008.0,,,,,414.0,720.0,,,,,,,-513.7368421052631,,,-278.3333333333333,,,-1286.0,,,,-435.0,,,-2409.0,1539.0,4.0,175406.75,-32632.0,142774.5,,53.655125,-0.309758,0.0,139384.75,33088.0,0.0,0.0,0.0,0.0,414.0,1440.0,0.0,0.0,0.0,0.0,0.0,0.0,-9761.0,0.0,0.0,-6680.0,0.0,0.0,-15432.0,0.0,0.0,0.0,-870.0,0.0,0.0,-2409.0
Thremhall Priory,Augustinian,,,,,,,,,,,,,,,,,,,,,,,,,,,,,1536.0,2.0,,,14623.5,,51.870192,0.22243,1.0,0.0,0.0,0.0,0.0,0.0,0.0,0.0,0.0,0.0,0.0,0.0,0.0,0.0,0.0,0.0,0.0,0.0,0.0,0.0,0.0,0.0,0.0,0.0,0.0,0.0,0.0,0.0,0.0
Trebeigh Preceptory,Augustinian,,,,,,,,,,,,,,,,,,,,,,,,,,,,,1540.0,3.0,,,14400.0,,50.479336,-4.391753,1.0,0.0,0.0,0.0,0.0,0.0,0.0,0.0,0.0,0.0,0.0,0.0,0.0,0.0,0.0,0.0,0.0,0.0,0.0,0.0,0.0,0.0,0.0,0.0,0.0,0.0,0.0,0.0,0.0
Tywardreath Priory,Benedictine,1497.375,1997.0,,,,,,21.714285714285715,,,,,,922.0,,,,-373.3333333333333,,,-1760.0,,-800.0,,-242.0,,,,1536.0,3.0,,,29631.0,,50.356537,-4.693909,0.0,11979.0,19970.0,0.0,0.0,0.0,0.0,0.0,152.0,0.0,0.0,0.0,0.0,0.0,1844.0,0.0,0.0,0.0,-2240.0,0.0,0.0,-3520.0,0.0,-800.0,0.0,-242.0,0.0,0.0,0.0
Walden Abbey,Benedictine,,,,,,,,,,,,,,,,,,,,,,,,,,,,,1538.0,2.0,,,89497.0,,52.020732,0.220993,1.0,0.0,0.0,0.0,0.0,0.0,0.0,0.0,0.0,0.0,0.0,0.0,0.0,0.0,0.0,0.0,0.0,0.0,0.0,0.0,0.0,0.0,0.0,0.0,0.0,0.0,0.0,0.0,0.0
Wallingwells Priory,Benedictine,570.6666666666666,,,,,,640.0,,,,,,,7604.0,-79.5,,,,-560.0,,-678.0,,,,,,,,1539.0,4.0,21018.0,-6980.0,14038.0,,53.351209999999995,-1.142142,0.0,5136.0,0.0,0.0,0.0,0.0,0.0,640.0,0.0,0.0,0.0,0.0,0.0,0.0,15208.0,-318.0,0.0,0.0,0.0,-560.0,0.0,-6102.0,0.0,0.0,0.0,0.0,0.0,0.0,0.0
Walsingham Priory,Augustinian,1583.5306603773586,3493.6,1160.0,,,,,83.95833333333333,,,,,777.5833333333334,145.5,-67.24418604651163,,,-258.0,-172.66666666666666,,-558.1428571428571,,,,-148.66666666666666,,,-32.875,1538.0,1.0,107213.625,-13234.5,93979.125,,52.893682,0.875779,0.0,83927.125,17468.0,2320.0,0.0,0.0,0.0,0.0,1007.5,0.0,0.0,0.0,0.0,2332.75,145.5,-5783.0,0.0,0.0,-2580.0,-518.0,0.0,-3907.0,0.0,0.0,0.0,-446.0,0.0,0.0,-131.5
Wangford Priory,Benedictine,4676.0,1186.6666666666667,,,,,,,,,,,,,-407.0,,,-280.0,,,-293.3333333333333,,,,-97.0,,,,1540.0,1.0,7120.0,-1074.0,7313.0,,52.3546,1.6201,0.0,4676.0,7120.0,0.0,0.0,0.0,0.0,0.0,0.0,0.0,0.0,0.0,0.0,0.0,0.0,-2849.0,0.0,0.0,-560.0,0.0,0.0,-880.0,0.0,0.0,0.0,-194.0,0.0,0.0,0.0
Warter Abbey,Augustinian,,,,,,,,,,,,,,,,,,,,,,,,,,,,,1536.0,5.0,,,34412.0,,53.942856,-0.67619,1.0,0.0,0.0,0.0,0.0,0.0,0.0,0.0,0.0,0.0,0.0,0.0,0.0,0.0,0.0,0.0,0.0,0.0,0.0,0.0,0.0,0.0,0.0,0.0,0.0,0.0,0.0,0.0,0.0
Waverley Abbey,Cistercian,1997.7954545454545,160.0,840.0,,,,,59.2,,,,,100.0,80.0,-231.8,,-640.0,-273.1666666666667,-1085.0,,-176.8,,,,,,,,1536.0,2.0,47207.5,-5348.0,41859.5,1.0,51.202362,-0.75972,0.0,43951.5,160.0,2520.0,0.0,0.0,0.0,0.0,296.0,0.0,0.0,0.0,0.0,200.0,80.0,-1159.0,0.0,-640.0,-1639.0,-1085.0,0.0,-884.0,0.0,0.0,0.0,0.0,0.0,0.0,0.0
Wellow Abbey,Augustinian,767.2,3360.0,,,,,300.0,,,,,,,,-913.6666666666666,,,-320.0,,,-816.5714285714286,,,,-380.0,,,-480.0,1536.0,4.0,36568.0,-13695.0,22873.0,,53.559843,-0.085385,0.0,19180.0,16800.0,0.0,0.0,0.0,0.0,600.0,0.0,0.0,0.0,0.0,0.0,0.0,0.0,-5482.0,0.0,0.0,-1600.0,0.0,0.0,-5716.0,0.0,0.0,0.0,-380.0,0.0,0.0,-480.0
Wendling Abbey,Premonstratensian,524.34375,1474.0,,,,,,59.0,,,,23.0,80.0,,-45.875,,,-178.66666666666666,,,-880.0,,,,-176.25,,,,1536.0,1.0,17344.5,-3923.5,13420.75,,52.678374,0.86681,0.0,12584.25,4422.0,0.0,0.0,0.0,0.0,0.0,236.0,0.0,0.0,0.0,23.0,80.0,0.0,-1101.0,0.0,0.0,-536.0,0.0,0.0,-1760.0,0.0,0.0,0.0,-352.5,0.0,0.0,0.0
West Acre Priory,Augustinian,1576.96875,1325.4545454545455,720.0,,,,228.4,226.0,,,,,960.0,11524.15625,-82.45652173913044,,,-346.6666666666667,,,-584.8571428571429,-10.5,,,-91.75,,,-19.0,1538.0,1.0,74158.75,-11596.5,62563.25,,52.703172,0.63372,0.0,37847.25,14580.0,720.0,0.0,0.0,0.0,1142.0,226.0,0.0,0.0,0.0,0.0,960.0,92193.25,-1896.5,0.0,0.0,-1040.0,0.0,0.0,-8188.0,-10.5,0.0,0.0,-183.5,0.0,0.0,-38.0
Westminster Abbey,Benedictine,3767.1809895833335,3533.948717948718,1388.25,,360.0,,322.5263157894737,325.8265306122449,,,,,519.375,2235.3333333333335,-124.07792207792208,-3100.0,,-428.1038961038961,-2647.818181818182,,-822.1372549019608,,-4611.5,-3200.0,-105.7,,,-2810.818181818182,1539.0,2.0,954556.75,-121754.5,832802.25,,51.499411,-0.127232,0.0,723298.75,137824.0,11106.0,0.0,360.0,0.0,6128.0,15965.5,0.0,0.0,0.0,0.0,16620.0,26824.0,-9554.0,-3100.0,0.0,-32964.0,-29126.0,0.0,-41929.0,0.0,-18446.0,-6400.0,-528.5,0.0,0.0,-61838.0
Wetheral,Benedictine,617.5454545454545,3945.0,,,,,570.0,240.0,,,,,,,-80.0,,,-440.0,-640.0,,,,,,,,,,1538.0,5.0,30782.0,-2560.0,28222.0,1.0,54.879306,-2.829993,0.0,13586.0,15780.0,0.0,0.0,0.0,0.0,1140.0,240.0,0.0,0.0,0.0,0.0,0.0,0.0,-160.0,0.0,0.0,-1760.0,-640.0,0.0,0.0,0.0,0.0,0.0,0.0,0.0,0.0,0.0
Weybridge Priory,Augustinian,510.0,1204.0,,,,,,,,,,,,,-60.0,,,,,,,,,,-36.0,,,,1536.0,1.0,2224.0,-372.0,1840.0,,52.647759,1.568062,0.0,1020.0,1204.0,0.0,0.0,0.0,0.0,0.0,0.0,0.0,0.0,0.0,0.0,0.0,0.0,-300.0,0.0,0.0,0.0,0.0,0.0,0.0,0.0,0.0,0.0,-72.0,0.0,0.0,0.0
Whalley Abbey,Cistercian,1263.2222222222222,15146.0,,,,,,,,,,1440.0,,,-173.8421052631579,,-320.0,-642.2222222222222,-28066.0,,-2088.0,,,,,,,,1537.0,5.0,132294.0,-55144.5,77149.5,1.0,53.820441,-2.410518,0.0,45476.0,60584.0,0.0,0.0,0.0,0.0,0.0,0.0,0.0,0.0,0.0,5760.0,0.0,0.0,-3303.0,0.0,-320.0,-11560.0,-28066.0,0.0,-10440.0,0.0,0.0,0.0,0.0,0.0,0.0,0.0
Wherwell Abbey,Benedictine,,,,,,,,,,,,,,,,,,,,,,,,,,,,,1539.0,3.0,96874.0,-15411.0,81463.0,,51.16559,-1.4417099999999998,1.0,0.0,0.0,0.0,0.0,0.0,0.0,0.0,0.0,0.0,0.0,0.0,0.0,0.0,0.0,0.0,0.0,0.0,0.0,0.0,0.0,0.0,0.0,0.0,0.0,0.0,0.0,0.0,0.0
Whitby Abbey,Benedictine,1292.842105263158,2142.4444444444443,,,,,381.25,,,,,,,695.6,-160.0,,,-617.1428571428571,-1516.0,,-627.3333333333334,,,,,,,,1540.0,5.0,,,,,54.48829500000001,-0.607538,0.0,73692.0,38564.0,0.0,0.0,0.0,0.0,3050.0,0.0,0.0,0.0,0.0,0.0,0.0,3478.0,-160.0,0.0,0.0,-4320.0,-6064.0,0.0,-3764.0,0.0,0.0,0.0,0.0,0.0,0.0,0.0
Wilberfoss Priory,Benedictine,,,,,,,,,,,,,,,,,,,,,,,,,,,,,1539.0,5.0,,,5242.0,,53.940974,-0.88941,1.0,0.0,0.0,0.0,0.0,0.0,0.0,0.0,0.0,0.0,0.0,0.0,0.0,0.0,0.0,0.0,0.0,0.0,0.0,0.0,0.0,0.0,0.0,0.0,0.0,0.0,0.0,0.0,0.0
Wilton Abbey,Benedictine,1361.3131067961165,775.3846153846154,960.0,,,,1640.0,92.13333333333334,,,,,345.7142857142857,2077.5,-12.0,,,-617.1428571428571,-1666.6666666666667,,-492.4,,,,-290.0,,,-3440.0,1539.0,3.0,,,144396.25,,51.07808000000001,-1.856,0.0,140215.25,10080.0,960.0,0.0,0.0,0.0,3280.0,1382.0,0.0,0.0,0.0,0.0,2420.0,4155.0,-12.0,0.0,0.0,-4320.0,-5000.0,0.0,-4924.0,0.0,0.0,0.0,-290.0,0.0,0.0,-3440.0
Wintney Priory,Cistercian,,,,,,,,,,,,,,,,,,,,,,,,,,,,,1536.0,3.0,14172.0,-3816.0,10356.0,,51.290855,-0.8875319999999999,1.0,0.0,0.0,0.0,0.0,0.0,0.0,0.0,0.0,0.0,0.0,0.0,0.0,0.0,0.0,0.0,0.0,0.0,0.0,0.0,0.0,0.0,0.0,0.0,0.0,0.0,0.0,0.0,0.0
Witham Charterhouse,Carthusian,2991.0555555555557,758.0,,,,,466.6666666666667,,,,,,1382.0,284.5,-164.875,,,-379.875,,,-2400.0,,,,,,,-85.5,1539.0,3.0,,,51780.0,,51.1686,-2.3675,0.0,53839.0,758.0,0.0,0.0,0.0,0.0,2800.0,0.0,0.0,0.0,0.0,0.0,1382.0,2276.0,-1319.0,0.0,0.0,-3039.0,0.0,0.0,-2400.0,0.0,0.0,0.0,0.0,0.0,0.0,-171.0
Wombridge Priory,Augustinian,852.999999999677,496.0,1280.0,,,,,60.0,,,,,,,-51.0,,,-120.0,-640.0,,-180.0,,,,-80.0,,,,1536.0,4.0,17468.0,-1780.0,15688.0,,52.70146799999999,-2.45854,0.0,13647.999999994832,2480.0,1280.0,0.0,0.0,0.0,0.0,60.0,0.0,0.0,0.0,0.0,0.0,0.0,-204.0,0.0,0.0,-600.0,-640.0,0.0,-180.0,0.0,0.0,0.0,-160.0,0.0,0.0,0.0
Wroxall Priory,Benedictine,548.075,1500.0,,,,,960.0,160.0,,,,,,380.0,-52.0,,,-400.0,-240.0,,,,,,-119.75,,,,1536.0,4.0,18841.5,-1383.5,17466.0,,52.3341,-1.6758,0.0,10961.5,6000.0,0.0,0.0,0.0,0.0,960.0,160.0,0.0,0.0,0.0,0.0,0.0,760.0,-104.0,0.0,0.0,-800.0,-240.0,0.0,0.0,0.0,0.0,0.0,-239.5,0.0,0.0,0.0
Wroxton Abbey,Augustinian,1828.909090909091,628.0,,,160.0,,,,,,,,,720.0,-126.8,,,-542.8571428571429,,,-249.0,,,,-125.0,,,,1536.0,2.0,23566.0,-6116.0,18891.5,,52.071359,-1.393646,0.0,20118.0,3768.0,0.0,0.0,160.0,0.0,0.0,0.0,0.0,0.0,0.0,0.0,0.0,720.0,-1268.0,0.0,0.0,-3800.0,0.0,0.0,-996.0,0.0,0.0,0.0,-250.0,0.0,0.0,0.0
Wykeham Priory,Cistercian,,,,,,,,,,,,,,,,,,,,,,,,,,,,,1539.0,5.0,,,6210.0,,54.223885,-0.525026,1.0,0.0,0.0,0.0,0.0,0.0,0.0,0.0,0.0,0.0,0.0,0.0,0.0,0.0,0.0,0.0,0.0,0.0,0.0,0.0,0.0,0.0,0.0,0.0,0.0,0.0,0.0,0.0,0.0
Wymondley Priory,Augustinian,,,,,,,,,,,,,,,,,,,,,,,,,,,,,1537.0,2.0,,,7199.5,,51.93771,-0.228299,1.0,0.0,0.0,0.0,0.0,0.0,0.0,0.0,0.0,0.0,0.0,0.0,0.0,0.0,0.0,0.0,0.0,0.0,0.0,0.0,0.0,0.0,0.0,0.0,0.0,0.0,0.0,0.0,0.0
