almsExpMean,almsExpSum,almsIncMean,almsIncSum,annuityExpMean,annuityExpSum,annuityIncMean,annuityIncSum,county,courtExpMean,courtExpSum,courtIncMean,courtIncSum,depHouse,educationExpMean,educationExpSum,educationIncMean,educationIncSum,feeExpMean,feeExpSum,feeIncMean,feeIncSum,founded,incomplete,infraExpMean,infraExpSum,infraIncMean,infraIncSum,ladyHouse,landExpMean,landExpSum,landIncMean,landIncSum,latitude,longitude,millExpMean,millExpSum,millIncMean,millIncSum,name,netInc,order,originalFoundation,pt,region,rurHouse,selected,subHouse,subPop,survival,synProxExpMean,synProxExpSum,synProxIncMean,synProxIncSum,titheExpMean,titheExpSum,titheIncMean,titheIncSum,totalExp,totalInc,transferExpMean,transferExpSum,transferIncMean,transferIncSum,unknownExpMean,unknownExpSum,unknownIncMean,unknownIncSum,urbHouse,urbPop,year,diss1536
,0.0,,0.0,,0.0,,0.0,BERKSHIRE,,0.0,,0.0,,,0.0,,0.0,,0.0,,0.0,967.0,1.0,,0.0,,0.0,0.0,,0.0,,0.0,51.670872,-1.277557,,0.0,,0.0,Abingdon Abbey,450369.0,Benedictine,675.0,POINT (450055.6825148921 197146.3580668544),2.0,1.0,1.0,0,0.0,2.0,,0.0,,0.0,,0.0,,0.0,,,,0.0,,0.0,,0.0,,0.0,0,0.0,1538.0,0
,0.0,,0.0,,0.0,,0.0,NORTHUMBERLAND,,0.0,,0.0,,,0.0,,0.0,,0.0,,0.0,1147.0,1.0,,0.0,,0.0,0.0,,0.0,,0.0,55.41985,-1.71914,,0.0,,0.0,Alnwick Abbey,45540.0,Premonstratensian,,POINT (417877.800726039 614028.6587573307),5.0,1.0,1.0,0,0.0,3.0,,0.0,,0.0,,0.0,,0.0,,,,0.0,,0.0,,0.0,,0.0,0,0.0,1539.0,0
,0.0,,0.0,,0.0,,0.0,WILTSHIRE,,0.0,240.0,240.0,,,0.0,,0.0,-330.5,-1322.0,,0.0,979.0,0.0,,0.0,,0.0,1.0,-480.0,-480.0,1765.4444444444443,15889.0,51.174037,-1.785074,,0.0,,0.0,Amesbury Priory,16044.5,Benedictine,,POINT (415120.9403328885 141666.7640458313),3.0,1.0,1.0,0,0.0,3.0,-54.75,-109.5,,0.0,,0.0,6599.5,6599.5,,,,0.0,,0.0,,0.0,1971.2,9856.0,0,0.0,1539.0,0
,0.0,,0.0,,0.0,,0.0,CAMBRIDGESHIRE,,0.0,,0.0,,,0.0,,0.0,,0.0,,0.0,1212.0,1.0,,0.0,,0.0,0.0,,0.0,,0.0,52.237,0.24,,0.0,,0.0,Anglesey Priory,29988.0,Augustinian,,POINT (553053.6159116665 262229.6621359421),1.0,1.0,1.0,0,0.0,-1.0,,0.0,,0.0,,0.0,,0.0,,,,0.0,,0.0,,0.0,,0.0,0,0.0,1535.0,0
,0.0,,0.0,,0.0,,0.0,WILTSHIRE,,0.0,,0.0,,,0.0,,0.0,-640.0,-1280.0,,0.0,1211.0,0.0,,0.0,,0.0,0.0,,0.0,21621.5,21621.5,51.036495,-2.063967,,0.0,,0.0,Ansty Preceptory,19541.5,Augustinian,,POINT (395610.8813080965 126351.1080147988),3.0,1.0,1.0,0,0.0,4.0,,0.0,,0.0,,0.0,,0.0,-2080.0,21621.5,-800.0,-800.0,,0.0,,0.0,,0.0,0,0.0,1540.0,0
-120.0,-120.0,,0.0,,0.0,,0.0,"YORKSHIRE, NORTH RIDING",,0.0,,0.0,,,0.0,,0.0,-160.0,-160.0,,0.0,1150.0,0.0,,0.0,,0.0,1.0,-9.0,-18.0,401.0,3208.0,54.310171,-1.203185,,0.0,,0.0,Arden Priory,2886.0,Benedictine,,POINT (451941.3073316825 490799.3476895731),5.0,1.0,1.0,0,0.0,0.0,,0.0,,0.0,,0.0,,0.0,-322.0,3208.0,-24.0,-24.0,,0.0,,0.0,,0.0,0,0.0,1536.0,1
,0.0,,0.0,,0.0,,0.0,CUMBERLAND,,0.0,,0.0,,,0.0,,0.0,,0.0,,0.0,1200.0,0.0,,0.0,,0.0,1.0,-12.0,-12.0,1573.0,3146.0,54.778725,-2.721439,,0.0,,0.0,Armathwaite Nunnery,3264.0,Benedictine,,POINT (353694.3167920378 542884.0757193058),5.0,1.0,1.0,0,0.0,1.0,-30.0,-30.0,,0.0,,0.0,1440.0,1440.0,,4586.0,-1280.0,-1280.0,,0.0,,0.0,,0.0,0,0.0,1537.0,0
-756.8888888888889,-6812.0,,0.0,-600.0,-600.0,,0.0,SOMERSET,,0.0,350.0,1400.0,,,0.0,,0.0,-424.61538461538464,-5520.0,,0.0,879.0,0.0,,0.0,,0.0,0.0,-50.95454545454545,-1121.0,3882.640625,62122.25,51.0593,-2.93458,,0.0,,0.0,Athelney Abbey,50163.25,Benedictine,,POINT (334600.1057784605 129300.9749441948),3.0,1.0,1.0,0,0.0,4.0,-185.25,-370.5,,0.0,,0.0,1589.0,3178.0,,,-865.75,-5194.5,1046.0,2092.0,-26.666666666666668,-80.0,176.0,880.0,0,0.0,1540.0,0
-276.0,-276.0,,0.0,,0.0,,0.0,LINCOLNSHIRE,,0.0,,0.0,,,0.0,,0.0,-466.6666666666667,-2800.0,,0.0,1395.0,0.0,,0.0,,0.0,0.0,-374.5,-2247.0,1058.5657894736842,20112.75,53.5075,-0.7861,-27.0,-54.0,,0.0,Axholme Charterhouse,57062.75,Carthusian,,POINT (480605.1305021311 401884.4118804462),4.0,1.0,1.0,0,0.0,2.0,-84.0,-84.0,,0.0,,0.0,8145.5,24436.5,-12713.0,69775.75,-1450.4,-7252.0,745.3333333333334,2236.0,,0.0,23050.5,23050.5,0,0.0,1538.0,0
,0.0,,0.0,,0.0,,0.0,BUCKINGHAMSHIRE,,0.0,,0.0,1.0,,0.0,,0.0,,0.0,,0.0,1386.0,0.0,,0.0,,0.0,0.0,-151.5,-303.0,1052.0,1052.0,51.815217,-0.814867,,0.0,,0.0,Aylesbury Friary,749.0,Franciscan,,POINT (481790.8303063397 213617.1617892507),2.0,1.0,1.0,0,0.0,2.0,,0.0,,0.0,,0.0,,0.0,-303.0,1052.0,,0.0,,0.0,,0.0,,0.0,0,0.0,1538.0,0
,0.0,,0.0,,0.0,,0.0,HAMPSHIRE,,0.0,,0.0,,,0.0,,0.0,-1600.0,-1600.0,,0.0,1207.0,0.0,,0.0,,0.0,0.0,-1490.0,-1490.0,,0.0,50.985876,-1.422873,,0.0,,0.0,Baddesley Preceptory,28519.0,Augustinian,,POINT (440605.846198488 120878.4208371448),3.0,1.0,1.0,0,0.0,4.0,,0.0,,0.0,,0.0,,0.0,-3090.0,31609.0,,0.0,,0.0,,0.0,31609.0,31609.0,0,0.0,1540.0,0
,0.0,,0.0,,0.0,,0.0,ESSEX,,0.0,,0.0,,,0.0,,0.0,,0.0,,0.0,970.0,1.0,,0.0,,0.0,1.0,,0.0,,0.0,51.535706,0.075159,,0.0,,0.0,Barking Abbey,207029.5,Benedictine,666.0,POINT (544021.8048750254 183907.4056124881),2.0,,1.0,1,2.0,3.0,,0.0,,0.0,,0.0,,0.0,,,,0.0,,0.0,,0.0,,0.0,0,0.0,1539.0,0
-1031.3333333333333,-6188.0,,0.0,,0.0,,0.0,LINCOLNSHIRE,,0.0,,0.0,,,0.0,,0.0,-241.42857142857142,-3380.0,,0.0,1154.0,0.0,,0.0,,0.0,0.0,-69.5,-973.0,2898.818181818182,63774.0,53.247899999999994,-0.3685,,0.0,,0.0,Barlings Abbey,58149.5,Premonstratensian,,POINT (508958.8068559337 373559.2392032248),4.0,1.0,1.0,0,0.0,1.0,-308.5,-308.5,,0.0,,0.0,1584.0,7920.0,-15726.5,73877.0,-360.5833333333333,-2163.5,,0.0,-492.375,-1969.5,1092.0,2184.0,0,0.0,1537.0,0
,0.0,,0.0,,0.0,,0.0,DEVON,,0.0,840.5,1681.0,,,0.0,,0.0,-304.0,-1520.0,,0.0,1107.0,0.0,,0.0,,0.0,0.0,-24.0,-120.0,4648.8,23244.0,51.088473,-4.062436,,0.0,2400.0,2400.0,Barnstaple,29599.0,Benedictine,,POINT (255655.5326549847 134152.8395246913),3.0,1.0,1.0,0,0.0,0.0,,0.0,,0.0,,0.0,1080.0,1080.0,,,,0.0,710.0,2840.0,-6.0,-6.0,,0.0,0,0.0,1536.0,1
,0.0,,0.0,,0.0,,0.0,CAMBRIDGESHIRE,,0.0,,0.0,,,0.0,,0.0,,0.0,,0.0,1092.0,1.0,,0.0,,0.0,0.0,,0.0,,0.0,52.209027,0.13852,,0.0,,0.0,Barnwell Priory,61573.25,Augustinian,,POINT (546216.7041479701 258909.4538866007),1.0,1.0,1.0,0,0.0,2.0,,0.0,,0.0,,0.0,,0.0,,,,0.0,,0.0,,0.0,,0.0,0,0.0,1538.0,0
,0.0,,0.0,,0.0,,0.0,SOMERSET,,0.0,,0.0,,,0.0,,0.0,-150.0,-300.0,,0.0,1212.0,0.0,,0.0,,0.0,1.0,-39.0,-156.0,1015.2,5076.0,51.4073,-2.6748,,0.0,,0.0,Barrow Gurney Nunnery,5691.75,Benedictine,,POINT (353161.0077372133 167802.5785195673),3.0,1.0,1.0,0,0.0,0.0,-90.75,-90.75,,0.0,,0.0,1600.0,1600.0,-1348.75,7040.5,-960.0,-960.0,,0.0,,0.0,499.5,499.5,0,0.0,1536.0,1
,0.0,,0.0,,0.0,,0.0,SUFFOLK,,0.0,,0.0,,,0.0,,0.0,,0.0,,0.0,1172.0,1.0,,0.0,,0.0,0.0,,0.0,,0.0,52.148965,0.989523,,0.0,,0.0,Battisford Preceptory,12674.0,Augustinian,,POINT (604628.4465740309 254287.9050457244),1.0,1.0,1.0,0,0.0,4.0,,0.0,,0.0,,0.0,,0.0,,,,0.0,,0.0,,0.0,,0.0,0,0.0,1540.0,0
-1234.0,-1234.0,,0.0,,0.0,,0.0,SUSSEX,,0.0,,0.0,,,0.0,,0.0,-713.625,-11418.0,,0.0,1076.0,0.0,,0.0,,0.0,0.0,-272.0,-1632.0,2920.2298387096776,181054.25,50.914503,0.48773,-6.0,-6.0,853.3333333333334,2560.0,Battle Abbey,211375.75,Benedictine,,POINT (574971.8783452023 115729.5093392105),3.0,1.0,1.0,0,0.0,2.0,-66.83333333333333,-200.5,,0.0,,0.0,2494.4,24944.0,-25514.5,236890.25,-1002.1818181818181,-11024.0,511.2,5112.0,,0.0,1573.3333333333333,4720.0,0,0.0,1538.0,0
,0.0,,0.0,,0.0,,0.0,NOTTINGHAMSHIRE,,0.0,,0.0,,,0.0,,0.0,-360.0,-1440.0,,0.0,1343.0,0.0,,0.0,,0.0,0.0,-280.0,-280.0,1740.3333333333333,31326.0,53.036477999999995,-1.267416,,0.0,,0.0,Beauvale Charterhouse,47112.0,Carthusian,,POINT (449220.7656615809 349048.784296516),4.0,1.0,1.0,0,0.0,3.0,-83.0,-332.0,,0.0,,0.0,3612.5,14450.0,,54576.0,-531.4285714285714,-3720.0,160.0,160.0,-173.33333333333334,-520.0,4320.0,8640.0,0,0.0,1539.0,0
-640.0,-640.0,,0.0,,0.0,,0.0,NORFOLK,,0.0,472.75,1891.0,,,0.0,,0.0,-205.0,-820.0,,0.0,1216.0,0.0,,0.0,,0.0,0.0,-23.428571428571427,-164.0,1274.734375,10197.875,52.938772,1.224176,,0.0,,0.0,Beeston Priory,10348.625,Augustinian,,POINT (616752.9665748074 342793.4445766048),1.0,1.0,1.0,0,0.0,3.0,,0.0,,0.0,,0.0,,0.0,-1728.0,12076.625,-80.0,-80.0,,0.0,-12.0,-24.0,,0.0,0,0.0,1539.0,0
-493.7142857142857,-3456.0,,0.0,,0.0,,0.0,SURREY,,0.0,137.14285714285714,960.0,,,0.0,,0.0,-542.8571428571429,-3800.0,,0.0,1082.0,0.0,,0.0,,0.0,0.0,-962.2,-9622.0,4263.238095238095,89528.0,51.49691,-0.079638,,0.0,960.0,1920.0,Bermondsey Abbey Cluniacs,113932.75,Benedictine,,POINT (533399.7749484523 179299.9942798445),2.0,,1.0,1,50.0,2.0,-170.75,-683.0,,0.0,,0.0,1647.8392857142858,23069.75,-17617.0,131549.75,,0.0,560.6153846153846,7288.0,-48.0,-48.0,960.0,960.0,0,0.0,1538.0,0
,0.0,,0.0,,0.0,,0.0,"YORKSHIRE, EAST RIDING",,0.0,,0.0,,,0.0,,0.0,,0.0,,0.0,1201.0,1.0,,0.0,,0.0,0.0,,0.0,,0.0,53.842641,-0.422826,,0.0,,0.0,Beverley Preceptory,39478.0,Augustinian,,POINT (503869.7990867372 439639.1764862762),5.0,,1.0,0,0.0,4.0,,0.0,,0.0,,0.0,,0.0,,,,0.0,,0.0,,0.0,,0.0,1,2.0,1540.0,0
-240.0,-240.0,,0.0,,0.0,,0.0,KENT,,0.0,,0.0,,,0.0,,0.0,-583.0,-2332.0,,0.0,1253.0,0.0,-4452.0,-4452.0,,0.0,0.0,-27.333333333333332,-82.0,5162.0,20648.0,51.082611,0.915936,,0.0,,0.0,Bilsington Priory,19458.0,Augustinian,,POINT (604328.0985538933 135521.1411794265),2.0,1.0,1.0,0,0.0,0.0,,0.0,,0.0,,0.0,,0.0,-9829.75,29288.0,-676.4375,-2705.75,,0.0,,0.0,,0.0,0,0.0,1536.0,1
-100.0,-200.0,,0.0,-640.0,-640.0,,0.0,DORSET,,0.0,324.75,1623.75,1.0,,0.0,,0.0,-480.0,-1920.0,,0.0,1172.0,0.0,,0.0,,0.0,0.0,-1002.0,-7014.0,1733.0434782608695,39860.0,50.680561,-2.218085,,0.0,,0.0,Bindon Abbey,35373.5,Cistercian,,POINT (384687.8355334097 86790.86275018923),3.0,1.0,1.0,0,0.0,3.0,-118.66666666666667,-356.0,,0.0,,0.0,1227.111111111111,11044.0,,,-454.0,-2270.0,480.0,480.0,-6400.0,-6400.0,135.5,271.0,0,0.0,1539.0,0
,0.0,,0.0,,0.0,,0.0,NORFOLK,,0.0,,0.0,1.0,,0.0,,0.0,,0.0,,0.0,1093.0,1.0,,0.0,,0.0,0.0,,0.0,,0.0,52.920148,0.94684,,0.0,,0.0,Binham Priory,33664.0,Benedictine,,POINT (598206.5128746252 339921.3090585839),1.0,1.0,1.0,0,0.0,3.0,,0.0,,0.0,,0.0,,0.0,,,,0.0,,0.0,,0.0,,0.0,0,0.0,1539.0,0
,0.0,,0.0,,0.0,,0.0,NORTHUMBERLAND,,0.0,,0.0,1.0,,0.0,,0.0,,0.0,,0.0,1165.0,1.0,,0.0,,0.0,0.0,,0.0,,0.0,54.848211,-2.055905,,0.0,,0.0,Blanchland Abbey,9708.0,Premonstratensian,,POINT (396508.7811085367 550378.9616246199),5.0,1.0,1.0,0,0.0,3.0,,0.0,,0.0,,0.0,,0.0,,,,0.0,,0.0,,0.0,,0.0,0,0.0,1539.0,0
,0.0,,0.0,,0.0,,0.0,LINCOLNSHIRE,,0.0,,0.0,,,0.0,,0.0,-300.0,-1200.0,,0.0,1138.0,0.0,,0.0,,0.0,0.0,-90.6875,-362.75,1765.4166666666667,26481.25,52.76632200000001,-0.37555600000000006,,0.0,,0.0,Bourne Abbey,40254.5,Augustinian,,POINT (509700.5836696727 319981.5397276344),4.0,1.0,1.0,0,0.0,0.0,-610.0,-610.0,,0.0,,0.0,2976.6666666666665,17860.0,-7234.75,47489.25,-930.8,-4654.0,132.0,528.0,-48.0,-48.0,320.0,320.0,0,0.0,1536.0,1
-908.5,-908.5,,0.0,,0.0,,0.0,SUSSEX,,0.0,,0.0,,,0.0,,0.0,-280.0,-560.0,,0.0,1105.0,0.0,,0.0,,0.0,0.0,-167.0,-2004.0,825.8518518518518,22298.0,50.860475,-0.711051,,0.0,,0.0,Boxgrove Priory,34922.5,Benedictine,,POINT (490812.0643196392 107566.0178037028),3.0,1.0,1.0,0,0.0,0.0,-178.0,-178.0,,0.0,,0.0,2666.6666666666665,16000.0,-9713.5,44636.0,-1496.0,-5984.0,1600.0,1600.0,,0.0,220.0,440.0,0,0.0,1536.0,1
-3180.0,-3180.0,,0.0,,0.0,,0.0,WILTSHIRE,,0.0,100.0,200.0,,,0.0,,0.0,-424.0,-4240.0,,0.0,1140.0,0.0,,0.0,,0.0,0.0,-107.33333333333333,-644.0,871.9411764705883,59292.0,51.512222,-2.003611,,0.0,,0.0,Bradenstoke Priory,51111.0,Augustinian,,POINT (399845.5755152422 179255.1332137987),3.0,1.0,1.0,0,0.0,3.0,-269.0,-269.0,,0.0,,0.0,1017.6,5088.0,-13817.0,64928.0,-1904.0,-5712.0,,0.0,-106.0,-212.0,360.0,360.0,0,0.0,1539.0,0
,0.0,,0.0,,0.0,,0.0,LEICESTERSHIRE,,0.0,,0.0,,,0.0,,0.0,,0.0,,0.0,1227.0,0.0,,0.0,,0.0,0.0,-49.0,-147.0,965.4,4827.0,52.550455,-0.787116,,0.0,,0.0,Bradley Priory,4840.0,Augustinian,,POINT (482337.0743091023 295423.1659406212),4.0,1.0,1.0,0,0.0,0.0,,0.0,,0.0,,0.0,160.0,160.0,-147.0,4987.0,,0.0,,0.0,,0.0,,0.0,0,0.0,1536.0,1
,0.0,,0.0,,0.0,,0.0,DERBYSHIRE,,0.0,,0.0,,,0.0,,0.0,-320.0,-320.0,,0.0,1250.0,0.0,,0.0,,0.0,0.0,-80.0,-80.0,308.0,1848.0,52.96876699999999,-1.435672,,0.0,,0.0,Breadsall Priory,2613.0,Augustinian,,POINT (437997.5878587724 341414.3484926081),4.0,1.0,1.0,0,0.0,0.0,,0.0,,0.0,,0.0,1280.0,1280.0,,,,0.0,,0.0,,0.0,,0.0,0,0.0,1536.0,1
,0.0,,0.0,,0.0,,0.0,LEICESTERSHIRE,,0.0,,0.0,,,0.0,,0.0,-80.0,-80.0,,0.0,1118.0,0.0,,0.0,,0.0,0.0,,0.0,328.0,1312.0,52.806089,-1.399961,,0.0,,0.0,Breedon Priory,5884.0,Augustinian,731.0,POINT (440546.7015856305 323337.3423058866),4.0,1.0,1.0,0,0.0,3.0,-133.0,-133.0,,0.0,,0.0,582.8571428571429,4080.0,,,,0.0,,0.0,,0.0,705.0,705.0,0,0.0,1539.0,0
,0.0,,0.0,,0.0,,0.0,NORFOLK,,0.0,232.84375,1862.75,,,0.0,,0.0,-305.0,-1830.0,,0.0,1113.0,0.0,,0.0,,0.0,0.0,-1224.9285714285713,-8574.5,915.4130434782609,21054.5,52.844479,1.487463,,0.0,,0.0,Bromholm Priory,24063.25,Benedictine,,POINT (634948.7643253206 333136.8367238094),1.0,1.0,1.0,0,0.0,0.0,-168.0,-336.0,,0.0,,0.0,665.3095238095239,13971.5,-13126.0,37189.25,-590.0,-2360.0,,0.0,-25.5,-25.5,288.5,288.5,0,0.0,1536.0,1
,0.0,,0.0,,0.0,,0.0,OXFORDSHIRE,,0.0,,0.0,1.0,,0.0,,0.0,-546.6666666666666,-3280.0,,0.0,1147.0,0.0,,0.0,,0.0,0.0,-176.0,-1056.0,964.7948717948718,37627.0,51.867,-1.636,,0.0,240.0,240.0,Bruern Abbey,32290.0,Cistercian,,POINT (425159.3623336081 218775.2316353532),2.0,1.0,1.0,0,0.0,0.0,-80.0,-80.0,,0.0,,0.0,160.0,160.0,-4624.0,36766.0,,0.0,,0.0,,0.0,,0.0,0,0.0,1536.0,1
-24.0,-24.0,,0.0,,0.0,,0.0,SUFFOLK,,0.0,8.0,8.0,,,0.0,,0.0,-413.3333333333333,-2480.0,,0.0,1366.0,0.0,,0.0,,0.0,1.0,-89.95,-1799.0,1067.0384615384614,13871.5,52.244456,1.4174670000000003,,0.0,,0.0,Bruisyard Abbey,13465.0,Franciscan,,POINT (633398.1086179137 266197.7360537957),1.0,1.0,1.0,0,0.0,3.0,-92.0,-92.0,,0.0,,0.0,1321.6666666666667,3965.0,,,-126.28571428571429,-884.0,,0.0,,0.0,,0.0,0,0.0,1539.0,0
-3920.0,-3920.0,,0.0,,0.0,,0.0,SOMERSET,,0.0,387.1111111111111,3484.0,,,0.0,,0.0,-416.94117647058823,-7088.0,,0.0,1142.0,0.0,,0.0,,0.0,0.0,-172.0,-516.0,4106.029411764706,69802.5,51.111113,-2.45184,,0.0,,0.0,Bruton Abbey,105440.0,Augustinian,,POINT (368465.9903525744 134744.4071094952),3.0,1.0,1.0,0,0.0,3.0,-289.25,-1157.0,,0.0,,0.0,3785.4545454545455,41640.0,-9966.0,115406.0,-1150.0,-9200.0,184.0,1104.0,-16.0,-32.0,765.0,6120.0,0,0.0,1539.0,0
,0.0,,0.0,-720.0,-720.0,,0.0,DEVON,,0.0,741.7692307692307,9643.0,1.0,,0.0,,0.0,-341.3333333333333,-3072.0,,0.0,1018.0,0.0,,0.0,,0.0,0.0,-360.0,-360.0,2131.412162162162,78862.25,50.49298399999999,-3.775765,-24.0,-24.0,731.4285714285714,5120.0,Buckfast Abbey,111973.75,Cistercian,,POINT (274140.0425565946 67416.56588218693),3.0,1.0,1.0,0,0.0,2.0,,0.0,,0.0,,0.0,4998.333333333333,14995.0,,,-1653.3333333333333,-4960.0,299.2,1496.0,,0.0,544.9166666666666,1634.75,0,0.0,1538.0,0
-1120.0,-1120.0,,0.0,,0.0,,0.0,BUCKINGHAMSHIRE,,0.0,486.0,486.0,,,0.0,,0.0,-432.0,-2160.0,,0.0,1266.0,0.0,,0.0,,0.0,1.0,-204.3125,-1634.5,1800.1666666666667,16201.5,51.515594,-0.660624,-176.0,-176.0,160.0,160.0,Burnham Abbey,12269.25,Augustinian,,POINT (493034.2684975984 180479.8788340309),2.0,,1.0,1,1.0,3.0,-116.625,-233.25,,0.0,,0.0,1528.0,4584.0,-9643.25,21911.5,-1080.0,-4320.0,,0.0,,0.0,240.0,480.0,0,0.0,1539.0,0
,0.0,,0.0,,0.0,,0.0,SOMERSET,,0.0,,0.0,,,0.0,,0.0,-40.0,-40.0,,0.0,1270.0,0.0,,0.0,,0.0,0.0,-2.0,-2.0,732.0,1464.0,51.1713,-2.8729999999999998,,0.0,,0.0,Burtle Moor,1502.0,Augustinian,,POINT (339063.4887256951 141703.0133871258),3.0,1.0,1.0,0,0.0,0.0,,0.0,,0.0,,0.0,80.0,80.0,,,,0.0,,0.0,,0.0,,0.0,0,0.0,1536.0,1
,0.0,,0.0,,0.0,,0.0,"YORKSHIRE, NORTH RIDING",,0.0,,0.0,,,0.0,,0.0,,0.0,,0.0,1147.0,1.0,,0.0,,0.0,0.0,,0.0,,0.0,54.203499,-1.158693,,0.0,,0.0,Byland Abbey,57232.0,Cistercian,,POINT (454977.4148113366 478963.9707041119),5.0,1.0,1.0,0,0.0,3.0,,0.0,,0.0,,0.0,,0.0,-13632.0,70864.0,,0.0,,0.0,,0.0,,0.0,0,0.0,1539.0,0
,0.0,,0.0,,0.0,,0.0,BEDFORDSHIRE,,0.0,,0.0,,,0.0,,0.0,-501.6666666666667,-3010.0,,0.0,1159.0,0.0,,0.0,,0.0,0.0,,0.0,464.8421052631579,17664.0,52.12944,-0.4764900000000001,,0.0,,0.0,Caldwell Priory,26261.0,Augustinian,,POINT (504383.3651167055 248996.6220099298),2.0,1.0,1.0,0,0.0,0.0,-176.25,-705.0,,0.0,,0.0,2255.0,18040.0,-9449.0,35710.0,-573.5,-5735.0,,0.0,,0.0,,0.0,0,0.0,1536.0,1
-1236.15625,-19778.5,,0.0,-480.0,-480.0,,0.0,KENT,-64.0,-128.0,101.125,2427.0,,,0.0,,0.0,-711.9214285714286,-49834.5,,0.0,1080.0,0.0,,0.0,,0.0,0.0,-109.95238095238095,-2309.0,3006.321038251366,550156.75,51.279722,1.083056,,0.0,1640.0,6560.0,Canterbury Cathedral Priory,563861.125,Benedictine,597.0,POINT (615111.7090156032 157911.7466052069),2.0,,1.0,0,0.0,3.0,-86.66666666666667,-260.0,,0.0,,0.0,4775.535714285715,66857.5,,,-961.0,-31713.0,1209.142857142857,8464.0,-341.1333333333333,-10234.0,4627.15,69407.25,1,3.0,1539.0,0
,0.0,,0.0,,0.0,,0.0,NORFOLK,,0.0,170.5,170.5,,,0.0,,0.0,-325.0,-1300.0,,0.0,1146.0,0.0,,0.0,,0.0,0.0,-30.625,-367.5,1963.392857142857,13743.75,52.617999999999995,1.310806,,0.0,,0.0,Carrow Abbey,15558.25,Benedictine,,POINT (624214.9616350887 307391.9997492834),1.0,,1.0,1,10.0,2.0,,0.0,,0.0,,0.0,802.9285714285714,5620.5,-4747.5,20305.75,-770.0,-3080.0,280.0,280.0,,0.0,,0.0,0,0.0,1538.0,0
,0.0,,0.0,,0.0,,0.0,LANCASHIRE,,0.0,,0.0,,,0.0,,0.0,-480.0,-2400.0,,0.0,1190.0,0.0,,0.0,,0.0,0.0,,0.0,4530.75,18123.0,54.201107,-2.951892,,0.0,1440.0,1440.0,Cartmel Priory,19035.0,Augustinian,,POINT (338001.8106513256 478790.3461040723),5.0,1.0,1.0,0,0.0,0.0,,0.0,,0.0,,0.0,3140.0,6280.0,,27595.0,-400.0,-800.0,,0.0,-1440.0,-1440.0,,0.0,0,0.0,1536.0,1
,0.0,,0.0,,0.0,,0.0,NORFOLK,,0.0,120.0,600.0,,,0.0,,0.0,-380.0,-2280.0,,0.0,1088.0,0.0,,0.0,,0.0,0.0,-220.375,-881.5,2719.375,27193.75,52.700666,0.683798,,0.0,2640.0,2640.0,Castle Acre Priory,73576.75,Benedictine,,POINT (581437.6153693164 314819.8063660416),1.0,1.0,1.0,0,0.0,1.0,-65.83333333333333,-197.5,,0.0,,0.0,991.3333333333334,35688.0,-6793.0,80369.75,-569.3333333333334,-3416.0,749.8947368421053,14248.0,-18.0,-18.0,,0.0,0,0.0,1537.0,0
-1228.0,-1228.0,,0.0,,0.0,,0.0,MIDDLESEX,,0.0,,0.0,,,0.0,,0.0,-240.0,-240.0,,0.0,1371.0,0.0,,0.0,,0.0,0.0,-342.8142857142857,-11998.5,24424.0,122120.0,51.521372,-0.100136,,0.0,,0.0,Charterhouse London,154084.5,Carthusian,,POINT (531906.3705715322 181983.050177285),2.0,,1.0,1,50.0,1.0,,0.0,,0.0,,0.0,5279.0,47511.0,-22586.5,176671.0,-3040.0,-9120.0,,0.0,,0.0,2880.0,2880.0,0,0.0,1537.0,0
,0.0,,0.0,,0.0,,0.0,BEDFORDSHIRE,,0.0,400.0,400.0,,,0.0,,0.0,-260.0,-2080.0,,0.0,1150.0,0.0,,0.0,,0.0,0.0,-57.57142857142857,-403.0,1280.3181818181818,42250.5,52.040896,-0.366417,,0.0,,0.0,Chicksands Priory,50921.5,Gilbertine,,POINT (512138.9859951986 239313.0875388607),2.0,1.0,1.0,0,0.0,2.0,,0.0,,0.0,,0.0,2272.0,11360.0,-4319.0,55240.5,-262.2857142857143,-1836.0,,0.0,,0.0,660.0,1320.0,0,0.0,1538.0,0
,0.0,,0.0,,0.0,,0.0,CAMBRIDGESHIRE,,0.0,,0.0,,,0.0,,0.0,,0.0,,0.0,1184.0,1.0,,0.0,,0.0,0.0,,0.0,,0.0,52.3005,0.4388,,0.0,,0.0,Chippenham Preceptory,7920.0,Augustinian,,POINT (566389.0425458276 269729.3367024279),1.0,1.0,1.0,0,0.0,4.0,,0.0,,0.0,,0.0,,0.0,,,,0.0,,0.0,,0.0,,0.0,0,0.0,1540.0,0
,0.0,,0.0,,0.0,,0.0,OXFORDSHIRE,,0.0,,0.0,,,0.0,,0.0,-176.0,-352.0,,0.0,1157.0,0.0,,0.0,,0.0,0.0,-20.0,-20.0,633.5555555555555,5702.0,52.139338,-1.332007,,0.0,,0.0,Clattercote Priory,8399.0,Gilbertine,,POINT (445812.5847951408 249213.4932252145),2.0,1.0,1.0,0,0.0,2.0,,0.0,,0.0,,0.0,3600.0,3600.0,-2420.0,10155.0,-180.0,-360.0,,0.0,,0.0,600.0,600.0,0,0.0,1538.0,0
-1100.0,-6600.0,,0.0,,0.0,,0.0,SOMERSET,,0.0,208.0,1248.0,1.0,,0.0,,0.0,-300.1333333333333,-4502.0,,0.0,1189.0,0.0,,0.0,,0.0,0.0,-308.26190476190476,-6473.5,2932.342105263158,55714.5,51.157446,-3.3635469999999996,-6.0,-6.0,,0.0,Cleeve Abbey,37313.25,Cistercian,,POINT (304741.1474996319 140683.7281721267),3.0,1.0,1.0,0,0.0,1.0,-20.0,-40.0,,0.0,,0.0,1901.0,7604.0,,,-1131.3333333333333,-6788.0,160.0,160.0,-873.1666666666666,-5239.0,660.0,1320.0,0,0.0,1537.0,0
-160.0,-160.0,,0.0,,0.0,,0.0,HEREFORDSHIRE,,0.0,,0.0,,,0.0,,0.0,-346.6666666666667,-1040.0,,0.0,1130.0,0.0,,0.0,,0.0,0.0,-54.0,-54.0,6303.0,6303.0,52.094214,-3.0913320000000004,,0.0,,0.0,Clifford Priory,13768.0,Benedictine,,POINT (325333.0309464286 244546.8670530916),4.0,1.0,1.0,0,0.0,0.0,-128.0,-128.0,,0.0,,0.0,1573.3333333333333,9440.0,-1975.0,15743.0,-118.6,-593.0,,0.0,,0.0,,0.0,0,0.0,1536.0,1
-3040.0,-3040.0,,0.0,,0.0,,0.0,CHESHIRE,,0.0,,0.0,1.0,,0.0,,0.0,-546.6666666666666,-3280.0,,0.0,1133.0,0.0,,0.0,,0.0,0.0,-208.2,-1041.0,3093.4285714285716,43308.0,52.993610999999994,-2.613889,,0.0,40.0,40.0,Combermere Abbey,54115.0,Cistercian,,POINT (358891.8400627794 344206.1407201237),4.0,1.0,1.0,0,0.0,3.0,,0.0,,0.0,,0.0,2284.0,18272.0,-7883.0,61998.0,-126.0,-126.0,126.0,252.0,-396.0,-396.0,63.0,126.0,0,0.0,1539.0,0
-2520.0,-2520.0,,0.0,,0.0,,0.0,LANCASHIRE,,0.0,,0.0,,,0.0,,0.0,-181.33333333333334,-1088.0,,0.0,1181.0,0.0,,0.0,,0.0,0.0,,0.0,1039.0833333333333,12469.0,54.173143,-3.067932,,0.0,,0.0,Conishead Priory,23282.0,Augustinian,,POINT (330385.2549711518 475787.3437334781),5.0,1.0,1.0,0,0.0,0.0,,0.0,,0.0,,0.0,2164.5,17316.0,-6503.0,29785.0,-405.6,-2028.0,,0.0,-800.0,-800.0,,0.0,0,0.0,1536.0,1
-720.0,-720.0,,0.0,,0.0,,0.0,"YORKSHIRE, NORTH RIDING",,0.0,,0.0,,,0.0,,0.0,-270.0,-2160.0,,0.0,1212.0,0.0,,0.0,,0.0,0.0,-16.875,-135.0,741.8823529411765,25224.0,54.2732,-1.8387,,0.0,,0.0,Coverham Abbey,38619.0,Premonstratensian,,POINT (410602.2222178697 486405.2305707731),5.0,1.0,1.0,0,0.0,0.0,,0.0,,0.0,,0.0,4368.0,21840.0,-8837.0,49856.0,-534.1538461538462,-6944.0,,0.0,,0.0,2880.0,2880.0,0,0.0,1536.0,1
-260.0,-520.0,,0.0,,0.0,,0.0,OXFORDSHIRE,,0.0,120.0,120.0,,,0.0,,0.0,-360.0,-720.0,,0.0,1140.0,0.0,,0.0,,0.0,0.0,-273.88461538461536,-3560.5,863.5434782608696,19861.5,51.6437,-1.1644,,0.0,,0.0,Dorchester Abbey,45630.25,Augustinian,,POINT (457915.2729126454 194207.8341973772),2.0,1.0,1.0,0,0.0,0.0,-152.0,-152.0,,0.0,,0.0,2270.769230769231,29520.0,,,-456.2857142857143,-3194.0,96.0,96.0,,0.0,1260.0,2520.0,0,0.0,1536.0,1
-432.0,-432.0,,0.0,,0.0,,0.0,HEREFORDSHIRE,,0.0,60.0,120.0,1.0,,0.0,,0.0,-392.0,-1960.0,,0.0,1147.0,0.0,,0.0,,0.0,0.0,-96.66666666666667,-290.0,5476.0,21904.0,51.967946,-2.893758,,0.0,,0.0,Dore Abbey,24302.0,Cistercian,,POINT (338695.1247946844 230317.8779838122),4.0,1.0,1.0,0,0.0,0.0,,0.0,,0.0,,0.0,1053.3333333333333,6320.0,-4042.0,28344.0,-720.0,-2160.0,,0.0,,0.0,,0.0,0,0.0,1536.0,1
-336.0,-336.0,,0.0,,0.0,,0.0,BEDFORDSHIRE,,0.0,480.0,480.0,,,0.0,,0.0,-540.0,-2160.0,,0.0,1132.0,0.0,,0.0,,0.0,0.0,-49.57142857142857,-694.0,1784.4711538461538,46396.25,51.886003,-0.51771,,0.0,,0.0,Dunstable Priory,82719.5,Augustinian,,POINT (502113.6664841406 221864.2050632905),2.0,1.0,1.0,0,0.0,4.0,-450.0,-900.0,,0.0,,0.0,1595.642857142857,22339.0,-13936.0,96655.5,-878.5454545454545,-9664.0,1346.6666666666667,4040.0,-36.4,-182.0,2600.0,23400.0,0,0.0,1540.0,0
-160.0,-160.0,,0.0,,0.0,,0.0,OXFORDSHIRE,,0.0,,0.0,,,0.0,,0.0,-1440.0,-1440.0,,0.0,1291.0,0.0,,0.0,,0.0,0.0,-48.0,-192.0,,0.0,51.7553,-1.2571800000000002,,0.0,,0.0,Durham College,27652.0,Benedictine,,POINT (451369.2260689634 206550.263453401),2.0,,1.0,0,0.0,9.0,,0.0,,0.0,,0.0,,0.0,-1792.0,29443.0,,0.0,4907.166666666667,29443.0,,0.0,,0.0,1,5.0,1545.0,0
,0.0,,0.0,,0.0,,0.0,DURHAM,,0.0,480.0,480.0,,,0.0,,0.0,-604.4444444444445,-16320.0,,0.0,1083.0,0.0,,0.0,,0.0,0.0,-314.36538461538464,-8173.5,1942.4238095238095,203954.5,54.77321,-1.57683,,0.0,,0.0,Durham Priory,327969.0,Benedictine,,POINT (427321.3967025032 542113.303486921),5.0,,1.0,0,0.0,4.0,,0.0,,0.0,,0.0,5948.823529411765,101130.0,-59809.5,387778.5,-1735.0,-20820.0,424.2105263157895,8060.0,,0.0,7122.0,64098.0,1,3.0,1540.0,0
,0.0,,0.0,,0.0,,0.0,SUSSEX,,0.0,,0.0,,,0.0,,0.0,-320.0,-640.0,,0.0,1250.0,0.0,,0.0,,0.0,1.0,-21.416666666666668,-257.0,606.2222222222222,5456.0,50.995034,-0.725849,,0.0,,0.0,Easebourne Priory,7159.0,Augustinian,,POINT (489512.3409097948 122510.6172646779),3.0,1.0,1.0,0,0.0,0.0,-168.0,-336.0,,0.0,,0.0,976.6666666666666,5860.0,-4157.0,11316.0,-1280.0,-2560.0,,0.0,-121.33333333333333,-364.0,,0.0,0,0.0,1536.0,1
,0.0,,0.0,,0.0,,0.0,WILTSHIRE,,0.0,80.0,160.0,,,0.0,,0.0,-400.0,-800.0,,0.0,1251.0,0.0,,0.0,,0.0,0.0,-73.0,-292.0,1064.4,5322.0,51.342285,-1.7041629999999999,,0.0,,0.0,Easton Priory,10224.0,Augustinian,,POINT (420702.0605156572 160397.2784774953),3.0,1.0,1.0,0,0.0,2.0,-696.0,-696.0,,0.0,,0.0,1972.5,7890.0,-3148.0,13372.0,-680.0,-1360.0,,0.0,,0.0,,0.0,0,0.0,1538.0,0
-940.0,-940.0,,0.0,,0.0,,0.0,"YORKSHIRE, NORTH RIDING",,0.0,,0.0,,,0.0,,0.0,-320.0,-960.0,,0.0,1197.0,0.0,,0.0,,0.0,0.0,-119.77272727272727,-1317.5,990.3076923076923,12874.0,54.53125899999999,-1.9051149999999997,,0.0,,0.0,Egglestone Abbey,6339.0,Premonstratensian,,POINT (406238.8141403938 515112.1016498894),5.0,1.0,1.0,0,0.0,4.0,,0.0,,0.0,,0.0,930.6666666666666,2792.0,-6939.0,15666.0,-465.3125,-3722.5,,0.0,,0.0,,0.0,0,0.0,1540.0,0
,0.0,,0.0,,0.0,,0.0,LINCOLNSHIRE,,0.0,24.0,24.0,,,0.0,,0.0,-250.0,-1000.0,,0.0,1166.0,0.0,,0.0,,0.0,0.0,-137.84615384615384,-1792.0,664.4545454545455,14618.0,53.599297,-0.436729,,0.0,,0.0,Elsham Priory,16808.0,Augustinian,,POINT (503550.3660849381 412547.6011123704),4.0,1.0,1.0,0,0.0,0.0,-270.0,-270.0,,0.0,,0.0,1300.0,5200.0,-3326.0,20134.0,-264.0,-264.0,,0.0,,0.0,116.0,232.0,0,0.0,1536.0,1
,0.0,,0.0,,0.0,,0.0,BEDFORDSHIRE,,0.0,480.0,480.0,,,0.0,,0.0,-680.0,-4080.0,,0.0,1090.0,0.0,,0.0,,0.0,1.0,-50.0,-150.0,1772.296875,28356.75,52.11495,-0.46935,,0.0,,0.0,Elstow Abbey,68315.75,Benedictine,,POINT (504906.0660198535 247395.3629903264),2.0,1.0,1.0,0,0.0,3.0,-236.0,-944.0,,0.0,,0.0,1968.6,39372.0,-9710.0,78025.75,-453.6,-4536.0,800.0,2400.0,,0.0,1059.4285714285713,7416.0,0,0.0,1539.0,0
,0.0,,0.0,,0.0,,0.0,DURHAM,,0.0,,0.0,1.0,,0.0,,0.0,,0.0,,0.0,,0.0,,0.0,,0.0,0.0,,0.0,,0.0,55.616568,-1.655133,,0.0,,0.0,Farne Abbey,3092.0,Benedictine,,POINT (421821.3072992499 635940.4125829763),5.0,1.0,1.0,0,0.0,2.0,,0.0,,0.0,,0.0,,0.0,,,,0.0,,0.0,,0.0,618.4,3092.0,0,0.0,1538.0,0
,0.0,,0.0,-960.0,-960.0,720.0,720.0,KENT,,0.0,,0.0,,,0.0,,0.0,-360.0,-720.0,,0.0,1095.0,0.0,,0.0,,0.0,0.0,-61.5,-123.0,1200.0,1200.0,51.078796,1.181644,,0.0,,0.0,Folkestone Priory,10030.0,Benedictine,628.0,POINT (622953.0288432722 135867.549960232),2.0,1.0,1.0,0,0.0,-1.0,-174.0,-174.0,,0.0,,0.0,3719.6666666666665,11159.0,-5097.0,15127.0,-1560.0,-3120.0,2048.0,2048.0,,0.0,,0.0,0,0.0,1535.0,0
,0.0,,0.0,,0.0,,0.0,DEVON,-352.0,-352.0,188.15384615384616,2446.0,1.0,,0.0,,0.0,-264.0,-2640.0,,0.0,1136.0,0.0,,0.0,,0.0,0.0,-44.0,-220.0,3031.7207407407395,81856.45999999996,50.842566,-2.911506,,0.0,,0.0,Forde Abbey,89646.5,Cistercian,,POINT (335919.1321743628 105179.4275523773),3.0,1.0,1.0,0,0.0,3.0,,0.0,,0.0,,0.0,1493.3333333333333,4480.0,,,-216.75,-1734.0,960.0,960.0,,0.0,,0.0,0,0.0,1539.0,0
,0.0,,0.0,,0.0,,0.0,CAMBRIDGESHIRE,,0.0,,0.0,,,0.0,,0.0,,0.0,,0.0,1227.0,1.0,,0.0,,0.0,0.0,,0.0,,0.0,52.3054,0.3865,,0.0,,0.0,Fordham Priory,9760.5,Gilbertine,,POINT (562805.4823484732 270155.4349857507),1.0,1.0,1.0,0,0.0,4.0,,0.0,,0.0,,0.0,,0.0,,,,0.0,,0.0,,0.0,,0.0,0,0.0,1540.0,0
-4860.0,-4860.0,,0.0,,0.0,,0.0,"YORKSHIRE, WEST RIDING",-44.0,-44.0,120.0,120.0,,,0.0,,0.0,-400.258064516129,-12408.0,,0.0,1132.0,0.0,,0.0,,0.0,0.0,-389.2258064516129,-12066.0,1689.2072368421052,256759.5,54.109931,-1.581182,,0.0,,0.0,Fountains Abbey,214792.5,Cistercian,,POINT (427479.815870623 468307.3612422856),5.0,1.0,1.0,0,0.0,3.0,,0.0,,0.0,,0.0,9080.0,18160.0,-42735.0,263367.5,-2222.1666666666665,-13333.0,,0.0,-24.0,-24.0,6400.0,6400.0,0,0.0,1539.0,0
,0.0,,0.0,,0.0,,0.0,DEVON,,0.0,529.0625,2116.25,,,0.0,,0.0,-293.3333333333333,-880.0,,0.0,1220.0,0.0,,0.0,,0.0,0.0,-24.0,-24.0,2804.1666666666665,16825.0,50.955,-4.188333,-12.0,-12.0,,0.0,Frithelstock Priory,30508.25,Augustinian,,POINT (246398.4441418592 119566.7734100737),3.0,1.0,1.0,0,0.0,0.0,-39.111111111111114,-352.0,,0.0,,0.0,5264.75,15794.25,,,-960.0,-960.0,,0.0,,0.0,120.0,120.0,0,0.0,1536.0,1
-1040.0,-1040.0,,0.0,,0.0,,0.0,LANCASHIRE,,0.0,1936.0,1936.0,1.0,,0.0,,0.0,-794.6,-15892.0,,0.0,1127.0,0.0,,0.0,,0.0,0.0,-446.6666666666667,-4020.0,1242.5972222222222,178934.0,54.135859,-3.198288,,0.0,1750.0,5250.0,Furness Abbey,193397.0,Cistercian,,POINT (321805.7531609035 471775.7525927424),5.0,1.0,1.0,0,0.0,1.0,,0.0,,0.0,,0.0,8498.4,42492.0,-33737.0,227134.0,-2184.1666666666665,-13105.0,1440.0,1440.0,,0.0,656.0,1968.0,0,0.0,1537.0,0
-17500.0,-35000.0,,0.0,-1200.0,-1200.0,,0.0,SOMERSET,-849.0,-849.0,448.9635416666667,21550.25,,-8000.0,-8000.0,,0.0,-470.61328125,-30119.25,,0.0,700.0,0.0,,0.0,,0.0,0.0,-43.583333333333336,-523.0,5962.940265486725,673812.25,51.146677,-2.715335,,0.0,4400.0,4400.0,Glastonbury Abbey,794248.75,Benedictine,,POINT (350059.2548020535 138845.7163452986),3.0,1.0,1.0,0,0.0,3.0,-130.0,-520.0,,0.0,,0.0,4171.133333333333,62567.0,-47352.0,842080.75,-387.90909090909093,-4267.0,352.0,5280.0,,0.0,1302.7962962962963,70351.0,0,0.0,1539.0,0
,0.0,,0.0,,0.0,,0.0,"YORKSHIRE, WEST RIDING",,0.0,12.0,12.0,,,0.0,,0.0,-293.3333333333333,-880.0,,0.0,1170.0,0.0,,0.0,,0.0,1.0,-24.875,-199.0,354.2258064516129,10981.0,53.58767,-1.237362,,0.0,560.0,560.0,Hampole Priory,15188.0,Cistercian,,POINT (450582.025778694 410388.8706575638),5.0,1.0,1.0,0,0.0,3.0,,0.0,,0.0,,0.0,1213.7142857142858,8496.0,-5295.0,20483.0,-702.6666666666666,-4216.0,,0.0,,0.0,137.33333333333334,412.0,0,0.0,1539.0,0
-144.0,-144.0,,0.0,,0.0,,0.0,BEDFORDSHIRE,,0.0,160.0,160.0,,,0.0,,0.0,-373.3333333333333,-1120.0,,0.0,1145.0,0.0,,0.0,,0.0,1.0,-18.666666666666668,-56.0,189.3684210526316,3598.0,52.19945,-0.60547,,0.0,,0.0,Harrold Priory,9818.0,Augustinian,,POINT (495405.3844018687 256605.6572011692),2.0,1.0,1.0,0,0.0,0.0,-180.0,-180.0,,0.0,,0.0,2400.0,4800.0,-1500.0,11318.0,,0.0,,0.0,,0.0,2640.0,2640.0,0,0.0,1536.0,1
,0.0,,0.0,,0.0,,0.0,DEVON,,0.0,1535.0,4605.0,,,0.0,,0.0,-470.0,-2820.0,,0.0,1157.0,0.0,,0.0,,0.0,0.0,-101.5,-406.0,3557.15625,28457.25,50.996667,-4.508611,,0.0,,0.0,Hartland Abbey,73642.0,Augustinian,,POINT (224064.2215319504 124915.6388186837),3.0,1.0,1.0,0,0.0,3.0,-45.75,-366.0,,0.0,,0.0,3788.4,37884.0,,,-360.0,-360.0,210.66666666666666,632.0,,0.0,2880.0,2880.0,0,0.0,1539.0,0
-48.0,-48.0,,0.0,,0.0,,0.0,WARWICKSHIRE,,0.0,,0.0,,,0.0,,0.0,-240.0,-480.0,,0.0,1155.0,0.0,,0.0,,0.0,1.0,-31.0,-31.0,244.5,5623.5,52.405724,-1.729754,,0.0,,0.0,Henwood Priory,5064.5,Benedictine,,POINT (418481.3388029154 278667.764593217),4.0,1.0,1.0,0,0.0,0.0,,0.0,,0.0,,0.0,,0.0,-559.0,5623.5,,0.0,,0.0,,0.0,,0.0,0,0.0,1536.0,1
,0.0,,0.0,,0.0,,0.0,NORTHUMBERLAND,,0.0,,0.0,,,0.0,,0.0,,0.0,,0.0,1113.0,1.0,,0.0,,0.0,0.0,,0.0,,0.0,54.971541,-2.102745,,0.0,,0.0,Hexham Priory,29413.0,Augustinian,,POINT (393521.3380659808 564106.724574308),5.0,1.0,1.0,0,0.0,1.0,,0.0,,0.0,,0.0,,0.0,,,,0.0,,0.0,,0.0,,0.0,0,0.0,1537.0,0
,0.0,,0.0,,0.0,,0.0,LINCOLNSHIRE,,0.0,,0.0,,,0.0,,0.0,-240.0,-720.0,,0.0,1145.0,0.0,,0.0,,0.0,1.0,-54.666666666666664,-328.0,1680.0,6720.0,53.357499999999995,-0.7296299999999999,,0.0,,0.0,Heynings Priory,11810.0,Cistercian,,POINT (484647.1457324733 385262.8518120056),4.0,1.0,1.0,0,0.0,3.0,-90.0,-90.0,,0.0,,0.0,3680.0,7360.0,-2258.0,14080.0,-224.0,-1120.0,,0.0,,0.0,,0.0,0,0.0,1539.0,0
,0.0,,0.0,,0.0,,0.0,NORFOLK,,0.0,590.75,2363.0,,,0.0,,0.0,-205.0,-1640.0,,0.0,1185.0,0.0,,0.0,,0.0,0.0,-470.8888888888889,-4238.0,1526.0576923076924,19838.75,52.76689999999999,1.5829999999999997,,0.0,,0.0,Hickling Priory,24223.75,Augustinian,,POINT (641810.3137142896 324828.1169640156),1.0,1.0,1.0,0,0.0,0.0,,0.0,,0.0,,0.0,1704.0,10224.0,-8202.0,32425.75,-332.0,-2324.0,,0.0,,0.0,,0.0,0,0.0,1536.0,1
,0.0,,0.0,,0.0,,0.0,SOMERSET,,0.0,266.6666666666667,1600.0,,,0.0,,0.0,-310.0,-1550.0,,0.0,1232.0,0.0,,0.0,,0.0,0.0,-363.3333333333333,-1090.0,1964.5185185185185,53042.0,51.3313,-2.3199,,0.0,840.0,840.0,Hinton Priory,59750.0,Carthusian,,POINT (377808.7817525833 159182.8936136053),3.0,1.0,1.0,0,0.0,3.0,,0.0,,0.0,,0.0,,0.0,-3274.0,63024.0,-547.0,-2735.0,,0.0,-140.0,-140.0,1194.0,9552.0,0,0.0,1539.0,0
,0.0,,0.0,,0.0,,0.0,HERTFORDSHIRE,,0.0,,0.0,,,0.0,,0.0,,0.0,,0.0,1361.0,1.0,,0.0,,0.0,0.0,,0.0,,0.0,51.946926,-0.276495,,0.0,,0.0,Hitchin Priory,3312.0,Gilbertine,,POINT (518553.8428971622 229005.1693422898),2.0,1.0,1.0,0,0.0,2.0,,0.0,,0.0,,0.0,,0.0,,,,0.0,,0.0,,0.0,,0.0,0,0.0,1538.0,0
,0.0,,0.0,,0.0,,0.0,MIDDLESEX,,0.0,,0.0,,,0.0,,0.0,,0.0,,0.0,1107.0,1.0,,0.0,,0.0,1.0,,0.0,,0.0,51.513646,-0.078074,,0.0,,0.0,"Holy Trinity Priory, Aldgate",85362.0,Augustinian,,POINT (533459.4382681773 181163.9028187949),2.0,,1.0,0,0.0,-4.0,,0.0,,0.0,,0.0,,0.0,,,,0.0,,0.0,,0.0,,0.0,1,50.0,1532.0,0
-432.0,-432.0,,0.0,,0.0,,0.0,SUFFOLK,,0.0,,0.0,,,0.0,,0.0,-352.0,-1760.0,,0.0,1177.0,0.0,,0.0,,0.0,0.0,-116.27027027027027,-4302.0,625.9459459459459,23160.0,52.060559999999995,1.15814,,0.0,,0.0,"Holy Trinity Priory, Ipswich",21201.0,Augustinian,,POINT (616589.875485907 244947.5649923992),1.0,,1.0,0,0.0,1.0,-504.5,-1009.0,,0.0,,0.0,1096.0,5480.0,,,,0.0,,0.0,-50.0,-50.0,,0.0,1,3.0,1537.0,0
,0.0,,0.0,,0.0,,0.0,LANCASHIRE,,0.0,240.0,240.0,,,0.0,,0.0,,0.0,,0.0,1175.0,0.0,,0.0,,0.0,0.0,,0.0,658.05,6580.5,54.115407,-2.648124,,0.0,,0.0,Hornby Priory,6820.5,Premonstratensian,,POINT (357730.0900869755 469030.326491427),5.0,1.0,1.0,0,0.0,2.0,,0.0,,0.0,,0.0,,0.0,,,,0.0,,0.0,,0.0,,0.0,0,0.0,1538.0,0
,0.0,,0.0,,0.0,,0.0,DORSET,,0.0,,0.0,1.0,,0.0,,0.0,,0.0,,0.0,971.0,1.0,,0.0,,0.0,0.0,,0.0,,0.0,50.866545,-1.958522,,0.0,,0.0,Horton Priory,12720.0,Benedictine,,POINT (403014.7014043335 107450.6539957815),3.0,1.0,1.0,0,0.0,3.0,,0.0,,0.0,,0.0,,0.0,,,,0.0,,0.0,,0.0,,0.0,0,0.0,1539.0,0
,0.0,,0.0,,0.0,,0.0,SUFFOLK,,0.0,,0.0,1.0,,0.0,,0.0,,0.0,,0.0,962.0,1.0,,0.0,,0.0,0.0,,0.0,,0.0,52.342,1.203,,0.0,,0.0,Hoxne Priory,4320.0,Benedictine,,POINT (618280.9027273192 276374.1303658709),1.0,1.0,1.0,0,0.0,2.0,,0.0,,0.0,,0.0,,0.0,,,,0.0,,0.0,,0.0,,0.0,0,0.0,1538.0,0
-80.0,-80.0,,0.0,,0.0,,0.0,LINCOLNSHIRE,,0.0,,0.0,,,0.0,,0.0,-173.33333333333334,-520.0,,0.0,1172.0,0.0,,0.0,,0.0,0.0,-40.0,-40.0,437.35714285714283,6123.0,53.53406,-0.025960000000000004,,0.0,,0.0,Humberston Abbey,7695.0,Benedictine,,POINT (530932.2682973336 405965.800632645),4.0,,1.0,1,1.0,0.0,-200.0,-200.0,,0.0,,0.0,1360.0,4080.0,-2520.0,10215.0,-840.0,-1680.0,,0.0,,0.0,12.0,12.0,0,0.0,1536.0,1
,0.0,,0.0,,0.0,,0.0,BERKSHIRE,,0.0,,0.0,1.0,,0.0,,0.0,,0.0,,0.0,1086.0,1.0,,0.0,,0.0,0.0,,0.0,,0.0,51.5496,-0.8097,,0.0,,0.0,Hurley Priory,29261.0,Benedictine,,POINT (482628.7209252481 184082.9720844049),2.0,1.0,1.0,0,0.0,0.0,,0.0,,0.0,,0.0,,0.0,,,,0.0,,0.0,,0.0,,0.0,0,0.0,1536.0,1
,0.0,,0.0,,0.0,,0.0,HAMPSHIRE,,0.0,,0.0,,,0.0,,0.0,,0.0,,0.0,901.0,1.0,,0.0,,0.0,0.0,,0.0,,0.0,51.0686,-1.3143,,0.0,,0.0,Hyde Abbey,207618.75,Benedictine,,POINT (448141.0763545426 130142.8357343452),3.0,,1.0,0,0.0,2.0,,0.0,,0.0,,0.0,,0.0,-30814.25,238433.0,,0.0,,0.0,,0.0,,0.0,1,3.0,1538.0,0
-160.0,-160.0,,0.0,,0.0,,0.0,DURHAM,,0.0,,0.0,1.0,,0.0,,0.0,-240.0,-240.0,,0.0,1075.0,0.0,,0.0,,0.0,0.0,,0.0,1657.3333333333333,4972.0,54.980375,-1.472183,,0.0,,0.0,Jarrow Priory,9280.0,Benedictine,681.0,POINT (433879.9058367534 565212.1092496533),5.0,,1.0,1,3.0,0.0,,0.0,,0.0,,0.0,4720.0,4720.0,-400.0,2492.0,,0.0,,0.0,,0.0,,0.0,0,0.0,1536.0,1
,0.0,,0.0,,0.0,,0.0,DEVON,,0.0,,0.0,,,0.0,,0.0,,0.0,,0.0,1125.0,1.0,,0.0,,0.0,0.0,,0.0,,0.0,50.849253,-3.316734,,0.0,,0.0,Kerswell Priory,6720.0,Benedictine,,POINT (307402.4227588391 106353.3011055372),3.0,1.0,1.0,0,0.0,2.0,,0.0,,0.0,,0.0,,0.0,,,,0.0,,0.0,,0.0,,0.0,0,0.0,1538.0,0
-2580.0,-2580.0,,0.0,,0.0,,0.0,SOMERSET,,0.0,1368.0,1368.0,,,0.0,,0.0,-392.2105263157895,-7452.0,,0.0,1167.0,0.0,,0.0,,0.0,0.0,-30.5,-244.0,2593.4285714285716,90770.0,51.4172,-2.4961,,0.0,4240.0,4240.0,Keynsham Abbey,100684.25,Augustinian,,POINT (365597.6564672741 168804.2750845376),3.0,1.0,1.0,0,0.0,3.0,-199.25,-597.75,,0.0,,0.0,2064.0,10320.0,-7357.75,108042.0,-140.0,-420.0,140.0,560.0,,0.0,2257.3333333333335,6772.0,0,0.0,1539.0,0
,0.0,,0.0,,0.0,,0.0,MIDDLESEX,,0.0,75.0,225.0,,,0.0,,0.0,-206.66666666666666,-620.0,,0.0,1134.0,0.0,,0.0,,0.0,1.0,-123.33333333333333,-370.0,961.7333333333333,14426.0,51.541066,-0.198922,,0.0,,0.0,Kilburn Priory Benedictines,17855.0,Benedictine,,POINT (524999.3375303233 183999.7879469722),2.0,1.0,1.0,0,0.0,0.0,-90.0,-90.0,,0.0,,0.0,2160.0,2160.0,-2400.0,20735.0,-600.0,-1800.0,1968.0,3936.0,,0.0,,0.0,0,0.0,1536.0,1
,0.0,,0.0,,0.0,,0.0,NORFOLK,,0.0,,0.0,1.0,,0.0,,0.0,,0.0,,0.0,1100.0,1.0,,0.0,,0.0,0.0,,0.0,,0.0,52.751422,0.395442,,0.0,,0.0,King's Lynn Priory Benedictines,6000.0,Benedictine,,POINT (561769.1499521193 319777.4265969887),1.0,1.0,1.0,0,0.0,3.0,,0.0,,0.0,,0.0,,0.0,,,,0.0,,0.0,,0.0,,0.0,0,0.0,1539.0,0
,0.0,,0.0,,0.0,,0.0,WILTSHIRE,,0.0,,0.0,,,0.0,,0.0,,0.0,,0.0,1139.0,1.0,,0.0,,0.0,0.0,,0.0,,0.0,51.626558,-2.366789,,0.0,,0.0,Kingswood Abbey,55680.0,Cistercian,,POINT (374706.5364473794 192034.9273983368),3.0,1.0,1.0,0,0.0,2.0,,0.0,,0.0,,0.0,,0.0,,,,0.0,,0.0,,0.0,,0.0,0,0.0,1538.0,0
,0.0,,0.0,,0.0,,0.0,LINCOLNSHIRE,,0.0,,0.0,1.0,,0.0,,0.0,-294.4,-5888.0,,0.0,1139.0,0.0,,0.0,,0.0,0.0,-414.0,-4140.0,1155.48046875,73950.75,53.138463,-0.223131,,0.0,908.0,3632.0,Kirkstead Abbey,92671.75,Cistercian,,POINT (518959.7896281908 361617.2607249817),4.0,1.0,1.0,0,0.0,1.0,-212.0,-212.0,,0.0,,0.0,,0.0,-12616.0,81287.75,-544.0,-1088.0,,0.0,-304.8,-1524.0,1840.0,3680.0,0,0.0,1537.0,0
-4088.0,-4088.0,,0.0,,0.0,,0.0,LINCOLNSHIRE,,0.0,20.0,20.0,,,0.0,,0.0,-240.0,-960.0,,0.0,1169.0,0.0,,0.0,,0.0,0.0,-44.375,-355.0,519.2571428571429,18174.0,53.032601,-0.258822,,0.0,,0.0,Kyme Priory,24244.0,Augustinian,,POINT (516858.511322758 349783.454293474),4.0,1.0,1.0,0,0.0,3.0,-610.0,-610.0,,0.0,,0.0,1282.2222222222222,11540.0,-8933.0,33177.0,-720.0,-2880.0,347.6666666666667,1043.0,-40.0,-40.0,,0.0,0,0.0,1539.0,0
-1539.0,-1539.0,,0.0,,0.0,,0.0,NORFOLK,,0.0,48.0,96.0,,,0.0,,0.0,-218.66666666666666,-1968.0,,0.0,1195.0,0.0,,0.0,,0.0,0.0,-124.0,-868.0,1243.8235294117646,21145.0,52.572177,1.485601,,0.0,,0.0,Langley Abbey,25157.5,Premonstratensian,,POINT (636290.1537558555 302855.2708525502),1.0,1.0,1.0,0,0.0,0.0,-292.75,-585.5,,0.0,,0.0,1186.0625,9488.5,-5800.5,30957.5,-280.0,-840.0,,0.0,,0.0,,0.0,0,0.0,1536.0,1
-446.5,-1786.0,,0.0,,0.0,,0.0,CORNWALL,,0.0,233.0,2796.0,,,0.0,,0.0,-476.8888888888889,-4292.0,,0.0,1127.0,0.0,,0.0,,0.0,0.0,,0.0,2931.828125,46909.25,50.63642500000001,-4.355307,,0.0,,0.0,Launceston Priory,84971.25,Augustinian,,POINT (233543.5691318694 84507.9351639722),3.0,1.0,1.0,0,0.0,2.0,-189.0,-189.0,,0.0,,0.0,1613.0434782608695,37100.0,,,-532.0,-2660.0,116.4,1164.0,-59.0,-236.0,6245.0,6245.0,0,0.0,1538.0,0
-800.0,-800.0,,0.0,,0.0,,0.0,LEICESTERSHIRE,,0.0,31.0,124.0,,,0.0,,0.0,-390.7692307692308,-5080.0,,0.0,1125.0,0.0,,0.0,,0.0,0.0,-631.5,-2526.0,1282.5833333333333,38477.5,52.6312,-0.8233660000000002,,0.0,,0.0,Launde Priory,95799.75,Augustinian,,POINT (479732.9056152182 304363.7627284302),4.0,1.0,1.0,0,0.0,3.0,-807.75,-807.75,,0.0,,0.0,2866.7368421052633,54468.0,-26797.75,122597.5,-925.4736842105264,-17584.0,158.85714285714286,1112.0,,0.0,27120.0,27120.0,0,0.0,1539.0,0
,0.0,,0.0,,0.0,,0.0,SURREY,,0.0,480.0,480.0,,,0.0,,0.0,-260.0,-780.0,,0.0,1158.0,0.0,,0.0,,0.0,0.0,-20.970588235294116,-356.5,369.2586206896552,10708.5,51.1695,-0.6683,,0.0,,0.0,Lavendon Abbey,19064.0,Premonstratensian,,POINT (493200.0476402314 141982.7740836972),2.0,1.0,1.0,0,0.0,0.0,-463.0,-463.0,,0.0,,0.0,1446.2,7231.0,-2815.5,21939.5,-291.2,-1456.0,,0.0,,0.0,3510.0,3510.0,0,0.0,1536.0,1
,0.0,,0.0,,0.0,,0.0,LINCOLNSHIRE,,0.0,,0.0,,,0.0,,0.0,-246.66666666666666,-740.0,,0.0,1150.0,0.0,,0.0,,0.0,1.0,-330.6666666666667,-992.0,443.3269230769231,5763.25,53.33744,0.040035,,0.0,,0.0,Legbourne Priory,9220.0,Cistercian,,POINT (535930.9563741193 384218.5661486663),4.0,1.0,1.0,0,0.0,0.0,-172.5,-345.0,,0.0,,0.0,1423.6,7118.0,-4621.0,13841.25,-699.2,-3496.0,,0.0,-8.0,-8.0,,0.0,0,0.0,1536.0,1
,0.0,,0.0,,0.0,,0.0,LEICESTERSHIRE,,0.0,58.77777777777778,1058.0,,,0.0,,0.0,-478.0,-4780.0,,0.0,1143.0,0.0,,0.0,,0.0,0.0,-245.57692307692307,-3192.5,1459.546875,163469.25,52.648989,-1.136583,,0.0,,0.0,Leicester Abbey,228413.75,Augustinian,,POINT (458510.8438451786 306042.6147528164),4.0,,1.0,1,3.0,2.0,-637.625,-2550.5,,0.0,,0.0,1429.265306122449,70034.0,-26471.0,254884.75,-1350.8,-13508.0,392.94117647058823,6680.0,,0.0,9840.0,9840.0,0,0.0,1538.0,0
,0.0,,0.0,,0.0,,0.0,SUFFOLK,,0.0,800.0,800.0,,,0.0,,0.0,-413.3333333333333,-2480.0,,0.0,1182.0,0.0,,0.0,,0.0,0.0,-277.27272727272725,-3050.0,726.1778846153846,37761.25,52.221447000000005,1.578016,,0.0,560.0,560.0,Leiston Abbey,43645.125,Premonstratensian,,POINT (644481.4447052176 264168.9622766563),1.0,1.0,1.0,0,0.0,1.0,-87.4,-437.0,,0.0,,0.0,2520.0,10080.0,,,-190.0,-760.0,,0.0,-80.0,-80.0,8.0625,16.125,0,0.0,1537.0,0
,0.0,,0.0,,0.0,,0.0,HEREFORDSHIRE,,0.0,,0.0,1.0,,0.0,,0.0,,0.0,,0.0,1125.0,1.0,,0.0,,0.0,0.0,,0.0,,0.0,52.2293,-2.7359,,0.0,,0.0,Leominster Priory,107520.0,Benedictine,850.0,POINT (349834.3728393234 259265.1947207369),4.0,1.0,1.0,0,0.0,3.0,,0.0,,0.0,,0.0,,0.0,,,,0.0,,0.0,,0.0,,0.0,0,0.0,1539.0,0
-1720.0,-1720.0,,0.0,,0.0,,0.0,DURHAM,,0.0,,0.0,1.0,,0.0,,0.0,-220.0,-880.0,,0.0,1122.0,0.0,,0.0,,0.0,0.0,-113.0,-113.0,413.14285714285717,5784.0,55.66931400000001,-1.800884,,0.0,,0.0,Lindisfarne Priory,11747.0,Benedictine,635.0,POINT (412623.7946087278 641774.7319349138),5.0,1.0,1.0,0,0.0,0.0,,0.0,,0.0,,0.0,8680.0,8680.0,-2713.0,14460.0,,0.0,,0.0,,0.0,,0.0,0,0.0,1536.0,1
-80.0,-80.0,,0.0,,0.0,,0.0,BUCKINGHAMSHIRE,,0.0,,0.0,,,0.0,,0.0,-760.0,-1520.0,,0.0,1175.0,0.0,,0.0,,0.0,1.0,-68.0,-68.0,396.625,6346.0,51.5854,-0.7422,,0.0,,0.0,Little Marlow Priory,5563.25,Benedictine,,POINT (487240.4032248031 188142.5777508207),2.0,1.0,1.0,0,0.0,0.0,-211.75,-211.75,,0.0,,0.0,872.3333333333334,2617.0,-3399.75,8963.0,-760.0,-1520.0,,0.0,,0.0,,0.0,0,0.0,1536.0,1
-120.0,-120.0,,0.0,,0.0,,0.0,LANCASHIRE,,0.0,,0.0,1.0,,0.0,,0.0,-200.0,-1000.0,,0.0,1192.0,0.0,,0.0,,0.0,0.0,,0.0,1295.375,10363.0,53.7441,-2.9768,,0.0,,0.0,Lytham Priory,11754.0,Benedictine,,POINT (335675.5533797813 427966.1708223699),5.0,1.0,1.0,0,0.0,-1.0,-36.0,-36.0,,0.0,,0.0,2327.0,2327.0,-1156.0,12910.0,,0.0,160.0,160.0,,0.0,,0.0,0,0.0,1535.0,0
,0.0,,0.0,,0.0,,0.0,NORFOLK,,0.0,160.0,160.0,,,0.0,,0.0,-280.0,-560.0,,0.0,1249.0,0.0,,0.0,,0.0,1.0,-53.5,-214.0,663.3055555555555,5969.75,52.659,0.5218,,0.0,,0.0,Marham Abbey,8081.75,Cistercian,,POINT (570655.7000999292 309790.5433333482),1.0,1.0,1.0,0,0.0,0.0,,0.0,,0.0,,0.0,640.0,640.0,-2054.0,10135.75,-1280.0,-1280.0,120.0,120.0,,0.0,3246.0,3246.0,0,0.0,1536.0,1
,0.0,,0.0,,0.0,,0.0,CAMBRIDGESHIRE,,0.0,,0.0,,,0.0,,0.0,-80.0,-80.0,,0.0,1204.0,0.0,,0.0,,0.0,0.0,-32.6,-163.0,518.7,2593.5,52.588554,0.20402,,0.0,,0.0,Marmont Priory,2491.0,Gilbertine,,POINT (549405.6203255946 301251.2455242905),1.0,1.0,1.0,0,0.0,2.0,-91.5,-91.5,,0.0,,0.0,600.0,600.0,-690.0,3193.5,-184.0,-368.0,,0.0,,0.0,,0.0,0,0.0,1538.0,0
-480.0,-480.0,,0.0,,0.0,,0.0,"YORKSHIRE, WEST RIDING",,0.0,,0.0,,,0.0,,0.0,-224.0,-1120.0,,0.0,1154.0,0.0,,0.0,,0.0,0.0,-113.0,-226.0,1290.08,32252.0,54.11794400000001,-1.107694,,0.0,,0.0,Marton Priory,36304.0,Augustinian,,POINT (458424.1866259699 469485.5646678667),5.0,1.0,1.0,0,0.0,0.0,,0.0,,0.0,,0.0,3898.6666666666665,11696.0,-7648.0,43948.0,-1928.6666666666667,-5786.0,,0.0,-48.0,-48.0,,0.0,0,0.0,1536.0,1
-384.0,-384.0,,0.0,,0.0,,0.0,BUCKINGHAMSHIRE,,0.0,840.0,1680.0,,,0.0,,0.0,-586.6666666666666,-1760.0,,0.0,1133.0,0.0,,0.0,,0.0,0.0,-219.11111111111111,-1972.0,1505.875,48188.0,51.700759,-0.702853,,0.0,,0.0,Missenden Abbey,62814.25,Augustinian,,POINT (489738.4336302932 201019.4204954859),2.0,1.0,1.0,0,0.0,2.0,-494.75,-494.75,,0.0,,0.0,1938.1,19381.0,-5774.75,68589.0,-291.0,-1164.0,1120.0,1120.0,,0.0,320.0,320.0,0,0.0,1538.0,0
,0.0,,0.0,,0.0,,0.0,NORFOLK,,0.0,,0.0,1.0,,0.0,,0.0,,0.0,,0.0,1291.0,1.0,,0.0,,0.0,0.0,,0.0,,0.0,52.540623,0.368985,,0.0,,0.0,Modney Priory,480.0,Benedictine,,POINT (560754.3499089114 296275.0600656088),1.0,1.0,1.0,0,0.0,3.0,,0.0,,0.0,,0.0,,0.0,,,,0.0,,0.0,,0.0,,0.0,0,0.0,1539.0,0
-38.0,-76.0,,0.0,,0.0,,0.0,"YORKSHIRE, WEST RIDING",,0.0,,0.0,,,0.0,,0.0,-342.85714285714283,-2400.0,,0.0,1154.0,0.0,,0.0,,0.0,0.0,-65.04166666666667,-1561.0,1066.0,24518.0,53.554013,-1.4383720000000002,,0.0,320.0,640.0,Monk Bretton Priory,57402.0,Benedictine,,POINT (437305.3849425735 406520.691267721),5.0,,1.0,1,1.0,2.0,-81.6,-408.0,,0.0,,0.0,8083.2,40416.0,-20216.0,77618.0,-697.2173913043479,-16036.0,,0.0,,0.0,1911.5,3823.0,0,0.0,1538.0,0
-640.0,-640.0,,0.0,,0.0,,0.0,WILTSHIRE,,0.0,57.125,457.0,,,0.0,,0.0,-408.8888888888889,-3680.0,,0.0,1120.0,0.0,,0.0,,0.0,0.0,-1399.4285714285713,-9796.0,2391.46875,38263.5,51.388848,-2.279744,,0.0,,0.0,Monkton Farleigh,36890.5,Benedictine,,POINT (380630.8641567466 165571.4805470242),3.0,1.0,1.0,0,0.0,1.0,-278.0,-278.0,,0.0,,0.0,1170.6666666666667,10536.0,,,-160.0,-160.0,257.09090909090907,2828.0,,0.0,,0.0,0,0.0,1537.0,0
,0.0,,0.0,,0.0,,0.0,"YORKSHIRE, NORTH RIDING",,0.0,,0.0,,,0.0,,0.0,-280.0,-840.0,,0.0,1154.0,0.0,,0.0,,0.0,1.0,,0.0,781.5555555555555,7034.0,54.095015,-1.08895,,0.0,,0.0,Moxby Priory,6274.0,Benedictine,,POINT (459682.2081540205 466950.0401925355),5.0,1.0,1.0,0,0.0,0.0,,0.0,,0.0,,0.0,720.0,720.0,-1480.0,7754.0,-640.0,-640.0,,0.0,,0.0,,0.0,0,0.0,1536.0,1
,0.0,,0.0,,0.0,,0.0,NORFOLK,,0.0,,0.0,1.0,,0.0,,0.0,,0.0,,0.0,1000.0,1.0,,0.0,,0.0,0.0,,0.0,,0.0,52.602291,0.260744,,0.0,,0.0,Mullicourt Priory,1440.0,Benedictine,,POINT (553199.9346785406 302897.9117879672),1.0,1.0,1.0,0,0.0,3.0,,0.0,,0.0,,0.0,,0.0,,,,0.0,,0.0,,0.0,,0.0,0,0.0,1539.0,0
,0.0,,0.0,,0.0,,0.0,DURHAM,,0.0,,0.0,,,0.0,,0.0,-280.0,-560.0,,0.0,1156.0,0.0,,0.0,,0.0,1.0,-273.0,-546.0,337.7368421052632,6417.0,54.459642,-1.465424,,0.0,,0.0,Neasham Priory,5011.0,Benedictine,,POINT (434753.4309885831 507270.1509036797),5.0,1.0,1.0,0,0.0,4.0,,0.0,,0.0,,0.0,,0.0,-1346.0,6357.0,,0.0,,0.0,,0.0,,0.0,0,0.0,1540.0,0
,0.0,,0.0,,0.0,,0.0,DEVON,,0.0,1473.3333333333333,4420.0,1.0,,0.0,,0.0,-286.25,-2290.0,,0.0,1246.0,0.0,,0.0,,0.0,0.0,-162.66666666666666,-488.0,5100.888888888889,45908.0,50.771522,-3.012819,,0.0,,0.0,Newenham Abbey,54572.0,Cistercian,,POINT (328677.9452692897 97372.44188616023),3.0,1.0,1.0,0,0.0,3.0,,0.0,,0.0,,0.0,2434.0,7302.0,,,-160.0,-160.0,,0.0,,0.0,,0.0,0,0.0,1539.0,0
,0.0,,0.0,,0.0,,0.0,NORTHUMBERLAND,,0.0,,0.0,1.0,,0.0,,0.0,,0.0,,0.0,1137.0,1.0,,0.0,,0.0,0.0,,0.0,,0.0,55.167244,-1.701037,,0.0,,0.0,Newminster Abbey,24107.0,Cistercian,,POINT (419144.0787209439 585921.3510945042),5.0,1.0,1.0,0,0.0,1.0,,0.0,,0.0,,0.0,,0.0,,,,0.0,,0.0,,0.0,,0.0,0,0.0,1537.0,0
-960.0,-960.0,,0.0,,0.0,,0.0,NOTTINGHAMSHIRE,,0.0,75.33333333333333,226.0,,,0.0,,0.0,-210.0,-2520.0,,0.0,1170.0,0.0,,0.0,,0.0,0.0,-40.0,-40.0,1589.9166666666667,38158.0,53.078390999999996,-1.192769,,0.0,480.0,480.0,"Newstead Priory, Nottinghamshire",40283.0,Augustinian,,POINT (454173.6049285319 353765.0398807217),4.0,1.0,1.0,0,0.0,3.0,-49.333333333333336,-148.0,,0.0,,0.0,2544.0,12720.0,,52784.0,-411.75,-8235.0,,0.0,-74.0,-518.0,2400.0,2400.0,0,0.0,1539.0,0
-536.0,-536.0,,0.0,,0.0,,0.0,LINCOLNSHIRE,,0.0,12.0,12.0,,,0.0,,0.0,-200.0,-400.0,,0.0,1171.0,0.0,,0.0,,0.0,0.0,-133.5,-267.0,750.6666666666666,9008.0,53.5271,-0.49350999999999995,,0.0,,0.0,Newstead-on-Ancholme Priory,9281.0,Gilbertine,,POINT (499962.8290348343 404435.0630375223),4.0,1.0,1.0,0,0.0,2.0,,0.0,,0.0,,0.0,1920.0,1920.0,-1659.0,10940.0,-228.0,-456.0,,0.0,,0.0,,0.0,0,0.0,1538.0,0
,0.0,,0.0,,0.0,,0.0,NORFOLK,,0.0,,0.0,1.0,,0.0,,0.0,,0.0,,0.0,1160.0,1.0,,0.0,,0.0,0.0,,0.0,,0.0,52.780502,0.800833,,0.0,,0.0,Norman's Burrow,1440.0,Benedictine,,POINT (588998.3119598971 323998.9131518244),1.0,1.0,1.0,0,0.0,1.0,,0.0,,0.0,,0.0,,0.0,,,,0.0,,0.0,,0.0,,0.0,0,0.0,1537.0,0
-283.5,-567.0,,0.0,,0.0,,0.0,"YORKSHIRE, EAST RIDING",,0.0,,0.0,,,0.0,,0.0,-373.3333333333333,-1120.0,,0.0,1140.0,0.0,,0.0,,0.0,0.0,-33.3125,-533.0,670.68,16767.0,53.718336,-0.50587,,0.0,,0.0,North Ferriby Priory,14414.0,Augustinian,,POINT (498696.9813541649 425692.2061912077),5.0,1.0,1.0,0,0.0,0.0,-144.0,-144.0,,0.0,,0.0,4400.0,4400.0,-8525.0,22939.0,-1026.6666666666667,-6160.0,,0.0,,0.0,1724.0,1724.0,0,0.0,1536.0,1
-6960.0,-6960.0,,0.0,,0.0,,0.0,CHESHIRE,,0.0,,0.0,,,0.0,,0.0,-456.6666666666667,-5480.0,,0.0,1134.0,0.0,,0.0,,0.0,0.0,-55.875,-223.5,1070.3076923076924,27828.0,53.3423,-2.6799,,0.0,,0.0,Norton Priory,43290.5,Augustinian,,POINT (354829.7249782198 383036.2499781062),4.0,1.0,1.0,0,0.0,0.0,,0.0,,0.0,,0.0,1536.8,15368.0,-18769.5,62060.0,-737.6666666666666,-4426.0,24.0,24.0,-1680.0,-1680.0,4953.0,19812.0,0,0.0,1536.0,1
-10724.5,-21449.0,,0.0,,0.0,,0.0,NORFOLK,,0.0,233.13888888888889,4196.5,,,0.0,,0.0,-373.5135135135135,-13820.0,,0.0,1101.0,0.0,,0.0,,0.0,0.0,-107.33695652173913,-4937.5,1956.7142857142858,150667.0,52.631865,1.301247,,0.0,,0.0,Norwich Cathedral,209934.75,Benedictine,,POINT (623497.4755354018 308903.9471777013),1.0,,1.0,0,0.0,2.0,-163.0,-326.0,,0.0,,0.0,1192.9583333333333,85893.0,-44876.75,254811.5,-451.15,-4511.5,157.11111111111111,5656.0,,0.0,4273.5,8547.0,1,10.0,1538.0,0
,0.0,,0.0,,0.0,,0.0,"YORKSHIRE, EAST RIDING",,0.0,,0.0,,,0.0,,0.0,,0.0,,0.0,1161.0,0.0,,0.0,,0.0,1.0,-16.0,-16.0,176.07692307692307,2289.0,53.924727,-0.703957,,0.0,,0.0,Nunburnholme Priory,2103.0,Benedictine,,POINT (485206.6977922011 448397.1017765062),5.0,1.0,1.0,0,0.0,0.0,,0.0,,0.0,,0.0,,0.0,-816.0,2439.0,-320.0,-320.0,,0.0,-480.0,-480.0,166.0,166.0,0,0.0,1536.0,1
-240.0,-240.0,,0.0,,0.0,,0.0,"YORKSHIRE, EAST RIDING",,0.0,,0.0,,,0.0,,0.0,-430.0,-1720.0,,0.0,1152.0,0.0,,0.0,,0.0,1.0,-331.0,-993.0,541.9565217391304,12465.0,53.934837,-0.256709,,0.0,,0.0,Nunkeeling Priory,8585.0,Benedictine,,POINT (514546.62833645 450151.197659464),5.0,1.0,1.0,0,0.0,4.0,-48.0,-48.0,,0.0,,0.0,1028.0,1028.0,-3621.0,12206.0,-50.0,-100.0,,0.0,-520.0,-520.0,,0.0,0,0.0,1540.0,0
,0.0,,0.0,,0.0,,0.0,HAMPSHIRE,,0.0,,0.0,,,0.0,,0.0,,0.0,,0.0,963.0,1.0,,0.0,,0.0,1.0,,0.0,,0.0,51.06065900000001,-1.310624,,0.0,,0.0,Nunnaminster,43046.0,Benedictine,900.0,POINT (448406.9206019377 129262.1756468281),3.0,,1.0,0,0.0,3.0,,0.0,,0.0,,0.0,,0.0,-15960.5,59006.5,,0.0,,0.0,,0.0,,0.0,1,3.0,1539.0,0
-3015.0,-3015.0,,0.0,,0.0,,0.0,NORFOLK,,0.0,82.66666666666667,248.0,,,0.0,,0.0,-293.3333333333333,-880.0,,0.0,1146.0,0.0,,0.0,,0.0,0.0,-27.954545454545453,-307.5,4033.75,12101.25,52.4911,1.0497,,0.0,,0.0,Old Buckenham Priory,26042.25,Augustinian,,POINT (607141.1728482551 292501.5023688078),1.0,1.0,1.0,0,0.0,0.0,-263.75,-527.5,,0.0,,0.0,1526.6,7633.0,-5530.0,31572.25,-266.6666666666667,-800.0,,0.0,,0.0,3330.1666666666665,9990.5,0,0.0,1536.0,1
,0.0,,0.0,,0.0,,0.0,NORFOLK,,0.0,17.6,88.0,,,0.0,,0.0,-373.3333333333333,-1120.0,,0.0,1175.0,0.0,,0.0,,0.0,0.0,-104.95833333333333,-1259.5,1554.4021739130435,35751.25,52.680372,0.514717,,0.0,480.0,480.0,Pentney Priory,40857.25,Augustinian,,POINT (570093.7812746544 312150.5519784592),1.0,1.0,1.0,0,0.0,1.0,-266.5,-799.5,,0.0,,0.0,1192.6923076923076,15505.0,-10967.0,51824.25,-552.8571428571429,-7740.0,,0.0,,0.0,,0.0,0,0.0,1537.0,0
-3448.0,-13792.0,,0.0,-1280.0,-1280.0,,0.0,NORTHAMPTONSHIRE,,0.0,236.07575757575756,7790.5,,,0.0,,0.0,-541.1428571428571,-34092.0,,0.0,966.0,0.0,,0.0,,0.0,0.0,-175.95,-3519.0,5046.203947368421,383511.5,52.572581,-0.239484,,0.0,1112.0,11120.0,Peterborough,403100.0,Benedictine,655.0,POINT (519407.1064952222 298648.8449459209),4.0,1.0,1.0,0,0.0,3.0,-197.5,-790.0,,0.0,,0.0,4063.9333333333334,60959.0,-61841.0,475049.75,-1450.0,-11600.0,,0.0,-1157.6,-5788.0,476.0,1428.0,0,0.0,1539.0,0
,0.0,,0.0,,0.0,,0.0,HAMPSHIRE,,0.0,,0.0,1.0,,0.0,,0.0,,0.0,,0.0,1131.0,1.0,,0.0,,0.0,0.0,,0.0,,0.0,50.73102600000001,-1.199889,,0.0,,0.0,Quarr Abbey,32207.0,Cistercian,,POINT (456564.3382998649 92685.07286217515),3.0,1.0,1.0,0,0.0,0.0,,0.0,,0.0,,0.0,,0.0,-11975.0,44182.0,,0.0,,0.0,,0.0,,0.0,0,0.0,1536.0,1
-1354.78125,-10838.25,,0.0,-1328.0,-1328.0,,0.0,HUNTINGDONSHIRE,,0.0,7866.0,7866.0,,,0.0,,0.0,-378.3863636363636,-33298.0,,0.0,969.0,0.0,,0.0,,0.0,0.0,-1046.0,-16736.0,5430.237341772152,428988.75,52.448333,-0.100833,,0.0,,0.0,Ramsey Abbey,411747.0,Benedictine,,POINT (529165.7147037575 285068.4380785635),1.0,1.0,1.0,0,0.0,1.0,-1686.0,-1686.0,,0.0,,0.0,1157.090909090909,12728.0,-64356.25,476103.25,,0.0,412.0,9064.0,-208.7,-2087.0,520.0,520.0,0,0.0,1537.0,0
,0.0,,0.0,,0.0,,0.0,STAFFORDSHIRE,,0.0,,0.0,1.0,,0.0,,0.0,-260.0,-1040.0,,0.0,1150.0,0.0,,0.0,,0.0,0.0,-38.22222222222222,-344.0,392.3235294117647,13339.0,52.81576,-2.24149,,0.0,220.0,220.0,Ranton Abbey,21634.666666,Augustinian,,POINT (383821.1800216819 324272.2921746288),4.0,1.0,1.0,0,0.0,1.0,-128.0,-128.0,,0.0,,0.0,5529.0,11058.0,,,-733.333333,-1466.666666,,0.0,,0.0,,0.0,0,0.0,1537.0,0
-2160.0,-2160.0,,0.0,,0.0,,0.0,SUFFOLK,,0.0,32.5,65.0,,,0.0,,0.0,-480.0,-960.0,,0.0,1120.0,0.0,,0.0,,0.0,1.0,-19.35,-193.5,565.051724137931,16386.5,52.290656,1.204414,,0.0,,0.0,Redlingfield Priory,16081.5,Benedictine,,POINT (618630.0774529891 270669.676808915),1.0,1.0,1.0,0,0.0,1.0,-15.0,-15.0,,0.0,,0.0,755.0,3020.0,-3388.0,19469.5,-60.0,-60.0,,0.0,,0.0,,0.0,0,0.0,1537.0,0
,0.0,,0.0,,0.0,,0.0,SURREY,,0.0,,0.0,,,0.0,,0.0,-281.3333333333333,-844.0,,0.0,1240.0,0.0,,0.0,,0.0,0.0,-50.708333333333336,-608.5,926.96875,14831.5,51.235427,-0.206452,,0.0,640.0,640.0,Reigate Priory,16519.0,Augustinian,,POINT (525308.6030218264 149999.5570466534),2.0,1.0,1.0,0,0.0,0.0,-240.0,-240.0,,0.0,,0.0,4080.0,4080.0,,,-200.0,-400.0,,0.0,,0.0,,0.0,0,0.0,1536.0,1
,0.0,,0.0,,0.0,,0.0,"YORKSHIRE, WEST RIDING",,0.0,,0.0,,,0.0,,0.0,-1097.142857142857,-7680.0,,0.0,1217.0,0.0,,0.0,,0.0,0.0,,0.0,3573.9285714285716,50035.0,53.978617,-1.404051,,0.0,,0.0,Ribstone Preceptory,49795.0,Augustinian,,POINT (439183.2110775289 453779.8452702524),5.0,1.0,1.0,0,0.0,4.0,,0.0,,0.0,,0.0,3840.0,3840.0,-4080.0,53875.0,-1600.0,-1600.0,,0.0,,0.0,,0.0,0,0.0,1540.0,0
-448.0,-448.0,,0.0,,0.0,,0.0,STAFFORDSHIRE,,0.0,,0.0,,,0.0,,0.0,-320.0,-640.0,,0.0,1144.0,0.0,,0.0,,0.0,0.0,-120.33333333333333,-361.0,1038.2,15573.0,52.951243,-1.835296,,0.0,,0.0,Rocester Abbey,24034.5,Augustinian,,POINT (411163.1466888703 339328.8079811421),4.0,1.0,1.0,0,0.0,2.0,-147.5,-295.0,,0.0,,0.0,1867.6666666666667,11206.0,-2744.5,26779.0,-413.3333333333333,-1240.0,,0.0,,0.0,,0.0,0,0.0,1538.0,0
,0.0,,0.0,,0.0,,0.0,HAMPSHIRE,,0.0,,0.0,,,0.0,,0.0,,0.0,,0.0,967.0,1.0,,0.0,,0.0,1.0,,0.0,,0.0,50.98968,-1.50125,,0.0,,0.0,Romsey Abbey,94450.5,Benedictine,907.0,POINT (435101.5130329826 121261.2855586716),3.0,1.0,1.0,0,0.0,3.0,,0.0,,0.0,,0.0,,0.0,-32376.0,126826.5,,0.0,,0.0,,0.0,,0.0,0,0.0,1539.0,0
,0.0,,0.0,,0.0,,0.0,NORTHAMPTONSHIRE,,0.0,,0.0,,,0.0,,0.0,,0.0,,0.0,1250.0,0.0,,0.0,,0.0,1.0,,0.0,,0.0,52.424558,-0.805835,,0.0,,0.0,Rothwell Priory,1436.5,Augustinian,,POINT (481299.2554869073 281398.84225072),4.0,1.0,1.0,0,0.0,1.0,-127.5,-127.5,,0.0,,0.0,2524.0,2524.0,-1087.5,2524.0,-320.0,-960.0,,0.0,,0.0,,0.0,0,0.0,1537.0,0
-560.0,-560.0,,0.0,,0.0,,0.0,NOTTINGHAMSHIRE,,0.0,,0.0,,,0.0,,0.0,-201.0,-804.0,,0.0,1160.0,0.0,,0.0,,0.0,0.0,-131.7,-658.5,890.0,13350.0,52.98306,-0.9993999999999998,,0.0,,0.0,Shelford Priory,27985.0,Augustinian,,POINT (467274.999185444 343323.5027149522),4.0,1.0,1.0,0,0.0,0.0,-64.0,-576.0,,0.0,,0.0,1699.4285714285713,11896.0,,36409.0,-489.09090909090907,-5380.0,134.85714285714286,944.0,-81.85714285714286,-573.0,3202.6666666666665,9608.0,0,0.0,1536.0,1
-457.3333333333333,-2744.0,549.0,549.0,-1200.0,-1200.0,,0.0,DORSET,,0.0,1709.642857142857,23935.0,,-936.0,-936.0,,0.0,-325.11538461538464,-8453.0,,0.0,705.0,0.0,,0.0,,0.0,0.0,-65.91304347826087,-1516.0,1634.25,132374.25,50.946667,-2.516667,,0.0,,0.0,Sherborne Abbey,163855.75,Benedictine,,POINT (363799.6092137462 116486.8136710028),3.0,1.0,1.0,0,0.0,3.0,-88.375,-176.75,,0.0,,0.0,1736.1818181818182,19098.0,,,-380.8,-1904.0,372.8,1864.0,-240.0,-240.0,157.5,157.5,0,0.0,1539.0,0
,0.0,,0.0,,0.0,,0.0,CAMBRIDGESHIRE,,0.0,,0.0,,,0.0,,0.0,,0.0,,0.0,1177.0,1.0,,0.0,,0.0,0.0,,0.0,,0.0,52.10839,-0.088513,,0.0,,0.0,Shingay Preceptory,42054.0,Augustinian,,POINT (531000.4140217508 247284.136440924),1.0,1.0,1.0,0,0.0,3.0,,0.0,,0.0,,0.0,,0.0,,,,0.0,,0.0,,0.0,,0.0,0,0.0,1539.0,0
-884.0,-884.0,,0.0,-1320.0,-2640.0,,0.0,SHROPSHIRE,,0.0,240.0,240.0,,,0.0,,0.0,-512.5,-8200.0,,0.0,1087.0,0.0,,0.0,,0.0,0.0,-62.875,-251.5,2922.9411764705883,99380.0,52.707607,-2.743916,,0.0,,0.0,Shrewsbury Abbey,127738.0,Benedictine,,POINT (349834.7724313572 312473.7899198714),4.0,,1.0,0,0.0,4.0,-366.0,-1098.0,,0.0,,0.0,1290.0571428571554,45152.00000000044,-23513.5,147651.5,-803.0769230769231,-10440.0,214.15384615384616,2784.0,,0.0,96.0,96.0,1,4.0,1540.0,0
,0.0,,0.0,,0.0,,0.0,"YORKSHIRE, EAST RIDING",,0.0,,0.0,,,0.0,,0.0,,0.0,,0.0,1122.0,0.0,,0.0,,0.0,0.0,,0.0,1920.0,1920.0,53.981178,-1.281785,,0.0,,0.0,Skewkirk,1920.0,Augustinian,,POINT (447198.9941683404 454139.0475952583),5.0,1.0,1.0,0,0.0,4.0,,0.0,,0.0,,0.0,,0.0,0.0,1920.0,,0.0,,0.0,,0.0,,0.0,0,0.0,1540.0,0
,0.0,,0.0,,0.0,,0.0,SURREY,,0.0,,0.0,,,0.0,,0.0,-980.0,-3920.0,,0.0,1106.0,0.0,,0.0,,0.0,0.0,-126.95833333333333,-1523.5,4214.4807692307695,109576.5,51.506118,-0.08966,,0.0,,0.0,Southwark Cathedral Priory,149838.0,Augustinian,,POINT (532677.4161719331 180305.721577312),2.0,,1.0,0,0.0,3.0,-501.0,-501.0,,0.0,,0.0,3651.076923076923,47464.0,-7722.5,157560.5,-608.6666666666666,-1826.0,,0.0,-216.0,-432.0,,0.0,1,50.0,1539.0,0
,0.0,,0.0,,0.0,,0.0,CAMBRIDGESHIRE,,0.0,,0.0,1.0,,0.0,,0.0,,0.0,,0.0,1227.0,1.0,,0.0,,0.0,0.0,,0.0,,0.0,52.322181,0.279701,,0.0,,0.0,Spinney Priory,7200.0,Benedictine,,POINT (555466.256712653 271787.0143223015),1.0,1.0,1.0,0,0.0,3.0,,0.0,,0.0,,0.0,,0.0,,,,0.0,,0.0,,0.0,,0.0,0,0.0,1539.0,0
,0.0,,0.0,,0.0,,0.0,HERTFORDSHIRE,,0.0,,0.0,,,0.0,,0.0,,0.0,,0.0,793.0,1.0,,0.0,,0.0,0.0,,0.0,,0.0,51.750453,-0.342246,,0.0,,0.0,St Albans Abbey,504565.75,Benedictine,,POINT (514532.2478741942 207050.0886789088),2.0,1.0,1.0,0,0.0,3.0,,0.0,,0.0,,0.0,,0.0,,,,0.0,,0.0,,0.0,,0.0,0,0.0,1539.0,0
-754.0,-754.0,,0.0,,0.0,,0.0,KENT,,0.0,776.0,776.0,,,0.0,,0.0,-705.304347826087,-16222.0,,0.0,598.0,0.0,-790.6666666666666,-4744.0,,0.0,0.0,-940.0227272727273,-10340.25,6582.364130434783,302788.75,51.2782,1.087644,,0.0,1700.0,6800.0,St Augustine's Abbey,339179.75,Benedictine,,POINT (615438.7395490638 157755.9890903),2.0,,1.0,0,0.0,2.0,,0.0,,0.0,,0.0,,0.0,-33417.5,371738.75,-689.0,-14469.0,479.5,3836.0,-882.01,-22050.25,5972.79347826087,137374.25,1,3.0,1538.0,0
,0.0,,0.0,,0.0,,0.0,CUMBERLAND,,0.0,,0.0,1.0,,0.0,,0.0,-185.0,-1480.0,,0.0,1120.0,0.0,,0.0,,0.0,0.0,,0.0,444.25,10662.0,54.493949,-3.593528,,0.0,,0.0,St Bees Priory,34514.0,Benedictine,,POINT (296884.4784007689 512125.2006787823),5.0,1.0,1.0,0,0.0,3.0,,0.0,,0.0,,0.0,16860.0,16860.0,-1480.0,35994.0,,0.0,,0.0,,0.0,,0.0,0,0.0,1539.0,0
-1424.0,-1424.0,,0.0,-880.0,-1760.0,,0.0,NORFOLK,,0.0,839.1363636363636,18461.0,,,0.0,,0.0,-345.45454545454544,-7600.0,,0.0,1019.0,0.0,,0.0,,0.0,0.0,-165.06521739130434,-3796.5,2130.3466981132074,112908.375,52.68639999999999,1.5247,,0.0,,0.0,St Benet's Abbey,140124.625,Benedictine,800.0,POINT (638317.2520056315 315683.5295282572),1.0,1.0,1.0,0,0.0,3.0,-156.75,-313.5,,0.0,,0.0,1293.075,25861.5,-22483.5,162608.125,-784.1666666666666,-7057.5,227.84615384615384,2962.0,-133.0,-532.0,292.3333333333333,877.0,0,0.0,1539.0,0
,0.0,,0.0,,0.0,,0.0,CAMBRIDGESHIRE,,0.0,,0.0,,,0.0,,0.0,,0.0,,0.0,1291.0,1.0,,0.0,,0.0,0.0,,0.0,,0.0,52.175011,0.138846,,0.0,,0.0,"St Edmund's Priory, Cambridge",3584.5,Gilbertine,,POINT (546350.6086660184 255127.2672397781),1.0,1.0,1.0,0,0.0,3.0,,0.0,,0.0,,0.0,,0.0,,,,0.0,,0.0,,0.0,,0.0,0,0.0,1539.0,0
,0.0,,0.0,,0.0,,0.0,NORFOLK,-13.0,-13.0,10.5,21.0,,,0.0,,0.0,-272.0,-816.0,,0.0,1160.0,0.0,,0.0,,0.0,1.0,-38.92857142857143,-272.5,330.3478260869565,7598.0,52.40592699999999,0.7521989999999998,,0.0,,0.0,"St George's Priory, Thetford Nunnery",9734.5,Benedictine,1032.0,POINT (587308.7116946646 282218.7760439287),1.0,1.0,1.0,0,0.0,1.0,,0.0,,0.0,,0.0,271.0,813.0,,,-1280.0,-1280.0,3320.0,3320.0,,0.0,364.0,364.0,0,0.0,1537.0,0
-280.0,-280.0,,0.0,,0.0,,0.0,MIDDLESEX,,0.0,,0.0,,,0.0,,0.0,-994.6666666666666,-2984.0,,0.0,1220.0,0.0,,0.0,,0.0,1.0,-122.8076923076923,-1596.5,8733.6,87336.0,51.514769,-0.082363,,0.0,,0.0,"St Helen's Priory, Bishopsgate",76988.5,Benedictine,,POINT (533158.5770516498 181280.9683029874),2.0,,1.0,0,0.0,2.0,-128.0,-128.0,,0.0,,0.0,2640.0,2640.0,-13323.5,90312.0,-1188.5714285714287,-8320.0,,0.0,-17.0,-17.0,,0.0,1,50.0,1538.0,0
-252.0,-252.0,,0.0,,0.0,,0.0,"YORKSHIRE, NORTH RIDING",,0.0,,0.0,1.0,,0.0,,0.0,-320.0,-640.0,,0.0,1100.0,0.0,,0.0,,0.0,0.0,,0.0,198.28571428571428,2776.0,54.401826,-1.728652,,0.0,160.0,160.0,"St Martin's Priory, Richmond",10520.0,Benedictine,,POINT (417713.7503614262 500739.3854045983),5.0,1.0,1.0,0,0.0,3.0,,0.0,,0.0,,0.0,50.0,50.0,-964.0,11472.0,-72.0,-72.0,306.5,6130.0,,0.0,,0.0,0,0.0,1539.0,0
-840.0,-840.0,,0.0,-480.0,-480.0,,0.0,MIDDLESEX,,0.0,,0.0,1.0,,0.0,,0.0,-684.0,-3420.0,,0.0,1350.0,0.0,,0.0,,0.0,0.0,-255.9,-5118.0,6406.4047619047615,134534.5,51.509297,-0.072055,,0.0,4810.0,4810.0,St Mary Graces,131286.5,Cistercian,,POINT (533889.805806116 180691.2831660447),2.0,,1.0,1,50.0,2.0,,0.0,,0.0,,0.0,1489.3333333333333,4468.0,-13336.0,144622.5,-683.6,-3418.0,800.0,800.0,-210.0,-420.0,,0.0,0,0.0,1538.0,0
,0.0,,0.0,,0.0,,0.0,LINCOLNSHIRE,,0.0,,0.0,1.0,,0.0,,0.0,-280.0,-560.0,,0.0,1161.0,0.0,,0.0,,0.0,0.0,-100.0,-100.0,733.6666666666666,4402.0,53.229954,-0.519876,,0.0,,0.0,St Mary Magdalene's Priory,5595.0,Benedictine,,POINT (498900.3096976861 371343.372462503),4.0,,1.0,1,4.0,3.0,,0.0,,0.0,,0.0,,0.0,-660.0,6255.0,,0.0,192.375,1539.0,,0.0,,0.0,0,0.0,1539.0,0
-6451.625,-51613.0,,0.0,-1842.0,-7368.0,,0.0,"YORKSHIRE, NORTH RIDING",,0.0,138.0,276.0,,,0.0,,0.0,-810.6274509803922,-41342.0,,0.0,1180.0,0.0,,0.0,15509.0,15509.0,0.0,-157.45454545454547,-1732.0,767.0175438596491,131160.0,53.961389000000004,-1.088056,,0.0,365.0,1460.0,"St Mary's Abbey, York",396084.0,Benedictine,,POINT (459932.0582675619 452083.3612521954),5.0,,1.0,0,0.0,3.0,-89.0,-178.0,,0.0,,0.0,2205.075,88203.0,-105811.0,501895.0,-8000.0,-8000.0,893.0,25004.0,,0.0,1600.0,1600.0,1,7.0,1539.0,0
-2040.0,-2040.0,,0.0,-1095.0,-1095.0,,0.0,NORFOLK,-13.625,-109.0,12.0,12.0,,,0.0,,0.0,-381.5,-3052.0,,0.0,1114.0,0.0,,0.0,,0.0,0.0,-435.16129032258067,-13490.0,2686.7413793103447,77915.5,52.4165,0.742382,,0.0,,0.0,"St Mary's Priory, Thetford Priory",75052.5,Benedictine,1104.0,POINT (586596.4702329298 283369.1209811774),1.0,1.0,1.0,0,0.0,4.0,-104.0,-208.0,,0.0,,0.0,1379.7142857142858,9658.0,,,-388.46153846153845,-5050.0,154.28571428571428,2160.0,-7.0,-7.0,3570.0,10710.0,0,0.0,1540.0,0
-264.0,-264.0,,0.0,,0.0,,0.0,KENT,,0.0,120.0,120.0,,,0.0,,0.0,-448.0,-2240.0,,0.0,1192.0,0.0,,0.0,,0.0,0.0,-173.41304347826087,-3988.5,752.28125,24073.0,51.13184499999999,1.250762,,0.0,,0.0,St Radegund's Abbey,23630.5,Premonstratensian,,POINT (627532.6980871212 141976.4393218614),2.0,,1.0,1,2.0,0.0,,0.0,,0.0,,0.0,386.6666666666667,1160.0,-10542.5,34185.0,-392.0,-3136.0,86.0,172.0,-354.0,-354.0,1684.0,8420.0,0,0.0,1536.0,1
,0.0,,0.0,,0.0,,0.0,CHESHIRE,,0.0,,0.0,,,0.0,,0.0,-465.0,-7440.0,,0.0,1093.0,0.0,,0.0,,0.0,0.0,-632.1,-3160.5,2563.4596774193546,158934.5,53.19188199999999,-2.890539,,0.0,,0.0,St Werburgh's Abbey,240791.0,Benedictine,,POINT (340597.2282100942 366457.0695406952),4.0,,1.0,0,0.0,2.0,,0.0,,0.0,,0.0,3606.5,21639.0,-7192.0,257731.5,-545.7142857142857,-3820.0,3179.0,3179.0,-84.0,-84.0,8613.333333333334,25840.0,1,4.0,1538.0,0
,0.0,,0.0,,0.0,,0.0,HAMPSHIRE,,0.0,,0.0,,,0.0,,0.0,,0.0,,0.0,1124.0,1.0,,0.0,,0.0,0.0,,0.0,,0.0,50.92516,-1.38085,,0.0,,0.0,St. Denys Priory,19338.0,Augustinian,,POINT (443612.1911237309 114150.5858438571),3.0,,1.0,1,3.0,0.0,,0.0,,0.0,,0.0,,0.0,-2610.0,21948.0,,0.0,,0.0,,0.0,,0.0,0,0.0,1536.0,1
,0.0,,0.0,,0.0,,0.0,LINCOLNSHIRE,,0.0,,0.0,,,0.0,,0.0,,0.0,,0.0,,1.0,,0.0,,0.0,1.0,,0.0,,0.0,53.178692,-0.247281,,0.0,,0.0,Stixwould Priory Benedictines,36480.0,Benedictine,,POINT (517234.9030122723 366052.2979642321),4.0,1.0,1.0,0,0.0,1.0,,0.0,,0.0,,0.0,,0.0,,,,0.0,,0.0,,0.0,,0.0,0,0.0,1537.0,0
-377.3333333333333,-1132.0,,0.0,,0.0,,0.0,LINCOLNSHIRE,,0.0,,0.0,,,0.0,,0.0,-323.0769230769231,-4200.0,,0.0,1150.0,0.0,,0.0,,0.0,1.0,-80.0,-80.0,1476.8809523809523,31014.5,53.178692,-0.247281,,0.0,,0.0,Stixwould Priory Cistercians,27422.5,Cistercian,,POINT (517234.9030122723 366052.2979642321),4.0,1.0,1.0,0,0.0,0.0,-184.0,-736.0,,0.0,,0.0,1313.3333333333333,7880.0,-11712.0,39134.5,-664.5714285714286,-4652.0,240.0,240.0,-120.0,-240.0,,0.0,0,0.0,1536.0,1
,0.0,,0.0,,0.0,,0.0,HUNTINGDONSHIRE,,0.0,,0.0,,,0.0,,0.0,-386.6666666666667,-1160.0,,0.0,1274.0,0.0,,0.0,,0.0,0.0,-805.0,-1610.0,456.55263157894734,8674.5,52.295,-0.368,,0.0,192.0,192.0,Stonely Priory,11045.5,Augustinian,,POINT (511394.9010333287 267571.2451644795),1.0,1.0,1.0,0,0.0,0.0,-186.0,-186.0,,0.0,,0.0,5841.0,5841.0,-3982.0,15027.5,-400.0,-800.0,,0.0,-226.0,-226.0,,0.0,0,0.0,1536.0,1
,0.0,,0.0,,0.0,,0.0,OXFORDSHIRE,,0.0,120.0,240.0,,,0.0,,0.0,-209.77777777777777,-1888.0,,0.0,1176.0,0.0,,0.0,,0.0,1.0,-74.33333333333333,-446.0,675.3333333333334,20260.0,51.805448,-1.13464,,0.0,80.0,80.0,"Studley Priory, Oxfordshire",19732.25,Benedictine,,POINT (459761.2079421431 212220.8253207463),2.0,1.0,1.0,0,0.0,3.0,-127.75,-127.75,,0.0,,0.0,237.6818181818182,2614.5,-4826.75,24559.0,-473.0,-2365.0,80.0,80.0,,0.0,762.25,1524.5,0,0.0,1539.0,0
,0.0,,0.0,,0.0,,0.0,LINCOLNSHIRE,,0.0,,0.0,1.0,,0.0,,0.0,-194.28571428571428,-1360.0,,0.0,1148.0,0.0,,0.0,,0.0,0.0,-94.16666666666667,-282.5,1376.44,34411.0,52.947804,-0.141782,,0.0,480.0,480.0,Swineshead Abbey,40263.5,Cistercian,,POINT (524950.5409285917 340548.6283348657),4.0,1.0,1.0,0,0.0,0.0,,0.0,,0.0,,0.0,1832.75,3665.5,1974.5,41038.0,-320.0,-320.0,,0.0,-12.0,-12.0,3632.75,7265.5,0,0.0,1536.0,1
-1893.5,-11361.0,,0.0,,0.0,,0.0,WARWICKSHIRE,,0.0,,0.0,,,0.0,,0.0,-540.0,-1080.0,,0.0,1381.0,0.0,,0.0,,0.0,0.0,-40.0,-120.0,1291.25,5165.0,52.401021,-1.494839,,0.0,,0.0,"The Charterhouse, Coventry",31516.0,Carthusian,,POINT (434466.1318383542 278230.0661752627),4.0,,1.0,1,6.0,3.0,-111.16666666666667,-333.5,,0.0,,0.0,4880.0,53680.0,-28793.0,60309.0,-579.9,-8698.5,488.0,1464.0,,0.0,,0.0,0,0.0,1539.0,0
,0.0,,0.0,,0.0,,0.0,MIDDLESEX,,0.0,,0.0,,,0.0,,0.0,,0.0,,0.0,1185.0,1.0,,0.0,,0.0,0.0,,0.0,,0.0,51.513203,-0.110486,,0.0,,0.0,The Temple Preceptory,39024.0,Augustinian,,POINT (531211.8274218547 181056.0631966271),2.0,,1.0,1,50.0,4.0,,0.0,,0.0,,0.0,,0.0,,,,0.0,,0.0,,0.0,,0.0,0,0.0,1540.0,0
-140.0,-140.0,,0.0,,0.0,,0.0,NORFOLK,-19.0,-19.0,,0.0,,,0.0,,0.0,-320.0,-640.0,,0.0,1104.0,0.0,,0.0,,0.0,0.0,-191.11111111111111,-1720.0,401.95454545454544,8843.0,52.4137,0.7406000000000001,,0.0,,0.0,Thetford Priory (Suffolk side),9440.0,Augustinian,,POINT (586487.1104276408 283053.1536569439),1.0,1.0,1.0,0,0.0,0.0,-18.0,-18.0,,0.0,,0.0,481.5,1926.0,,,,0.0,560.0,560.0,,0.0,324.0,648.0,0,0.0,1536.0,1
,0.0,,0.0,,0.0,,0.0,"YORKSHIRE, EAST RIDING",,0.0,,0.0,,,0.0,,0.0,-213.33333333333334,-640.0,,0.0,1180.0,0.0,,0.0,,0.0,1.0,,0.0,333.29411764705884,5666.0,53.883019999999995,-0.94115,,0.0,,0.0,Thicket Priory,5026.0,Benedictine,,POINT (469700.5077023489 443498.0686942179),5.0,1.0,1.0,0,0.0,3.0,,0.0,,0.0,,0.0,,0.0,-640.0,5666.0,,0.0,,0.0,,0.0,,0.0,0,0.0,1539.0,0
,0.0,,0.0,,0.0,,0.0,LINCOLNSHIRE,,0.0,720.0,1440.0,,,0.0,,0.0,-278.3333333333333,-6680.0,,0.0,1139.0,0.0,,0.0,,0.0,0.0,-513.7368421052631,-9761.0,3167.8352272727275,139384.75,53.655125,-0.309758,,0.0,,0.0,Thornton Abbey,142774.5,Augustinian,,POINT (511804.7970507502 418950.0326921588),4.0,1.0,1.0,0,0.0,3.0,-435.0,-870.0,,0.0,,0.0,3008.0,33088.0,-32632.0,175406.75,-1286.0,-15432.0,414.0,414.0,-2409.0,-2409.0,,0.0,0,0.0,1539.0,0
,0.0,,0.0,,0.0,,0.0,ESSEX,,0.0,,0.0,,,0.0,,0.0,,0.0,,0.0,1150.0,1.0,,0.0,,0.0,0.0,,0.0,,0.0,51.870192,0.22243,,0.0,,0.0,Thremhall Priory,14623.5,Augustinian,,POINT (553102.2816258224 221401.9070610797),2.0,1.0,1.0,0,0.0,0.0,,0.0,,0.0,,0.0,,0.0,,,,0.0,,0.0,,0.0,,0.0,0,0.0,1536.0,1
,0.0,,0.0,,0.0,,0.0,CORNWALL,,0.0,,0.0,,,0.0,,0.0,,0.0,,0.0,1150.0,1.0,,0.0,,0.0,0.0,,0.0,,0.0,50.479336,-4.391753,,0.0,,0.0,Trebeigh Preceptory,14400.0,Augustinian,,POINT (230403.3839331842 67125.69306492913),3.0,1.0,1.0,0,0.0,4.0,,0.0,,0.0,,0.0,,0.0,,,,0.0,,0.0,,0.0,,0.0,0,0.0,1540.0,0
,0.0,,0.0,-800.0,-800.0,,0.0,CORNWALL,,0.0,21.714285714285715,152.0,,,0.0,,0.0,-373.3333333333333,-2240.0,,0.0,1088.0,0.0,,0.0,,0.0,0.0,,0.0,1497.375,11979.0,50.356537,-4.693909,,0.0,,0.0,Tywardreath Priory,29631.0,Benedictine,,POINT (208473.5981899459 54208.32992618473),3.0,1.0,1.0,0,0.0,0.0,-242.0,-242.0,,0.0,,0.0,1997.0,19970.0,,,-1760.0,-3520.0,,0.0,,0.0,922.0,1844.0,0,0.0,1536.0,1
,0.0,,0.0,,0.0,,0.0,ESSEX,,0.0,,0.0,,,0.0,,0.0,,0.0,,0.0,1142.0,1.0,,0.0,,0.0,0.0,,0.0,,0.0,52.020732,0.220993,,0.0,,0.0,Walden Abbey,89497.0,Benedictine,,POINT (552492.2319812444 238139.4302464994),2.0,1.0,1.0,0,0.0,2.0,,0.0,,0.0,,0.0,,0.0,,,,0.0,,0.0,,0.0,,0.0,0,0.0,1538.0,0
-560.0,-560.0,,0.0,,0.0,,0.0,NOTTINGHAMSHIRE,,0.0,,0.0,,,0.0,,0.0,,0.0,,0.0,1145.0,0.0,,0.0,,0.0,1.0,-79.5,-318.0,570.6666666666666,5136.0,53.351209999999995,-1.142142,,0.0,,0.0,Wallingwells Priory,14038.0,Benedictine,,POINT (457201.4249846101 384154.2237643799),4.0,1.0,1.0,0,0.0,3.0,,0.0,,0.0,,0.0,,0.0,-6980.0,21018.0,-678.0,-6102.0,640.0,640.0,,0.0,7604.0,15208.0,0,0.0,1539.0,0
-172.66666666666666,-518.0,,0.0,,0.0,,0.0,NORFOLK,,0.0,83.95833333333333,1007.5,,,0.0,,0.0,-258.0,-2580.0,,0.0,1169.0,0.0,,0.0,,0.0,0.0,-67.24418604651163,-5783.0,1540.3549107142858,86259.875,52.893682,0.875779,,0.0,1160.0,2320.0,Walsingham Priory,93979.125,Augustinian,,POINT (593548.2431909285 336784.4681724912),1.0,1.0,1.0,0,0.0,2.0,-148.66666666666666,-446.0,,0.0,,0.0,3493.6,17468.0,-13234.5,107213.625,-558.1428571428571,-3907.0,,0.0,-32.875,-131.5,145.5,145.5,0,0.0,1538.0,0
,0.0,,0.0,,0.0,,0.0,SUFFOLK,,0.0,,0.0,,,0.0,,0.0,-280.0,-560.0,,0.0,1160.0,0.0,,0.0,,0.0,0.0,-407.0,-2849.0,4676.0,4676.0,52.3546,1.6201,,0.0,,0.0,Wangford Priory,7313.0,Benedictine,,POINT (646614.2465533869 279114.919856242),1.0,1.0,1.0,0,0.0,4.0,-97.0,-194.0,,0.0,,0.0,1186.6666666666667,7120.0,-1074.0,7120.0,-293.3333333333333,-880.0,,0.0,,0.0,,0.0,0,0.0,1540.0,0
,0.0,,0.0,,0.0,,0.0,"YORKSHIRE, EAST RIDING",,0.0,,0.0,,,0.0,,0.0,,0.0,,0.0,1133.0,1.0,,0.0,,0.0,0.0,,0.0,,0.0,53.942856,-0.67619,,0.0,,0.0,Warter Abbey,34412.0,Augustinian,,POINT (486992.3702518808 450447.7036216878),5.0,1.0,1.0,0,0.0,0.0,,0.0,,0.0,,0.0,,0.0,,,,0.0,,0.0,,0.0,,0.0,0,0.0,1536.0,1
-1085.0,-1085.0,,0.0,,0.0,,0.0,SURREY,,0.0,59.2,296.0,1.0,,0.0,,0.0,-273.1666666666667,-1639.0,,0.0,1128.0,0.0,,0.0,,0.0,0.0,-231.8,-1159.0,1839.6458333333333,44151.5,51.202362,-0.75972,-640.0,-640.0,840.0,2520.0,Waverley Abbey,41859.5,Cistercian,,POINT (486747.1932786576 145525.3161904681),2.0,1.0,1.0,0,0.0,0.0,,0.0,,0.0,,0.0,160.0,160.0,-5348.0,47207.5,-176.8,-884.0,,0.0,,0.0,80.0,80.0,0,0.0,1536.0,1
,0.0,,0.0,,0.0,,0.0,LINCOLNSHIRE,,0.0,,0.0,,,0.0,,0.0,-320.0,-1600.0,,0.0,1118.0,0.0,,0.0,,0.0,0.0,-913.6666666666666,-5482.0,767.2,19180.0,53.559843,-0.085385,,0.0,,0.0,Wellow Abbey,22873.0,Augustinian,,POINT (526916.9740865253 408726.4811271032),4.0,,1.0,1,1.0,0.0,-380.0,-380.0,,0.0,,0.0,3360.0,16800.0,-13695.0,36568.0,-816.5714285714286,-5716.0,300.0,600.0,-480.0,-480.0,,0.0,0,0.0,1536.0,1
,0.0,,0.0,,0.0,,0.0,NORFOLK,,0.0,59.0,236.0,,,0.0,,0.0,-178.66666666666666,-536.0,,0.0,1265.0,0.0,,0.0,,0.0,0.0,-45.875,-1101.0,506.57,12664.25,52.678374,0.86681,,0.0,,0.0,Wendling Abbey,13420.75,Premonstratensian,,POINT (593899.4125509484 312817.5427944891),1.0,1.0,1.0,0,0.0,0.0,-176.25,-352.5,,0.0,,0.0,1111.25,4445.0,-3923.5,17344.5,-880.0,-1760.0,,0.0,,0.0,,0.0,0,0.0,1536.0,1
,0.0,,0.0,,0.0,,0.0,NORFOLK,-10.5,-10.5,226.0,226.0,,,0.0,,0.0,-346.6666666666667,-1040.0,,0.0,1094.0,0.0,,0.0,,0.0,0.0,-82.45652173913044,-1896.5,1552.29,38807.25,52.703172,0.63372,,0.0,720.0,720.0,West Acre Priory,62563.25,Augustinian,,POINT (578044.3582114447 314973.5572667332),1.0,1.0,1.0,0,0.0,2.0,-91.75,-183.5,,0.0,,0.0,1325.4545454545455,14580.0,-11596.5,74158.75,-584.8571428571429,-8188.0,228.4,1142.0,-19.0,-38.0,11524.15625,92193.25,0,0.0,1538.0,0
-2647.818181818182,-29126.0,,0.0,-4611.5,-18446.0,,0.0,MIDDLESEX,,0.0,325.8265306122449,15965.5,,-3200.0,-6400.0,,0.0,-428.1038961038961,-32964.0,,0.0,1065.0,0.0,,0.0,,0.0,0.0,-124.07792207792208,-9554.0,3303.2087053571427,739918.75,51.499411,-0.127232,,0.0,1388.25,11106.0,Westminster Abbey,832802.25,Benedictine,735.0,POINT (530089.1641897354 179492.5175432736),2.0,,1.0,1,50.0,3.0,-105.7,-528.5,,0.0,-3100.0,-3100.0,3533.948717948718,137824.0,-121754.5,954556.75,-822.1372549019608,-41929.0,322.5263157894737,6128.0,-2810.818181818182,-61838.0,2091.076923076923,27184.0,0,0.0,1539.0,0
-640.0,-640.0,,0.0,,0.0,,0.0,CUMBERLAND,,0.0,240.0,240.0,1.0,,0.0,,0.0,-440.0,-1760.0,,0.0,1106.0,0.0,,0.0,,0.0,0.0,-80.0,-160.0,424.1,8482.0,54.879306,-2.829993,,0.0,,0.0,Wetheral,28222.0,Benedictine,,POINT (346844.6500220284 554153.5345507971),5.0,1.0,1.0,0,0.0,2.0,,0.0,,0.0,,0.0,3945.0,15780.0,-2560.0,30782.0,,0.0,570.0,1140.0,,0.0,,0.0,0,0.0,1538.0,0
,0.0,,0.0,,0.0,,0.0,NORFOLK,,0.0,,0.0,,,0.0,,0.0,,0.0,,0.0,1265.0,0.0,,0.0,,0.0,0.0,-60.0,-300.0,510.0,1020.0,52.647759,1.568062,,0.0,,0.0,Weybridge Priory,1840.0,Augustinian,,POINT (641459.870949258 311531.8036953172),1.0,1.0,1.0,0,0.0,0.0,-36.0,-72.0,,0.0,,0.0,1204.0,1204.0,-372.0,2224.0,,0.0,,0.0,,0.0,,0.0,0,0.0,1536.0,1
-28066.0,-28066.0,,0.0,,0.0,,0.0,LANCASHIRE,,0.0,,0.0,1.0,,0.0,,0.0,-642.2222222222222,-11560.0,,0.0,1296.0,0.0,,0.0,,0.0,0.0,-173.8421052631579,-3303.0,1263.2222222222222,45476.0,53.820441,-2.410518,-320.0,-320.0,,0.0,Whalley Abbey,77149.5,Cistercian,,POINT (373071.9032939133 436095.0757779444),5.0,1.0,1.0,0,0.0,1.0,,0.0,,0.0,,0.0,8293.0,66344.0,-55144.5,132294.0,-2088.0,-10440.0,,0.0,,0.0,,0.0,0,0.0,1537.0,0
,0.0,,0.0,,0.0,,0.0,HAMPSHIRE,,0.0,,0.0,,,0.0,,0.0,,0.0,,0.0,986.0,1.0,,0.0,,0.0,1.0,,0.0,,0.0,51.16559,-1.4417099999999998,,0.0,,0.0,Wherwell Abbey,81463.0,Benedictine,,POINT (439132.0201690042 140853.4714059349),3.0,1.0,1.0,0,0.0,3.0,,0.0,,0.0,,0.0,,0.0,-15411.0,96874.0,,0.0,,0.0,,0.0,,0.0,0,0.0,1539.0,0
-1516.0,-6064.0,,0.0,,0.0,,0.0,"YORKSHIRE, NORTH RIDING",,0.0,,0.0,,,0.0,,0.0,-617.1428571428571,-4320.0,,0.0,1078.0,0.0,,0.0,,0.0,0.0,-160.0,-160.0,1244.1333333333334,74648.0,54.488295,-0.607538,,0.0,,0.0,Whitby Abbey,104913.0,Benedictine,657.0,POINT (490302.5132476176 511218.6435916435),5.0,,1.0,0,0.0,4.0,,0.0,,0.0,,0.0,2142.4444444444443,38564.0,-16228.0,121261.0,-627.3333333333334,-3764.0,381.25,3050.0,,0.0,695.6,3478.0,1,1.0,1540.0,0
,0.0,,0.0,,0.0,,0.0,"YORKSHIRE, EAST RIDING",,0.0,,0.0,,,0.0,,0.0,,0.0,,0.0,1153.0,1.0,,0.0,,0.0,1.0,,0.0,,0.0,53.940974,-0.88941,,0.0,,0.0,Wilberfoss Priory,5242.0,Benedictine,,POINT (473000.5401683477 449997.8813840864),5.0,1.0,1.0,0,0.0,3.0,,0.0,,0.0,,0.0,,0.0,,,,0.0,,0.0,,0.0,,0.0,0,0.0,1539.0,0
-1666.6666666666667,-5000.0,,0.0,,0.0,,0.0,WILTSHIRE,,0.0,92.13333333333334,1382.0,,,0.0,,0.0,-617.1428571428571,-4320.0,,0.0,934.0,0.0,,0.0,,0.0,1.0,-12.0,-12.0,1296.6840909090909,142635.25,51.07808000000001,-1.856,,0.0,960.0,960.0,Wilton Abbey,144396.25,Benedictine,,POINT (410183.5868351164 130983.5233177653),3.0,,1.0,1,8.0,3.0,-290.0,-290.0,,0.0,,0.0,775.3846153846154,10080.0,,,-492.4,-4924.0,1640.0,3280.0,-3440.0,-3440.0,2077.5,4155.0,0,0.0,1539.0,0
,0.0,,0.0,,0.0,,0.0,HAMPSHIRE,,0.0,,0.0,,,0.0,,0.0,,0.0,,0.0,1275.0,1.0,,0.0,,0.0,1.0,,0.0,,0.0,51.290855,-0.8875319999999999,,0.0,,0.0,Wintney Priory,10356.0,Cistercian,,POINT (477668.9781853486 155223.2868564127),3.0,1.0,1.0,0,0.0,0.0,,0.0,,0.0,,0.0,,0.0,-3816.0,14172.0,,0.0,,0.0,,0.0,,0.0,0,0.0,1536.0,1
,0.0,,0.0,,0.0,,0.0,SOMERSET,,0.0,,0.0,,,0.0,,0.0,-379.875,-3039.0,,0.0,1179.0,0.0,,0.0,,0.0,0.0,-164.875,-1319.0,2906.3684210526317,55221.0,51.1686,-2.3675,,0.0,,0.0,Witham Charterhouse,51780.0,Carthusian,,POINT (374401.8766573056 141104.5621463883),3.0,1.0,1.0,0,0.0,3.0,,0.0,,0.0,,0.0,758.0,758.0,,,-2400.0,-2400.0,466.6666666666667,2800.0,-85.5,-171.0,284.5,2276.0,0,0.0,1539.0,0
-640.0,-640.0,,0.0,,0.0,,0.0,SHROPSHIRE,,0.0,60.0,60.0,,,0.0,,0.0,-120.0,-600.0,,0.0,1136.0,0.0,,0.0,,0.0,0.0,-51.0,-204.0,852.999999999677,13647.999999994832,52.70146799999999,-2.45854,,0.0,1280.0,1280.0,Wombridge Priory,15688.0,Augustinian,,POINT (369111.5267572077 311629.7929763591),4.0,,1.0,1,1.0,0.0,-80.0,-160.0,,0.0,,0.0,496.0,2480.0,-1780.0,17468.0,-180.0,-180.0,,0.0,,0.0,,0.0,0,0.0,1536.0,1
-240.0,-240.0,,0.0,,0.0,,0.0,WARWICKSHIRE,,0.0,160.0,160.0,,,0.0,,0.0,-400.0,-800.0,,0.0,1135.0,0.0,,0.0,,0.0,1.0,-52.0,-104.0,548.075,10961.5,52.3341,-1.6758,,0.0,,0.0,Wroxall Priory,17466.0,Benedictine,,POINT (422187.331927093 270715.8519043324),4.0,1.0,1.0,0,0.0,0.0,-119.75,-239.5,,0.0,,0.0,1500.0,6000.0,-1383.5,18841.5,,0.0,960.0,960.0,,0.0,380.0,760.0,0,0.0,1536.0,1
,0.0,,0.0,,0.0,,0.0,OXFORDSHIRE,,0.0,,0.0,,,0.0,,0.0,-542.8571428571429,-3800.0,,0.0,1209.0,0.0,,0.0,,0.0,0.0,-126.8,-1268.0,1828.909090909091,20118.0,52.071359,-1.393646,,0.0,,0.0,Wroxton Abbey,18891.5,Augustinian,,POINT (441657.2479010455 241615.5298940928),2.0,1.0,1.0,0,0.0,0.0,-125.0,-250.0,,0.0,,0.0,628.0,3768.0,-6116.0,23566.0,-249.0,-996.0,,0.0,,0.0,440.0,880.0,0,0.0,1536.0,1
,0.0,,0.0,,0.0,,0.0,"YORKSHIRE, NORTH RIDING",,0.0,,0.0,,,0.0,,0.0,,0.0,,0.0,1153.0,1.0,,0.0,,0.0,1.0,,0.0,,0.0,54.223885,-0.525026,,0.0,,0.0,Wykeham Priory,6210.0,Cistercian,,POINT (496262.57744963 481909.2537746927),5.0,1.0,1.0,0,0.0,3.0,,0.0,,0.0,,0.0,,0.0,,,,0.0,,0.0,,0.0,,0.0,0,0.0,1539.0,0
,0.0,,0.0,,0.0,,0.0,HERTFORDSHIRE,,0.0,,0.0,,,0.0,,0.0,,0.0,,0.0,1218.0,1.0,,0.0,,0.0,0.0,,0.0,,0.0,51.93771,-0.228299,,0.0,,0.0,Wymondley Priory,7199.5,Augustinian,,POINT (521891.1482513658 228059.8074449938),2.0,1.0,1.0,0,0.0,1.0,,0.0,,0.0,,0.0,,0.0,,,,0.0,,0.0,,0.0,,0.0,0,0.0,1537.0,0
