city,latitude,longitude,pop1000,pop1100,pop1200,pop1300,pop1400,pop1500,pop1550,pop1600,pop1650,pop1700,pop1750,pop1800,pop1850,11to13,13to15,1500to1550,1550to1600,16to18,150pre,150post,lnInc201,netInc201,lnInc501,netInc501,lnInc1001,netInc1001,netInc_sum,ownLandVal
Barnsley,53.553699999999999,-1.479100000000000,0.000000000000000,0.000000000000000,1.000000000000000,1.000000000000000,1.000000000000000,1.000000000000000,1.000000000000000,1.000000000000000,1.000000000000000,1.000000000000000,2.000000000000000,4.000000000000000,13.000000000000000,,0.000000000000000,0.000000000000000,0.000000000000000,3.000000000000000,0.000000000000000,0.000000000000000,8.896174430847168,448.881744384765625,45.931995391845703,1776.181030273437500,195.965118408203125,7255.129394531250000,239.000000,
Bath,51.380000000000003,-2.360000000000000,1.000000000000000,1.000000000000000,2.000000000000000,2.000000000000000,1.000000000000000,2.000000000000000,2.000000000000000,2.000000000000000,3.000000000000000,3.000000000000000,10.000000000000000,33.000000000000000,54.000000000000000,1.000000000000000,0.000000000000000,0.000000000000000,0.000000000000000,15.500000000000000,1.000000000000000,0.500000000000000,19.182201385498047,1209.453491210937500,67.216995239257812,4362.333984375000000,202.336196899414034,14158.680664062500000,617.000000,
Beverley,53.844999999999999,-0.427000000000000,1.000000000000000,2.000000000000000,2.000000000000000,2.000000000000000,1.000000000000000,2.000000000000000,2.000000000000000,2.000000000000000,3.000000000000000,3.000000000000000,4.000000000000000,6.000000000000000,9.000000000000000,0.000000000000000,0.000000000000000,0.000000000000000,0.000000000000000,2.000000000000000,1.000000000000000,0.500000000000000,22.112949371337891,823.846923828125000,65.298385620117188,2280.183593750000000,218.994903564453125,7772.794433593749091,164.000000,
Bilston,52.566000000000003,-2.072800000000000,1.000000000000000,1.000000000000000,2.000000000000000,2.000000000000000,1.000000000000000,2.000000000000000,3.000000000000000,3.000000000000000,3.000000000000000,4.000000000000000,5.000000000000000,7.000000000000000,24.000000000000000,1.000000000000000,0.000000000000000,0.500000000000000,0.000000000000000,1.333333333333333,2.000000000000000,0.333333333333333,4.877264499664308,102.156730651855469,49.912528991699219,1530.227539062500000,238.371307373046875,10248.957031250000000,,
Birmingham,52.479999999999997,-1.902500000000000,0.000000000000000,0.000000000000000,1.000000000000000,1.000000000000000,1.000000000000000,1.000000000000000,1.000000000000000,2.000000000000000,4.000000000000000,7.000000000000000,24.000000000000000,71.000000000000000,233.000000000000000,,0.000000000000000,0.000000000000000,1.000000000000000,34.500000000000000,0.000000000000000,6.000000000000000,5.818788051605226,194.889556884765625,71.849388122558594,2723.601806640625000,262.546936035156250,11793.366210937500000,0.000000,
Blackburn,53.747999999999998,-2.482000000000000,0.000000000000000,1.000000000000000,1.000000000000000,1.000000000000000,1.000000000000000,1.000000000000000,2.000000000000000,2.000000000000000,1.000000000000000,1.000000000000000,4.000000000000000,12.000000000000000,47.000000000000000,0.000000000000000,0.000000000000000,1.000000000000000,0.000000000000000,5.000000000000000,1.000000000000000,-0.500000000000000,3.667413473129272,186.200729370117188,19.322750091552734,551.032531738281250,78.420578002929673,2991.500732421875000,,
Blackpool,53.814200000000000,-3.050300000000000,0.000000000000000,0.000000000000000,0.000000000000000,0.000000000000000,0.000000000000000,0.000000000000000,0.000000000000000,0.000000000000000,0.000000000000000,0.000000000000000,0.000000000000000,1.000000000000000,3.000000000000000,,,,,,,,2.337548971176147,28.983861923217773,15.170169830322266,437.671752929687500,52.271484375000000,2008.366333007812500,,
Bolton,53.578000000000003,-2.429000000000000,0.000000000000000,1.000000000000000,1.000000000000000,1.000000000000000,1.000000000000000,1.000000000000000,1.000000000000000,2.000000000000000,2.000000000000000,2.000000000000000,1.000000000000000,13.000000000000000,61.000000000000000,0.000000000000000,0.000000000000000,0.000000000000000,1.000000000000000,5.500000000000000,0.000000000000000,1.000000000000000,1.252079844474792,7.797895908355714,16.152881622314453,434.249481201171932,81.166084289550781,3116.954589843750000,,
Boston,52.973999999999997,-0.021400000000000,1.000000000000000,2.000000000000000,4.000000000000000,7.000000000000000,6.000000000000000,2.000000000000000,2.000000000000000,2.000000000000000,3.000000000000000,4.000000000000000,5.000000000000000,6.000000000000000,15.000000000000000,2.500000000000000,-0.714285714285714,0.000000000000000,0.000000000000000,2.000000000000000,-0.666666666666667,1.000000000000000,8.306762695312500,268.640777587890625,61.941764831542969,2663.162841796874545,254.278472900390625,10481.950195312500000,0.000000,
Bournemouth,50.719999999999999,-1.880000000000000,0.000000000000000,0.000000000000000,0.000000000000000,0.000000000000000,0.000000000000000,0.000000000000000,0.000000000000000,0.000000000000000,0.000000000000000,0.000000000000000,0.000000000000000,0.000000000000000,5.000000000000000,,,,,,,,4.459920883178711,231.229370117187500,31.691270828247070,1262.374389648437500,130.482772827148438,7627.262207031250000,,
Brighton,50.842900000000000,-0.131300000000000,0.000000000000000,1.000000000000000,1.000000000000000,2.000000000000000,1.000000000000000,2.000000000000000,2.000000000000000,2.000000000000000,3.000000000000000,3.000000000000000,5.000000000000000,8.000000000000000,66.000000000000000,1.000000000000000,0.000000000000000,0.000000000000000,0.000000000000000,3.000000000000000,1.000000000000000,0.500000000000000,3.721058607101440,501.639282226562500,15.535716056823730,1085.450927734375000,104.626281738281250,7119.007812500000000,,
Bristol,51.450000000000003,-2.583300000000000,1.000000000000000,2.000000000000000,3.000000000000000,11.000000000000000,10.000000000000000,10.000000000000000,11.000000000000000,12.000000000000000,15.000000000000000,20.000000000000000,50.000000000000000,64.000000000000000,137.000000000000000,4.500000000000000,-0.090909090909091,0.100000000000000,0.090909090909091,4.333333333333333,0.100000000000000,0.818181818181818,20.900209426879883,1129.149291992187500,53.075435638427734,3537.770751953125000,179.570083618164062,12622.583007812500000,748.000000,
Bromsgrove,52.335299999999997,-2.057900000000000,1.000000000000000,1.000000000000000,2.000000000000000,2.000000000000000,1.000000000000000,2.000000000000000,2.000000000000000,2.000000000000000,3.000000000000000,3.000000000000000,4.000000000000000,6.000000000000000,10.000000000000000,1.000000000000000,0.000000000000000,0.000000000000000,0.000000000000000,2.000000000000000,1.000000000000000,0.500000000000000,13.490891456604004,476.448852539062500,74.984352111816406,4029.979980468750000,254.716735839843750,13077.294921875000000,,
Burnley,53.789000000000001,-2.248000000000000,0.000000000000000,1.000000000000000,1.000000000000000,1.000000000000000,1.000000000000000,1.000000000000000,1.000000000000000,1.000000000000000,1.000000000000000,1.000000000000000,2.000000000000000,5.000000000000000,25.000000000000000,0.000000000000000,0.000000000000000,0.000000000000000,0.000000000000000,4.000000000000000,0.000000000000000,0.000000000000000,3.609591484069824,178.613723754882812,16.274536132812500,554.243347167968750,100.523239135742188,3931.201171875000000,,
Burslem,53.042600000000000,-2.187900000000000,0.000000000000000,1.000000000000000,1.000000000000000,1.000000000000000,1.000000000000000,1.000000000000000,1.000000000000000,1.000000000000000,1.000000000000000,1.000000000000000,3.000000000000000,7.000000000000000,20.000000000000000,0.000000000000000,0.000000000000000,0.000000000000000,0.000000000000000,6.000000000000000,0.000000000000000,0.000000000000000,8.822631835937500,212.302780151367188,34.337009429931641,1033.903076171875000,149.055831909179688,5189.325195312500000,,
Bury,53.593000000000004,-2.298000000000000,0.000000000000000,0.000000000000000,0.000000000000000,0.000000000000000,0.000000000000000,1.000000000000000,1.000000000000000,1.000000000000000,1.000000000000000,1.000000000000000,3.000000000000000,7.000000000000000,25.000000000000000,,,0.000000000000000,0.000000000000000,6.000000000000000,,0.000000000000000,1.783730626106262,11.108311653137209,12.451070785522459,332.107147216796875,90.791175842285156,3482.196777343750000,,
Canterbury,51.280000000000001,1.080000000000000,2.000000000000000,4.000000000000000,5.000000000000000,6.000000000000000,4.000000000000000,3.000000000000000,4.000000000000000,6.000000000000000,7.000000000000000,8.000000000000000,8.000000000000000,9.000000000000000,28.000000000000000,0.500000000000000,-0.500000000000000,0.333333333333333,0.500000000000000,0.500000000000000,0.000000000000000,1.000000000000000,25.403730392456055,4005.224853515625000,56.888923645019531,4891.001953125000000,122.287239074707017,8480.186523437500000,3912.000000,
Carlisle,54.890999999999998,-2.944000000000000,1.000000000000000,1.000000000000000,1.000000000000000,1.000000000000000,1.000000000000000,1.000000000000000,1.000000000000000,2.000000000000000,2.000000000000000,2.000000000000000,4.000000000000000,9.000000000000000,26.000000000000000,0.000000000000000,0.000000000000000,0.000000000000000,1.000000000000000,3.500000000000000,0.000000000000000,1.000000000000000,9.765202522277832,507.343261718750000,21.017942428588867,919.872497558593750,41.508338928222656,1572.116943359375000,418.000000,
Chatham,51.369999999999997,0.520000000000000,1.000000000000000,1.000000000000000,1.000000000000000,1.000000000000000,1.000000000000000,1.000000000000000,1.000000000000000,1.000000000000000,2.000000000000000,5.000000000000000,5.000000000000000,22.000000000000000,49.000000000000000,0.000000000000000,0.000000000000000,0.000000000000000,0.000000000000000,21.000000000000000,0.000000000000000,4.000000000000000,13.350368499755859,782.697998046875000,50.141826629638672,2829.227783203125455,224.197448730468750,18157.884765625000000,486.000000,
Chelmsford,51.736100000000000,0.479800000000000,0.000000000000000,0.000000000000000,1.000000000000000,1.000000000000000,1.000000000000000,1.000000000000000,2.000000000000000,2.000000000000000,2.000000000000000,3.000000000000000,3.000000000000000,4.000000000000000,7.000000000000000,,0.000000000000000,1.000000000000000,0.000000000000000,1.000000000000000,1.000000000000000,0.500000000000000,4.794417381286622,133.151580810546875,51.172000885009766,2171.369628906250000,259.374664306640625,18505.742187500000000,0.000000,
Cheltenham,51.899999999999999,-2.066700000000000,0.000000000000000,0.000000000000000,1.000000000000000,1.000000000000000,1.000000000000000,1.000000000000000,1.000000000000000,1.000000000000000,1.000000000000000,2.000000000000000,2.000000000000000,3.000000000000000,35.000000000000000,,0.000000000000000,0.000000000000000,0.000000000000000,2.000000000000000,0.000000000000000,1.000000000000000,17.024982452392578,1966.968261718750000,77.292572021484375,7427.767089843750000,241.459960937500000,15774.443359375000000,,
Chester,53.189999999999998,-2.890000000000000,3.000000000000000,3.000000000000000,3.000000000000000,4.000000000000000,3.000000000000000,4.000000000000000,5.000000000000000,6.000000000000000,5.000000000000000,5.000000000000000,13.000000000000000,15.000000000000000,28.000000000000000,0.333333333333333,0.000000000000000,0.250000000000000,0.200000000000000,1.500000000000000,0.666666666666667,0.000000000000000,11.091904640197754,1068.484863281250000,25.260675430297852,1705.256591796875000,75.852226257324219,3326.329345703125000,1069.000000,
Chichester,50.836500000000001,-0.779200000000000,1.000000000000000,2.000000000000000,2.000000000000000,2.000000000000000,1.000000000000000,2.000000000000000,2.000000000000000,2.000000000000000,3.000000000000000,3.000000000000000,4.000000000000000,5.000000000000000,9.000000000000000,0.000000000000000,0.000000000000000,0.000000000000000,0.000000000000000,1.500000000000000,1.000000000000000,0.500000000000000,5.397571086883546,143.481735229492188,29.849315643310547,826.248046875000114,116.689331054687500,6660.040039062500000,0.000000,
Colchester,51.891700000000000,0.903000000000000,2.000000000000000,3.000000000000000,5.000000000000000,7.000000000000000,4.000000000000000,5.000000000000000,6.000000000000000,8.000000000000000,9.000000000000000,10.000000000000000,9.000000000000000,12.000000000000000,19.000000000000000,1.333333333333333,-0.285714285714286,0.200000000000000,0.333333333333333,0.500000000000000,0.500000000000000,0.666666666666667,14.306820869445801,824.128601074218750,47.019195556640625,2127.833984375000000,186.441146850585966,9643.737304687500000,636.000000,
Congleton,53.161999999999999,-2.217000000000000,0.000000000000000,1.000000000000000,1.000000000000000,1.000000000000000,1.000000000000000,2.000000000000000,2.000000000000000,2.000000000000000,3.000000000000000,3.000000000000000,3.000000000000000,4.000000000000000,11.000000000000000,0.000000000000000,1.000000000000000,0.000000000000000,0.000000000000000,1.000000000000000,1.000000000000000,0.500000000000000,2.461264133453369,79.690910339355469,24.873220443725582,925.397033691406250,129.356246948242188,4558.410156250000000,,
Coventry,52.408099999999997,-1.510600000000000,1.000000000000000,2.000000000000000,3.000000000000000,6.000000000000000,10.000000000000000,6.000000000000000,6.000000000000000,6.000000000000000,6.000000000000000,7.000000000000000,12.000000000000000,16.000000000000000,36.000000000000000,2.000000000000000,0.000000000000000,0.000000000000000,0.000000000000000,1.666666666666667,-0.400000000000000,0.166666666666667,33.927722930908203,1901.091796875000000,89.036865234375014,3664.058105468750000,284.637542724609375,12530.595703125000000,939.000000,
Crawley,51.109200000000001,-0.187200000000000,0.000000000000000,0.000000000000000,1.000000000000000,1.000000000000000,1.000000000000000,1.000000000000000,1.000000000000000,1.000000000000000,1.000000000000000,1.000000000000000,1.000000000000000,2.000000000000000,3.000000000000000,,0.000000000000000,0.000000000000000,0.000000000000000,1.000000000000000,0.000000000000000,0.000000000000000,1.052100539207458,16.993095397949219,27.810955047607418,1900.157836914062500,204.300949096679688,16842.871093750000000,,
Croydon,51.372700000000002,-0.109900000000000,1.000000000000000,1.000000000000000,2.000000000000000,2.000000000000000,1.000000000000000,1.000000000000000,1.000000000000000,2.000000000000000,2.000000000000000,2.000000000000000,3.000000000000000,6.000000000000000,20.000000000000000,1.000000000000000,-0.500000000000000,0.000000000000000,1.000000000000000,2.000000000000000,0.000000000000000,1.000000000000000,19.272520065307617,2694.298095703125000,125.403427124023438,13998.258789062500000,280.731292724609375,23889.544921875000000,,
Darlington,54.527000000000001,-1.552600000000000,0.000000000000000,1.000000000000000,1.000000000000000,1.000000000000000,1.000000000000000,1.000000000000000,1.000000000000000,1.000000000000000,1.000000000000000,1.000000000000000,2.000000000000000,5.000000000000000,11.000000000000000,0.000000000000000,0.000000000000000,0.000000000000000,0.000000000000000,4.000000000000000,0.000000000000000,0.000000000000000,2.221020460128784,19.264884948730469,35.558658599853516,1565.749389648437500,134.116363525390625,5848.463867187500000,,
Deal,51.222600000000000,1.400600000000000,0.000000000000000,1.000000000000000,1.000000000000000,1.000000000000000,1.000000000000000,1.000000000000000,1.000000000000000,2.000000000000000,2.000000000000000,2.000000000000000,3.000000000000000,5.000000000000000,7.000000000000000,0.000000000000000,0.000000000000000,0.000000000000000,1.000000000000000,1.500000000000000,0.000000000000000,1.000000000000000,6.470273971557618,137.244323730468750,36.174854278564453,2910.599121093749545,78.188545227050781,5549.134277343750000,,
Derby,52.916699999999999,-1.466700000000000,0.000000000000000,1.000000000000000,1.000000000000000,1.000000000000000,1.000000000000000,2.000000000000000,2.000000000000000,1.000000000000000,2.000000000000000,3.000000000000000,6.000000000000000,11.000000000000000,43.000000000000000,0.000000000000000,1.000000000000000,0.000000000000000,-0.500000000000000,10.000000000000000,1.000000000000000,0.500000000000000,21.605751037597656,493.640594482421875,77.271575927734375,2141.418945312500000,244.213226318359347,8174.841308593750000,287.000000,
Doncaster,53.515000000000001,-1.133000000000000,1.000000000000000,1.000000000000000,1.000000000000000,2.000000000000000,1.000000000000000,1.000000000000000,1.000000000000000,2.000000000000000,2.000000000000000,2.000000000000000,3.000000000000000,6.000000000000000,12.000000000000000,1.000000000000000,-0.500000000000000,0.000000000000000,1.000000000000000,2.000000000000000,0.000000000000000,1.000000000000000,5.201687335968018,137.760803222656250,60.793334960937507,2132.371093750000000,250.448013305664062,8710.936523437500000,0.000000,
Dover,51.129500000000000,1.308900000000000,1.000000000000000,2.000000000000000,2.000000000000000,2.000000000000000,1.000000000000000,2.000000000000000,2.000000000000000,3.000000000000000,3.000000000000000,4.000000000000000,7.000000000000000,11.000000000000000,28.000000000000000,0.000000000000000,0.000000000000000,0.000000000000000,0.500000000000000,2.666666666666667,1.000000000000000,1.000000000000000,17.493206024169922,383.500610351562500,42.188903808593750,3054.296875000000000,82.919815063476562,5727.539062500000000,170.000000,
Dudley,52.508000000000003,-2.089000000000000,2.000000000000000,2.000000000000000,3.000000000000000,3.000000000000000,2.000000000000000,2.000000000000000,3.000000000000000,3.000000000000000,4.000000000000000,4.000000000000000,5.000000000000000,10.000000000000000,38.000000000000000,0.500000000000000,-0.333333333333333,0.500000000000000,0.000000000000000,2.333333333333333,0.500000000000000,0.333333333333333,7.668800830841064,231.741271972656250,53.504825592041016,1847.027099609375000,242.268981933593750,10928.366210937500000,33.000000,
Durham,54.776100000000000,-1.573300000000000,1.000000000000000,1.000000000000000,2.000000000000000,2.000000000000000,1.000000000000000,3.000000000000000,2.000000000000000,2.000000000000000,1.000000000000000,1.000000000000000,3.000000000000000,8.000000000000000,13.000000000000000,1.000000000000000,0.500000000000000,-0.333333333333333,0.000000000000000,3.000000000000000,1.000000000000000,-0.500000000000000,11.337137222290041,1469.665039062500000,29.758911132812500,1859.182861328125000,96.446510314941406,4100.896972656250000,1366.000000,3082.000000
Ellesmere,52.908200000000001,-2.894400000000000,0.000000000000000,1.000000000000000,1.000000000000000,2.000000000000000,1.000000000000000,1.000000000000000,1.000000000000000,2.000000000000000,2.000000000000000,2.000000000000000,2.000000000000000,3.000000000000000,7.000000000000000,1.000000000000000,-0.500000000000000,0.000000000000000,1.000000000000000,0.500000000000000,0.000000000000000,1.000000000000000,3.810491085052490,120.129592895507812,24.150732040405273,1316.274658203125000,92.378074645996094,3872.041503906250455,,
Ely,52.398099999999999,0.262200000000000,2.000000000000000,2.000000000000000,2.000000000000000,3.000000000000000,2.000000000000000,2.000000000000000,3.000000000000000,3.000000000000000,4.000000000000000,4.000000000000000,4.000000000000000,5.000000000000000,12.000000000000000,0.500000000000000,-0.333333333333333,0.500000000000000,0.000000000000000,0.666666666666667,0.500000000000000,0.333333333333333,13.892736434936523,1207.712402343750000,73.675529479980469,4166.645019531250000,271.739227294921875,13352.368164062500000,1084.000000,
Exeter,50.716700000000003,-3.533300000000000,3.000000000000000,4.000000000000000,5.000000000000000,6.000000000000000,4.000000000000000,7.000000000000000,8.000000000000000,9.000000000000000,11.000000000000000,14.000000000000000,16.000000000000000,17.000000000000000,39.000000000000000,0.500000000000000,0.166666666666667,0.142857142857143,0.125000000000000,0.888888888888889,1.000000000000000,0.750000000000000,14.088517189025877,378.341278076171932,31.352024078369141,1138.058349609375000,106.014564514160156,5659.314941406250000,389.000000,
Frome,51.227899999999998,-2.321500000000000,1.000000000000000,1.000000000000000,1.000000000000000,1.000000000000000,1.000000000000000,1.000000000000000,1.000000000000000,1.000000000000000,1.000000000000000,1.000000000000000,3.000000000000000,9.000000000000000,12.000000000000000,0.000000000000000,0.000000000000000,0.000000000000000,0.000000000000000,8.000000000000000,0.000000000000000,0.000000000000000,12.475242614746094,568.408020019531250,66.120315551757812,4865.250488281250000,206.177658081054688,14021.309570312500000,,
Gateshead,54.950000000000003,-1.600000000000000,1.000000000000000,1.000000000000000,1.000000000000000,2.000000000000000,1.000000000000000,1.000000000000000,1.000000000000000,2.000000000000000,2.000000000000000,2.000000000000000,4.000000000000000,9.000000000000000,26.000000000000000,1.000000000000000,-0.500000000000000,0.000000000000000,1.000000000000000,3.500000000000000,0.000000000000000,1.000000000000000,10.872314453125000,205.096878051757812,33.945144653320312,1696.199218750000227,78.651168823242188,3205.800781250000000,36.000000,
Gillingham,51.384999999999998,0.550000000000000,0.000000000000000,1.000000000000000,1.000000000000000,1.000000000000000,1.000000000000000,1.000000000000000,1.000000000000000,1.000000000000000,1.000000000000000,1.000000000000000,2.000000000000000,5.000000000000000,8.000000000000000,0.000000000000000,0.000000000000000,0.000000000000000,0.000000000000000,4.000000000000000,0.000000000000000,0.000000000000000,11.564702033996582,704.608825683593750,48.910541534423835,2788.812255859375000,222.504867553710938,17894.388671875000000,,
Gillingham,51.037500000000001,-2.274800000000000,0.000000000000000,1.000000000000000,1.000000000000000,1.000000000000000,1.000000000000000,1.000000000000000,1.000000000000000,1.000000000000000,1.000000000000000,1.000000000000000,2.000000000000000,5.000000000000000,8.000000000000000,0.000000000000000,0.000000000000000,0.000000000000000,0.000000000000000,4.000000000000000,0.000000000000000,0.000000000000000,6.391848087310792,222.087341308593750,61.243488311767578,4372.149414062500000,197.052947998046875,13011.606445312500000,,
Gosport,50.794800000000002,-1.124300000000000,0.000000000000000,0.000000000000000,0.000000000000000,0.000000000000000,0.000000000000000,0.000000000000000,0.000000000000000,0.000000000000000,1.000000000000000,1.000000000000000,3.000000000000000,8.000000000000000,7.000000000000000,,,,,,,,9.769235610961914,384.096130371093750,41.225212097167969,2043.715087890625000,120.198753356933594,6231.321777343750000,,
Gravesend,51.441499999999998,0.368500000000000,0.000000000000000,0.000000000000000,0.000000000000000,1.000000000000000,1.000000000000000,1.000000000000000,1.000000000000000,2.000000000000000,2.000000000000000,2.000000000000000,2.000000000000000,2.000000000000000,17.000000000000000,,0.000000000000000,0.000000000000000,1.000000000000000,0.000000000000000,0.000000000000000,1.000000000000000,6.411281108856202,443.283386230468750,71.142524719238281,5904.639160156250000,256.599151611328125,21080.345703125000000,,
Great Yarmouth,52.606000000000002,1.729000000000000,0.000000000000000,0.000000000000000,1.000000000000000,2.000000000000000,1.000000000000000,4.000000000000000,6.000000000000000,8.000000000000000,9.000000000000000,10.000000000000000,10.000000000000000,17.000000000000000,31.000000000000000,,1.000000000000000,0.500000000000000,0.333333333333333,1.125000000000000,5.000000000000000,0.666666666666667,7.875140666961670,141.164382934570312,45.725135803222656,1444.972412109375000,124.828193664550781,3939.845947265625000,31.000000,
Grimsby,53.559500000000000,-0.068000000000000,1.000000000000000,1.000000000000000,1.000000000000000,1.000000000000000,1.000000000000000,1.000000000000000,1.000000000000000,1.000000000000000,1.000000000000000,1.000000000000000,1.000000000000000,2.000000000000000,9.000000000000000,0.000000000000000,0.000000000000000,0.000000000000000,0.000000000000000,1.000000000000000,0.000000000000000,0.000000000000000,12.614280700683594,178.479003906249972,64.829421997070312,1668.539916992187500,199.559097290039062,6008.212890625000000,104.000000,
Guildford,51.236499999999999,-0.570300000000000,0.000000000000000,1.000000000000000,1.000000000000000,1.000000000000000,1.000000000000000,1.000000000000000,1.000000000000000,1.000000000000000,1.000000000000000,1.000000000000000,2.000000000000000,3.000000000000000,7.000000000000000,0.000000000000000,0.000000000000000,0.000000000000000,0.000000000000000,2.000000000000000,0.000000000000000,0.000000000000000,10.865715026855469,531.702270507812500,56.068485260009766,3812.749511718750000,247.323425292968750,20181.169921875000000,0.000000,
Halifax,53.725000000000001,-1.863000000000000,0.000000000000000,0.000000000000000,1.000000000000000,1.000000000000000,1.000000000000000,2.000000000000000,2.000000000000000,2.000000000000000,3.000000000000000,3.000000000000000,6.000000000000000,12.000000000000000,34.000000000000000,,1.000000000000000,0.000000000000000,0.000000000000000,5.000000000000000,1.000000000000000,0.500000000000000,2.209929704666138,14.791213035583496,26.798942565917969,907.226928710937500,144.151428222656250,5793.461914062500000,,
Hartlepool,54.689999999999998,-1.210000000000000,0.000000000000000,0.000000000000000,0.000000000000000,0.000000000000000,0.000000000000000,0.000000000000000,0.000000000000000,0.000000000000000,0.000000000000000,1.000000000000000,1.000000000000000,1.000000000000000,10.000000000000000,,,,,,,,1.169099092483521,8.074730873107910,24.195507049560547,1490.681884765625000,107.768554687500000,4740.167480468750000,0.000000,
Haslingden,53.704999999999998,-2.328000000000000,0.000000000000000,0.000000000000000,0.000000000000000,0.000000000000000,0.000000000000000,0.000000000000000,0.000000000000000,0.000000000000000,1.000000000000000,1.000000000000000,2.000000000000000,6.000000000000000,8.000000000000000,,,,,,,,1.246928572654724,69.352539062500000,15.253329277038574,452.393829345703125,89.868934631347670,3480.800292968750000,,
Hereford,52.056500000000000,-2.716000000000000,2.000000000000000,2.000000000000000,3.000000000000000,3.000000000000000,2.000000000000000,5.000000000000000,4.000000000000000,3.000000000000000,3.000000000000000,2.000000000000000,5.000000000000000,7.000000000000000,12.000000000000000,0.500000000000000,0.666666666666667,-0.200000000000000,-0.250000000000000,1.333333333333333,1.000000000000000,-0.500000000000000,11.027986526489258,230.794769287109375,44.275833129882812,2032.750366210937500,155.880538940429688,9438.985351562500000,121.000000,
Huddersfield,53.645000000000003,-1.779800000000000,0.000000000000000,1.000000000000000,1.000000000000000,2.000000000000000,1.000000000000000,2.000000000000000,2.000000000000000,2.000000000000000,3.000000000000000,3.000000000000000,5.000000000000000,11.000000000000000,31.000000000000000,1.000000000000000,0.000000000000000,0.000000000000000,0.000000000000000,4.500000000000000,1.000000000000000,0.500000000000000,2.888448953628540,21.995763778686523,27.453910827636719,964.869384765625000,152.323852539062500,5984.049316406250909,,
Ilkeston,52.970999999999997,-1.309000000000000,1.000000000000000,1.000000000000000,1.000000000000000,1.000000000000000,1.000000000000000,1.000000000000000,1.000000000000000,1.000000000000000,1.000000000000000,1.000000000000000,1.000000000000000,2.000000000000000,6.000000000000000,0.000000000000000,0.000000000000000,0.000000000000000,0.000000000000000,1.000000000000000,0.000000000000000,0.000000000000000,20.970708847045898,660.545715332031250,80.036659240722656,2381.377197265625000,253.200714111328125,8579.682617187500000,,
Ipswich,52.059399999999997,1.155600000000000,1.000000000000000,2.000000000000000,2.000000000000000,2.000000000000000,1.000000000000000,3.000000000000000,3.000000000000000,4.000000000000000,6.000000000000000,8.000000000000000,8.000000000000000,11.000000000000000,33.000000000000000,0.000000000000000,0.500000000000000,0.000000000000000,0.333333333333333,1.750000000000000,2.000000000000000,1.666666666666667,8.366201400756836,125.263984680175781,51.730934143066406,2013.466186523437500,172.196853637695341,6912.091308593750000,82.000000,
Kendal,54.326000000000001,-2.745000000000000,0.000000000000000,1.000000000000000,1.000000000000000,2.000000000000000,1.000000000000000,1.000000000000000,1.000000000000000,2.000000000000000,2.000000000000000,2.000000000000000,4.000000000000000,7.000000000000000,10.000000000000000,1.000000000000000,-0.500000000000000,0.000000000000000,1.000000000000000,2.500000000000000,0.000000000000000,1.000000000000000,0.030798669904470,0.621318161487579,13.231727600097656,447.840148925781250,62.562454223632812,2329.498291015625000,,
Kidderminster,52.388500000000001,-2.249000000000000,0.000000000000000,1.000000000000000,1.000000000000000,2.000000000000000,1.000000000000000,1.000000000000000,1.000000000000000,2.000000000000000,2.000000000000000,2.000000000000000,3.000000000000000,6.000000000000000,17.000000000000000,1.000000000000000,-0.500000000000000,0.000000000000000,1.000000000000000,2.000000000000000,0.000000000000000,1.000000000000000,3.555359601974487,69.469375610351562,53.680858612060547,2634.475341796874545,230.842239379882812,11577.730468750000000,,
Lancaster,54.046999999999997,-2.801000000000000,1.000000000000000,1.000000000000000,1.000000000000000,1.000000000000000,1.000000000000000,1.000000000000000,1.000000000000000,1.000000000000000,1.000000000000000,1.000000000000000,8.000000000000000,9.000000000000000,15.000000000000000,0.000000000000000,0.000000000000000,0.000000000000000,0.000000000000000,8.000000000000000,0.000000000000000,0.000000000000000,4.792490005493164,129.328674316406250,22.740928649902344,868.861022949218636,60.764778137207031,2193.795654296875000,0.000000,
Leeds,53.799700000000001,-1.549200000000000,0.000000000000000,1.000000000000000,2.000000000000000,3.000000000000000,2.000000000000000,3.000000000000000,4.000000000000000,5.000000000000000,5.000000000000000,5.000000000000000,16.000000000000000,53.000000000000000,172.000000000000000,2.000000000000000,0.000000000000000,0.333333333333333,0.250000000000000,9.600000000000000,1.000000000000000,0.250000000000000,11.431652069091797,374.599792480468750,63.346450805664062,2705.185058593750000,194.656280517578125,7896.214843750000000,,
Leek,53.107999999999997,-2.023400000000000,0.000000000000000,0.000000000000000,1.000000000000000,1.000000000000000,1.000000000000000,1.000000000000000,1.000000000000000,2.000000000000000,2.000000000000000,2.000000000000000,2.000000000000000,3.000000000000000,9.000000000000000,,0.000000000000000,0.000000000000000,1.000000000000000,0.500000000000000,0.000000000000000,1.000000000000000,7.395777225494386,261.116516113281250,28.746088027954102,815.432006835937500,156.275405883789062,5282.881347656250000,227.000000,
Leicester,52.633299999999998,-1.133300000000000,2.000000000000000,2.000000000000000,3.000000000000000,3.000000000000000,3.000000000000000,3.000000000000000,3.000000000000000,4.000000000000000,4.000000000000000,5.000000000000000,8.000000000000000,17.000000000000000,61.000000000000000,0.500000000000000,0.000000000000000,0.000000000000000,0.333333333333333,3.250000000000000,0.000000000000000,0.666666666666667,9.076426506042480,989.091979980468750,77.711448669433594,3280.732421875000000,288.804870605468750,11533.363281250000000,951.000000,
Lichfield,52.683500000000002,-1.826500000000000,2.000000000000000,2.000000000000000,2.000000000000000,2.000000000000000,1.000000000000000,2.000000000000000,2.000000000000000,2.000000000000000,3.000000000000000,3.000000000000000,4.000000000000000,5.000000000000000,7.000000000000000,0.000000000000000,0.000000000000000,0.000000000000000,0.000000000000000,1.500000000000000,1.000000000000000,0.500000000000000,0.532021939754486,11.584720611572266,60.362529754638672,1745.201904296875000,248.457351684570312,9484.789062500000000,0.000000,
Lincoln,53.234400000000001,-0.538600000000000,8.000000000000000,8.000000000000000,8.000000000000000,9.000000000000000,5.000000000000000,4.000000000000000,3.000000000000000,3.000000000000000,3.000000000000000,4.000000000000000,6.000000000000000,7.000000000000000,18.000000000000000,0.125000000000000,-0.555555555555556,-0.250000000000000,0.000000000000000,1.333333333333333,-0.400000000000000,0.333333333333333,18.611104965209961,560.997863769531250,91.117179870605469,2622.762451171875000,285.429412841796875,9526.560546875000000,225.000000,2400.000000
Liverpool,53.399999999999999,-2.983300000000000,0.000000000000000,1.000000000000000,1.000000000000000,1.000000000000000,1.000000000000000,1.000000000000000,1.000000000000000,2.000000000000000,3.000000000000000,6.000000000000000,22.000000000000000,83.000000000000000,376.000000000000000,0.000000000000000,0.000000000000000,0.000000000000000,1.000000000000000,40.500000000000000,0.000000000000000,5.000000000000000,4.140464782714844,82.812797546386719,22.111789703369141,1068.721557617187500,58.556632995605469,2588.331054687500000,,
London,51.517199999999995,0.127500000000000,11.000000000000000,15.000000000000000,40.000000000000000,70.000000000000000,45.000000000000000,50.000000000000000,100.000000000000000,200.000000000000000,339.000000000000000,575.000000000000000,675.000000000000000,948.000000000000000,2236.000000000000000,3.666666666666667,-0.285714285714286,1.000000000000000,1.000000000000000,3.740000000000000,1.222222222222222,4.750000000000000,94.763389587402330,12065.467773437500000,146.956420898437500,17195.041015625000000,308.135711669921875,25494.982421875000000,10536.000000,
Loughborough,52.770499999999998,-1.204600000000000,0.000000000000000,0.000000000000000,0.000000000000000,0.000000000000000,0.000000000000000,1.000000000000000,2.000000000000000,2.000000000000000,2.000000000000000,2.000000000000000,3.000000000000000,5.000000000000000,11.000000000000000,,,1.000000000000000,0.000000000000000,1.500000000000000,,0.000000000000000,17.769184112548828,563.528320312500000,88.037139892578125,3161.090820312500000,280.893035888671875,10498.582031250000000,,
Luton,51.878300000000003,-0.414700000000000,0.000000000000000,1.000000000000000,1.000000000000000,1.000000000000000,1.000000000000000,1.000000000000000,2.000000000000000,2.000000000000000,2.000000000000000,2.000000000000000,2.000000000000000,3.000000000000000,11.000000000000000,0.000000000000000,0.000000000000000,1.000000000000000,0.000000000000000,0.500000000000000,1.000000000000000,0.000000000000000,16.946460723876953,945.341369628906250,75.607475280761719,4694.029296875000000,331.105346679687500,22759.144531250000000,,
Macclesfield,53.258099999999999,-2.127400000000000,0.000000000000000,1.000000000000000,1.000000000000000,2.000000000000000,1.000000000000000,2.000000000000000,3.000000000000000,3.000000000000000,4.000000000000000,4.000000000000000,7.000000000000000,11.000000000000000,39.000000000000000,1.000000000000000,0.000000000000000,0.500000000000000,0.000000000000000,2.666666666666667,2.000000000000000,0.333333333333333,0.405695497989655,16.975801467895508,15.932492256164551,602.105346679687500,125.629203796386719,4387.795410156250000,,
Maidstone,51.271999999999998,0.529000000000000,0.000000000000000,0.000000000000000,0.000000000000000,0.000000000000000,0.000000000000000,2.000000000000000,2.000000000000000,3.000000000000000,3.000000000000000,4.000000000000000,5.000000000000000,8.000000000000000,21.000000000000000,,,0.000000000000000,0.500000000000000,1.666666666666667,,1.000000000000000,19.473060607910156,860.061523437500000,51.183727264404297,2715.298583984375000,206.726165771484375,16745.560546875000000,,
Manchester,53.479399999999998,-2.245300000000000,2.000000000000000,2.000000000000000,2.000000000000000,2.000000000000000,1.000000000000000,3.000000000000000,6.000000000000000,10.000000000000000,9.000000000000000,8.000000000000000,18.000000000000000,84.000000000000000,303.000000000000000,0.000000000000000,0.500000000000000,1.000000000000000,0.666666666666667,7.400000000000000,5.000000000000000,0.333333333333333,2.571692943572998,16.015403747558594,9.573912620544434,304.768341064453125,98.089759826660156,3657.960449218750000,,
Mansfield,53.149999999999999,-1.200000000000000,0.000000000000000,1.000000000000000,1.000000000000000,1.000000000000000,1.000000000000000,1.000000000000000,1.000000000000000,1.000000000000000,1.000000000000000,1.000000000000000,3.000000000000000,6.000000000000000,11.000000000000000,0.000000000000000,0.000000000000000,0.000000000000000,0.000000000000000,5.000000000000000,0.000000000000000,0.000000000000000,11.606612205505373,382.842773437500057,64.531776428222656,2024.460449218750000,250.501754760742188,8143.515136718750000,,
Margate,51.384999999999998,1.383800000000000,0.000000000000000,0.000000000000000,0.000000000000000,1.000000000000000,1.000000000000000,1.000000000000000,1.000000000000000,1.000000000000000,1.000000000000000,1.000000000000000,2.000000000000000,5.000000000000000,10.000000000000000,,0.000000000000000,0.000000000000000,0.000000000000000,4.000000000000000,0.000000000000000,0.000000000000000,0.000000000000000,0.000000000000000,25.983039855957031,2640.694091796874545,86.399856567382812,5978.744628906250000,,
Middlesbrough,54.576700000000002,-1.235500000000000,0.000000000000000,0.000000000000000,0.000000000000000,0.000000000000000,0.000000000000000,0.000000000000000,0.000000000000000,0.000000000000000,0.000000000000000,0.000000000000000,0.000000000000000,0.000000000000000,6.000000000000000,,,,,,,,5.230481147766114,232.780502319335938,31.719455718994141,1595.493041992187500,129.888549804687500,5719.670410156250000,21.000000,
Milton Keynes,52.039999999999999,-0.760000000000000,0.000000000000000,0.000000000000000,0.000000000000000,0.000000000000000,0.000000000000000,0.000000000000000,0.000000000000000,0.000000000000000,0.000000000000000,0.000000000000000,0.000000000000000,0.000000000000000,0.000000000000000,,,,,,,,4.574668407440186,153.914031982421875,70.829032897949219,2757.625000000000000,303.212371826171932,17192.511718750000000,,
Nantwich,53.067000000000000,-2.522000000000000,1.000000000000000,1.000000000000000,1.000000000000000,1.000000000000000,1.000000000000000,2.000000000000000,3.000000000000000,3.000000000000000,4.000000000000000,4.000000000000000,3.000000000000000,3.000000000000000,6.000000000000000,0.000000000000000,1.000000000000000,0.500000000000000,0.000000000000000,0.000000000000000,2.000000000000000,0.333333333333333,3.275617837905884,149.479995727539062,30.851596832275391,1574.840209960937500,111.856376647949219,4285.903808593750000,,
Newbury,51.401000000000003,-1.323000000000000,1.000000000000000,1.000000000000000,1.000000000000000,1.000000000000000,1.000000000000000,3.000000000000000,3.000000000000000,2.000000000000000,2.000000000000000,2.000000000000000,3.000000000000000,4.000000000000000,7.000000000000000,0.000000000000000,2.000000000000000,0.000000000000000,-0.333333333333333,1.000000000000000,2.000000000000000,-0.333333333333333,4.824153423309326,81.301063537597670,38.733486175537109,3105.464843750000000,233.401245117187500,15509.711914062500000,77.000000,
Newport,50.701000000000001,-1.288300000000000,0.000000000000000,1.000000000000000,1.000000000000000,1.000000000000000,1.000000000000000,1.000000000000000,2.000000000000000,2.000000000000000,2.000000000000000,2.000000000000000,3.000000000000000,4.000000000000000,20.000000000000000,0.000000000000000,0.000000000000000,1.000000000000000,0.000000000000000,1.000000000000000,1.000000000000000,0.000000000000000,4.194221019744873,125.227386474609375,30.289602279663082,1398.687133789062500,107.203880310058594,5412.967773437500000,,
Newport,52.769100000000002,-2.378700000000000,0.000000000000000,1.000000000000000,1.000000000000000,1.000000000000000,1.000000000000000,1.000000000000000,2.000000000000000,2.000000000000000,2.000000000000000,2.000000000000000,3.000000000000000,4.000000000000000,20.000000000000000,0.000000000000000,0.000000000000000,1.000000000000000,0.000000000000000,1.000000000000000,1.000000000000000,0.000000000000000,11.228679656982422,301.391235351562500,50.225883483886719,1627.750610351562500,170.000305175781250,6552.718750000000000,,
North Shields,55.009700000000002,-1.444800000000000,0.000000000000000,0.000000000000000,1.000000000000000,1.000000000000000,1.000000000000000,1.000000000000000,1.000000000000000,1.000000000000000,1.000000000000000,1.000000000000000,4.000000000000000,7.000000000000000,11.000000000000000,,0.000000000000000,0.000000000000000,0.000000000000000,6.000000000000000,0.000000000000000,0.000000000000000,13.188346862792969,453.744384765625000,29.084123611450195,1335.076782226562500,70.064140319824219,2905.289550781250000,397.000000,
Norwich,52.630000000000003,1.297000000000000,5.000000000000000,7.000000000000000,10.000000000000000,13.000000000000000,6.000000000000000,10.000000000000000,14.000000000000000,20.000000000000000,24.000000000000000,30.000000000000000,37.000000000000000,37.000000000000000,68.000000000000000,0.857142857142857,-0.230769230769231,0.400000000000000,0.428571428571429,0.850000000000000,1.333333333333333,1.142857142857143,25.864641189575195,1310.506713867187500,72.883613586425781,2547.137451171875000,184.055343627929688,6198.741699218750909,1050.000000,
Nottingham,52.950000000000003,-1.150000000000000,1.000000000000000,2.000000000000000,3.000000000000000,4.000000000000000,2.000000000000000,3.000000000000000,3.000000000000000,4.000000000000000,4.000000000000000,5.000000000000000,12.000000000000000,29.000000000000000,99.000000000000000,1.000000000000000,-0.250000000000000,0.000000000000000,0.333333333333333,6.250000000000000,0.500000000000000,0.666666666666667,14.001156806945801,576.473999023437386,82.347610473632812,2677.170654296875000,270.764068603515625,9639.175781250000000,329.000000,
Nuneaton,52.523000000000003,-1.468000000000000,0.000000000000000,0.000000000000000,1.000000000000000,1.000000000000000,1.000000000000000,1.000000000000000,1.000000000000000,2.000000000000000,2.000000000000000,2.000000000000000,3.000000000000000,5.000000000000000,5.000000000000000,,0.000000000000000,0.000000000000000,1.000000000000000,1.500000000000000,0.000000000000000,1.000000000000000,21.524961471557617,959.295837402343864,84.647590637207017,3605.080078125000000,280.921142578125000,11301.424804687500000,253.000000,
Oldham,53.544400000000003,-2.116900000000000,1.000000000000000,1.000000000000000,1.000000000000000,1.000000000000000,1.000000000000000,1.000000000000000,1.000000000000000,1.000000000000000,1.000000000000000,1.000000000000000,3.000000000000000,12.000000000000000,53.000000000000000,0.000000000000000,0.000000000000000,0.000000000000000,0.000000000000000,11.000000000000000,0.000000000000000,0.000000000000000,1.248028635978699,7.772189140319824,7.585288524627686,166.226165771484375,109.102233886718750,4138.717285156250000,,
Oxford,51.751899999999999,-1.257800000000000,2.000000000000000,2.000000000000000,3.000000000000000,3.000000000000000,2.000000000000000,5.000000000000000,5.000000000000000,5.000000000000000,6.000000000000000,8.000000000000000,8.000000000000000,12.000000000000000,29.000000000000000,0.500000000000000,0.666666666666667,0.000000000000000,0.000000000000000,1.400000000000000,1.500000000000000,0.600000000000000,36.374622344970703,2816.448242187500000,74.161193847656250,4898.217285156250000,262.476074218750000,16906.781250000000000,943.000000,
Plymouth,50.371400000000001,-4.142200000000000,0.000000000000000,0.000000000000000,1.000000000000000,7.000000000000000,7.000000000000000,3.000000000000000,5.000000000000000,7.000000000000000,7.000000000000000,8.000000000000000,14.000000000000000,16.000000000000000,52.000000000000000,,-0.571428571428571,0.666666666666667,0.400000000000000,1.285714285714286,-0.285714285714286,0.600000000000000,9.899671554565430,917.866638183593750,32.352737426757812,2400.478027343750000,68.071319580078125,3939.123046875000000,0.000000,
Poole,50.716700000000003,-1.983300000000000,0.000000000000000,0.000000000000000,1.000000000000000,1.000000000000000,1.000000000000000,1.000000000000000,1.000000000000000,2.000000000000000,2.000000000000000,2.000000000000000,3.000000000000000,5.000000000000000,9.000000000000000,,0.000000000000000,0.000000000000000,1.000000000000000,1.500000000000000,0.000000000000000,1.000000000000000,3.766645193099976,115.456268310546875,31.934846878051754,1354.577392578125000,130.810028076171875,7873.112792968750000,,
Portsmouth,50.805799999999998,-1.087200000000000,0.000000000000000,1.000000000000000,1.000000000000000,1.000000000000000,1.000000000000000,2.000000000000000,1.000000000000000,1.000000000000000,2.000000000000000,3.000000000000000,10.000000000000000,33.000000000000000,72.000000000000000,0.000000000000000,1.000000000000000,-0.500000000000000,0.000000000000000,32.000000000000000,0.000000000000000,2.000000000000000,8.425889015197754,344.506286621093750,41.428977966308594,2013.255981445312500,120.731903076171875,6303.923828125000000,,
Preston,53.759000000000000,-2.699000000000000,0.000000000000000,1.000000000000000,1.000000000000000,1.000000000000000,1.000000000000000,1.000000000000000,1.000000000000000,2.000000000000000,2.000000000000000,2.000000000000000,6.000000000000000,12.000000000000000,70.000000000000000,0.000000000000000,0.000000000000000,0.000000000000000,1.000000000000000,5.000000000000000,0.000000000000000,1.000000000000000,3.320522546768188,28.837745666503906,21.490547180175781,535.699401855468750,66.573623657226562,2545.408447265625000,29.000000,7235.000000
Preston,53.756599999999999,-0.196900000000000,0.000000000000000,1.000000000000000,1.000000000000000,1.000000000000000,1.000000000000000,1.000000000000000,1.000000000000000,2.000000000000000,2.000000000000000,2.000000000000000,6.000000000000000,12.000000000000000,70.000000000000000,0.000000000000000,0.000000000000000,0.000000000000000,1.000000000000000,5.000000000000000,0.000000000000000,1.000000000000000,11.477838516235352,470.129394531250000,59.681159973144531,1950.569213867187500,196.097732543945312,6419.230957031250000,,
Reading,51.454200000000000,-0.973100000000000,0.000000000000000,1.000000000000000,1.000000000000000,2.000000000000000,2.000000000000000,4.000000000000000,4.000000000000000,5.000000000000000,5.000000000000000,5.000000000000000,7.000000000000000,10.000000000000000,21.000000000000000,1.000000000000000,1.000000000000000,0.000000000000000,0.250000000000000,1.000000000000000,1.000000000000000,0.250000000000000,11.555753707885742,1992.693237304687727,59.366706848144531,4176.850585937500000,265.785308837890625,19889.853515625000000,1938.000000,
Rochdale,53.613599999999998,-2.161000000000000,0.000000000000000,1.000000000000000,1.000000000000000,1.000000000000000,1.000000000000000,1.000000000000000,1.000000000000000,1.000000000000000,1.000000000000000,1.000000000000000,4.000000000000000,13.000000000000000,42.000000000000000,0.000000000000000,0.000000000000000,0.000000000000000,0.000000000000000,12.000000000000000,0.000000000000000,0.000000000000000,0.642092227935791,3.998676061630249,10.589477539062500,272.125518798828125,104.354972839355469,4036.715332031250000,,
Rochester,51.375000000000000,0.500000000000000,1.000000000000000,2.000000000000000,2.000000000000000,2.000000000000000,1.000000000000000,2.000000000000000,2.000000000000000,3.000000000000000,3.000000000000000,3.000000000000000,5.000000000000000,7.000000000000000,17.000000000000000,0.000000000000000,0.000000000000000,0.000000000000000,0.500000000000000,1.333333333333333,1.000000000000000,0.500000000000000,13.576997756958008,782.478088378906250,50.931247711181641,2932.200683593750000,227.612106323242188,18485.644531250000000,486.000000,
Rotherham,53.430000000000000,-1.357000000000000,1.000000000000000,2.000000000000000,2.000000000000000,3.000000000000000,2.000000000000000,3.000000000000000,2.000000000000000,2.000000000000000,1.000000000000000,1.000000000000000,3.000000000000000,8.000000000000000,14.000000000000000,0.500000000000000,0.000000000000000,-0.333333333333333,0.000000000000000,3.000000000000000,0.000000000000000,-0.500000000000000,4.956470489501954,181.842437744140653,46.731155395507812,1667.908935546874773,215.795974731445312,7368.807128906250000,,
Rowley Regis,52.479999999999997,-2.060000000000000,0.000000000000000,1.000000000000000,1.000000000000000,2.000000000000000,1.000000000000000,1.000000000000000,1.000000000000000,1.000000000000000,1.000000000000000,1.000000000000000,2.000000000000000,5.000000000000000,14.000000000000000,1.000000000000000,-0.500000000000000,0.000000000000000,0.000000000000000,4.000000000000000,0.000000000000000,0.000000000000000,9.038250923156738,290.711944580078125,59.228595733642578,2208.687011718750000,248.379302978515625,11394.904296875000000,,
Rugby,52.369999999999997,-1.260000000000000,0.000000000000000,1.000000000000000,1.000000000000000,1.000000000000000,1.000000000000000,1.000000000000000,1.000000000000000,1.000000000000000,1.000000000000000,1.000000000000000,1.000000000000000,1.000000000000000,6.000000000000000,0.000000000000000,0.000000000000000,0.000000000000000,0.000000000000000,0.000000000000000,0.000000000000000,0.000000000000000,4.915400028228760,249.484420776367188,77.495704650878906,3297.750244140625000,291.738983154296875,12861.618164062500000,,
Salford,53.482999999999997,-2.293100000000000,0.000000000000000,0.000000000000000,1.000000000000000,1.000000000000000,1.000000000000000,1.000000000000000,1.000000000000000,1.000000000000000,1.000000000000000,1.000000000000000,3.000000000000000,18.000000000000000,85.000000000000000,,0.000000000000000,0.000000000000000,0.000000000000000,17.000000000000000,0.000000000000000,0.000000000000000,2.762156248092651,17.201528549194336,11.223258018493652,360.887756347656250,93.059814453124986,3493.185058593750000,,
Salisbury,51.073999999999998,-1.793600000000000,0.000000000000000,0.000000000000000,1.000000000000000,8.000000000000000,5.000000000000000,8.000000000000000,7.000000000000000,6.000000000000000,6.000000000000000,7.000000000000000,9.000000000000000,8.000000000000000,12.000000000000000,,0.000000000000000,-0.125000000000000,-0.142857142857143,0.333333333333333,0.400000000000000,0.000000000000000,15.417966842651367,966.445312500000000,60.426097869873047,3271.253662109375000,199.764282226562500,12444.874023437500000,0.000000,
Sandwich,51.274700000000003,1.338900000000000,0.000000000000000,0.000000000000000,1.000000000000000,1.000000000000000,1.000000000000000,1.000000000000000,1.000000000000000,2.000000000000000,2.000000000000000,2.000000000000000,3.000000000000000,4.000000000000000,5.000000000000000,,0.000000000000000,0.000000000000000,1.000000000000000,1.000000000000000,0.000000000000000,1.000000000000000,4.144279003143313,227.626052856445312,40.192108154296875,3526.216796875000000,87.492179870605469,6125.118652343750000,0.000000,
Scarborough,54.277299999999997,-0.401700000000000,1.000000000000000,1.000000000000000,1.000000000000000,2.000000000000000,1.000000000000000,1.000000000000000,2.000000000000000,2.000000000000000,3.000000000000000,4.000000000000000,5.000000000000000,6.000000000000000,13.000000000000000,1.000000000000000,-0.500000000000000,1.000000000000000,0.000000000000000,2.000000000000000,1.000000000000000,1.000000000000000,5.074532032012940,63.952075958251953,25.340930938720703,892.264160156250000,126.682968139648438,5115.745605468750000,0.000000,
Sedgley,52.539999999999999,-2.123000000000000,1.000000000000000,1.000000000000000,1.000000000000000,1.000000000000000,1.000000000000000,1.000000000000000,1.000000000000000,2.000000000000000,2.000000000000000,2.000000000000000,4.000000000000000,10.000000000000000,30.000000000000000,0.000000000000000,0.000000000000000,0.000000000000000,1.000000000000000,4.000000000000000,0.000000000000000,1.000000000000000,5.904246330261230,145.219635009765625,49.337726593017578,1575.310791015625000,236.080535888671875,10416.642578125000000,,
Sheffield,53.383299999999998,-1.466700000000000,0.000000000000000,1.000000000000000,1.000000000000000,1.000000000000000,2.000000000000000,2.000000000000000,3.000000000000000,3.000000000000000,3.000000000000000,3.000000000000000,12.000000000000000,46.000000000000000,135.000000000000000,0.000000000000000,1.000000000000000,0.500000000000000,0.000000000000000,14.333333333333334,0.500000000000000,0.000000000000000,4.149477481842041,109.949249267578125,36.980400085449219,1305.695922851562500,198.179016113281250,6662.926757812500909,,
Shepton Mallet,51.192999999999998,-2.546000000000000,0.000000000000000,1.000000000000000,1.000000000000000,2.000000000000000,1.000000000000000,1.000000000000000,1.000000000000000,1.000000000000000,1.000000000000000,2.000000000000000,3.000000000000000,5.000000000000000,5.000000000000000,1.000000000000000,-0.500000000000000,0.000000000000000,0.000000000000000,4.000000000000000,0.000000000000000,1.000000000000000,7.631090641021730,1354.350952148437500,65.817504882812500,6116.028808593750000,191.795501708984375,13044.148437500000000,,
Shrewsbury,52.707999999999998,-2.754000000000000,2.000000000000000,2.000000000000000,3.000000000000000,3.000000000000000,4.000000000000000,4.000000000000000,5.000000000000000,5.000000000000000,6.000000000000000,7.000000000000000,8.000000000000000,15.000000000000000,20.000000000000000,0.500000000000000,0.333333333333333,0.250000000000000,0.000000000000000,2.000000000000000,0.250000000000000,0.400000000000000,11.993283271789551,778.877075195312500,40.583877563476562,1634.037963867187500,123.689353942871094,5025.746582031250000,532.000000,
Slough,51.509999999999998,-0.590000000000000,0.000000000000000,0.000000000000000,1.000000000000000,1.000000000000000,1.000000000000000,1.000000000000000,1.000000000000000,1.000000000000000,1.000000000000000,1.000000000000000,1.000000000000000,1.000000000000000,4.000000000000000,,0.000000000000000,0.000000000000000,0.000000000000000,0.000000000000000,0.000000000000000,0.000000000000000,11.263871192932127,322.044555664062500,99.524192810058594,9305.990234375000000,304.184356689453125,24695.990234375000000,,
South Shields,54.994999999999997,-1.430000000000000,1.000000000000000,1.000000000000000,1.000000000000000,1.000000000000000,1.000000000000000,2.000000000000000,3.000000000000000,4.000000000000000,5.000000000000000,6.000000000000000,8.000000000000000,11.000000000000000,29.000000000000000,0.000000000000000,1.000000000000000,0.500000000000000,0.333333333333333,1.750000000000000,2.000000000000000,1.000000000000000,13.535340309143066,453.806091308593750,29.078845977783203,1368.707519531250000,70.865600585937500,2951.898437500000455,397.000000,
Southampton,50.899999999999999,-1.400000000000000,1.000000000000000,1.000000000000000,2.000000000000000,3.000000000000000,2.000000000000000,3.000000000000000,3.000000000000000,4.000000000000000,3.000000000000000,3.000000000000000,3.000000000000000,8.000000000000000,35.000000000000000,2.000000000000000,0.000000000000000,0.000000000000000,0.333333333333333,1.000000000000000,0.500000000000000,0.000000000000000,18.970985412597656,677.199035644531250,65.787689208984375,3927.295654296875000,154.300079345703125,8336.255859375000000,0.000000,
Stafford,52.806600000000003,-2.117100000000000,1.000000000000000,1.000000000000000,1.000000000000000,1.000000000000000,1.000000000000000,1.000000000000000,1.000000000000000,1.000000000000000,1.000000000000000,2.000000000000000,3.000000000000000,4.000000000000000,12.000000000000000,0.000000000000000,0.000000000000000,0.000000000000000,0.000000000000000,3.000000000000000,0.000000000000000,1.000000000000000,11.143421173095703,270.461151123046875,47.479026794433594,1225.425903320312500,197.813217163085966,7301.641113281250000,141.000000,
Stockport,53.408299999999997,-2.149400000000000,0.000000000000000,0.000000000000000,1.000000000000000,1.000000000000000,1.000000000000000,1.000000000000000,1.000000000000000,1.000000000000000,1.000000000000000,2.000000000000000,3.000000000000000,20.000000000000000,54.000000000000000,,0.000000000000000,0.000000000000000,0.000000000000000,19.000000000000000,0.000000000000000,1.000000000000000,0.598954737186432,3.730033874511719,8.679416656494142,311.472381591796875,110.910842895507812,4016.428955078125000,,
Stroud,51.744000000000000,-2.215000000000000,0.000000000000000,0.000000000000000,0.000000000000000,0.000000000000000,0.000000000000000,0.000000000000000,0.000000000000000,0.000000000000000,1.000000000000000,2.000000000000000,3.000000000000000,5.000000000000000,9.000000000000000,,,,,,,,10.240432739257812,807.370788574218750,65.567977905273438,5577.155273437500000,217.310562133789062,15056.792968750000000,,
Sunderland,54.906100000000002,-1.381100000000000,0.000000000000000,1.000000000000000,1.000000000000000,1.000000000000000,1.000000000000000,2.000000000000000,3.000000000000000,3.000000000000000,4.000000000000000,5.000000000000000,10.000000000000000,24.000000000000000,65.000000000000000,0.000000000000000,1.000000000000000,0.500000000000000,0.000000000000000,7.000000000000000,2.000000000000000,0.666666666666667,9.775119781494141,245.019805908203125,28.405960083007812,1576.682861328125000,79.058517456054688,3380.144531250000000,25.000000,1760.000000
Sutton Coldfield,52.563000000000002,-1.822000000000000,0.000000000000000,1.000000000000000,1.000000000000000,1.000000000000000,1.000000000000000,1.000000000000000,1.000000000000000,2.000000000000000,2.000000000000000,2.000000000000000,2.000000000000000,3.000000000000000,5.000000000000000,0.000000000000000,0.000000000000000,0.000000000000000,1.000000000000000,0.500000000000000,0.000000000000000,1.000000000000000,2.203438997268677,48.828578948974609,68.524093627929688,2395.916503906250455,261.878234863281250,10888.212890625000000,,
Taunton,51.018999999999998,-3.100000000000000,2.000000000000000,2.000000000000000,2.000000000000000,2.000000000000000,1.000000000000000,3.000000000000000,3.000000000000000,2.000000000000000,2.000000000000000,2.000000000000000,3.000000000000000,5.000000000000000,10.000000000000000,0.000000000000000,0.500000000000000,0.000000000000000,-0.333333333333333,1.500000000000000,2.000000000000000,-0.333333333333333,13.312691688537598,574.561462402343750,52.628200531005859,3386.273925781250000,140.486953735351562,8997.080078125000000,286.000000,
Telford,52.676600000000001,-2.446900000000000,0.000000000000000,0.000000000000000,0.000000000000000,0.000000000000000,0.000000000000000,0.000000000000000,0.000000000000000,0.000000000000000,0.000000000000000,0.000000000000000,0.000000000000000,0.000000000000000,0.000000000000000,,,,,,,,16.983509063720703,539.653198242187500,49.698806762695312,1699.699829101562727,174.746337890625000,7137.028808593750000,65.000000,
Tiverton,50.902999999999999,-3.488000000000000,0.000000000000000,1.000000000000000,1.000000000000000,2.000000000000000,1.000000000000000,3.000000000000000,3.000000000000000,4.000000000000000,5.000000000000000,7.000000000000000,7.000000000000000,7.000000000000000,11.000000000000000,1.000000000000000,0.500000000000000,0.000000000000000,0.333333333333333,0.750000000000000,2.000000000000000,1.333333333333333,3.945986270904541,110.310958862304688,35.340217590332031,1126.718383789062500,112.348594665527344,6206.055664062500000,,
Tynemouth,55.017000000000003,-1.423000000000000,0.000000000000000,0.000000000000000,0.000000000000000,0.000000000000000,0.000000000000000,0.000000000000000,0.000000000000000,0.000000000000000,0.000000000000000,1.000000000000000,4.000000000000000,13.000000000000000,29.000000000000000,,,,,,,,12.286910057067873,452.827972412109375,27.998561859130859,1256.718383789062500,68.531364440917969,2846.266601562500000,397.000000,
Wakefield,53.680000000000000,-1.490000000000000,0.000000000000000,1.000000000000000,1.000000000000000,2.000000000000000,1.000000000000000,3.000000000000000,3.000000000000000,2.000000000000000,2.000000000000000,2.000000000000000,4.000000000000000,11.000000000000000,22.000000000000000,1.000000000000000,0.500000000000000,0.000000000000000,-0.333333333333333,4.500000000000000,2.000000000000000,-0.333333333333333,15.751575469970703,707.721252441406250,57.418746948242188,2279.948730468750000,198.553268432617188,7780.043945312500000,,
Walsall,52.579999999999998,-1.980000000000000,1.000000000000000,1.000000000000000,2.000000000000000,2.000000000000000,1.000000000000000,2.000000000000000,3.000000000000000,4.000000000000000,5.000000000000000,6.000000000000000,8.000000000000000,10.000000000000000,26.000000000000000,1.000000000000000,0.000000000000000,0.500000000000000,0.333333333333333,1.500000000000000,2.000000000000000,1.000000000000000,2.897525787353516,63.940116882324219,55.160133361816406,1749.752929687500000,247.574935913085966,10420.027343750000000,,
Warminster,51.204999999999998,-2.181000000000000,1.000000000000000,1.000000000000000,1.000000000000000,1.000000000000000,1.000000000000000,2.000000000000000,2.000000000000000,2.000000000000000,3.000000000000000,3.000000000000000,5.000000000000000,7.000000000000000,8.000000000000000,0.000000000000000,1.000000000000000,0.000000000000000,0.000000000000000,2.500000000000000,1.000000000000000,0.500000000000000,9.073125839233398,466.213287353515625,62.514560699462891,3828.753417968750000,211.166137695312500,14209.365234375000000,,
Warrington,53.391700000000000,-2.597200000000000,0.000000000000000,0.000000000000000,0.000000000000000,0.000000000000000,0.000000000000000,0.000000000000000,0.000000000000000,0.000000000000000,1.000000000000000,2.000000000000000,4.000000000000000,11.000000000000000,21.000000000000000,,,,,,,,3.886942863464355,133.644851684570312,23.536045074462891,1150.568115234375000,78.489852905273438,3160.525146484375000,0.000000,
Warwick,52.280000000000001,-1.590000000000000,1.000000000000000,1.000000000000000,2.000000000000000,2.000000000000000,1.000000000000000,1.000000000000000,2.000000000000000,3.000000000000000,3.000000000000000,3.000000000000000,4.000000000000000,6.000000000000000,11.000000000000000,1.000000000000000,-0.500000000000000,1.000000000000000,0.500000000000000,1.000000000000000,1.000000000000000,0.500000000000000,24.554126739501953,909.063110351562500,90.771972656250000,3737.528564453125000,282.617279052734375,14015.524414062500000,41.000000,
Wellington,52.700099999999999,-2.515700000000000,1.000000000000000,2.000000000000000,2.000000000000000,3.000000000000000,2.000000000000000,1.000000000000000,1.000000000000000,2.000000000000000,2.000000000000000,2.000000000000000,4.000000000000000,8.000000000000000,5.000000000000000,0.500000000000000,-0.666666666666667,0.000000000000000,1.000000000000000,3.000000000000000,-0.500000000000000,1.000000000000000,17.615835189819336,679.953186035156250,49.365982055664062,1767.692749023437500,160.772262573242188,6494.004882812500000,,
Wellington,50.975499999999997,-3.224300000000000,1.000000000000000,2.000000000000000,2.000000000000000,3.000000000000000,2.000000000000000,1.000000000000000,1.000000000000000,2.000000000000000,2.000000000000000,2.000000000000000,4.000000000000000,8.000000000000000,5.000000000000000,0.500000000000000,-0.666666666666667,0.000000000000000,1.000000000000000,3.000000000000000,-0.500000000000000,1.000000000000000,10.952192306518555,482.972869873046875,49.005481719970703,2202.757568359375000,129.622024536132812,7982.182128906250000,,
West Bromwich,52.518999999999998,-1.995000000000000,0.000000000000000,1.000000000000000,1.000000000000000,1.000000000000000,1.000000000000000,1.000000000000000,1.000000000000000,1.000000000000000,1.000000000000000,1.000000000000000,2.000000000000000,6.000000000000000,35.000000000000000,0.000000000000000,0.000000000000000,0.000000000000000,0.000000000000000,5.000000000000000,0.000000000000000,0.000000000000000,6.484242439270020,207.773864746093750,60.041538238525391,2082.195556640625000,251.694564819335938,11121.067382812500000,,
West Ham,51.534700000000001,0.007700000000000,1.000000000000000,1.000000000000000,2.000000000000000,2.000000000000000,1.000000000000000,2.000000000000000,2.000000000000000,3.000000000000000,3.000000000000000,3.000000000000000,4.000000000000000,6.000000000000000,19.000000000000000,1.000000000000000,0.000000000000000,0.000000000000000,0.500000000000000,1.000000000000000,1.000000000000000,0.500000000000000,75.442939758300781,8706.435546875000000,135.208572387695312,15627.484375000000000,305.128387451171932,24981.667968749996362,511.000000,
Whitby,54.485799999999998,-0.620600000000000,1.000000000000000,1.000000000000000,1.000000000000000,2.000000000000000,1.000000000000000,1.000000000000000,1.000000000000000,2.000000000000000,2.000000000000000,2.000000000000000,4.000000000000000,7.000000000000000,8.000000000000000,1.000000000000000,-0.500000000000000,0.000000000000000,1.000000000000000,2.500000000000000,0.000000000000000,1.000000000000000,7.849867820739746,443.920349121093750,25.676752090454102,926.927307128906250,108.809455871582031,4636.483886718750000,437.000000,
Whitehaven,54.548000000000002,-3.585500000000000,1.000000000000000,1.000000000000000,1.000000000000000,2.000000000000000,1.000000000000000,2.000000000000000,2.000000000000000,2.000000000000000,3.000000000000000,3.000000000000000,5.000000000000000,9.000000000000000,14.000000000000000,1.000000000000000,0.000000000000000,0.000000000000000,0.000000000000000,3.500000000000000,1.000000000000000,0.500000000000000,5.056676387786866,128.743850708007812,9.221582412719727,264.517425537109375,31.607851028442383,1415.415039062500000,,
Wigan,53.544800000000002,-2.631800000000000,0.000000000000000,0.000000000000000,0.000000000000000,1.000000000000000,1.000000000000000,1.000000000000000,1.000000000000000,2.000000000000000,2.000000000000000,2.000000000000000,4.000000000000000,11.000000000000000,32.000000000000000,,0.000000000000000,0.000000000000000,1.000000000000000,4.500000000000000,0.000000000000000,1.000000000000000,3.844555616378784,54.273159027099609,21.374143600463867,598.119323730468750,71.085472106933594,2806.327636718750000,,
Winchester,51.063200000000002,-1.308000000000000,3.000000000000000,4.000000000000000,5.000000000000000,6.000000000000000,3.000000000000000,3.000000000000000,3.000000000000000,3.000000000000000,3.000000000000000,3.000000000000000,4.000000000000000,6.000000000000000,14.000000000000000,0.500000000000000,-0.500000000000000,0.000000000000000,0.000000000000000,1.000000000000000,0.000000000000000,0.000000000000000,24.226610183715820,2737.323486328125000,64.318000793457031,4347.038085937500000,184.009704589843750,10633.753906250000000,2551.000000,
Windsor,51.479100000000003,-0.609500000000000,0.000000000000000,0.000000000000000,0.000000000000000,1.000000000000000,1.000000000000000,1.000000000000000,1.000000000000000,2.000000000000000,2.000000000000000,2.000000000000000,3.000000000000000,5.000000000000000,14.000000000000000,,0.000000000000000,0.000000000000000,1.000000000000000,1.500000000000000,0.000000000000000,1.000000000000000,12.282190322875977,416.314880371093750,94.043685913085938,8595.942382812500000,298.267700195312500,24332.076171875000000,,
Wolverhampton,52.583300000000001,-2.133300000000000,0.000000000000000,0.000000000000000,1.000000000000000,1.000000000000000,1.000000000000000,1.000000000000000,2.000000000000000,3.000000000000000,4.000000000000000,6.000000000000000,7.000000000000000,13.000000000000000,50.000000000000000,,0.000000000000000,1.000000000000000,0.500000000000000,3.333333333333333,1.000000000000000,2.000000000000000,4.761277198791504,53.793357849121094,46.916694641113281,1386.166381835937500,230.184783935546875,9835.690429687500000,,
Woolwich,51.488000000000000,0.063000000000000,0.000000000000000,0.000000000000000,0.000000000000000,0.000000000000000,0.000000000000000,1.000000000000000,1.000000000000000,2.000000000000000,2.000000000000000,2.000000000000000,7.000000000000000,24.000000000000000,52.000000000000000,,,0.000000000000000,1.000000000000000,11.000000000000000,,1.000000000000000,50.981609344482422,5641.499511718750000,129.008224487304688,14523.849609375000000,294.342864990234375,24460.244140625000000,,
Worcester,52.192000000000000,-2.220000000000000,2.000000000000000,3.000000000000000,3.000000000000000,2.000000000000000,3.000000000000000,4.000000000000000,5.000000000000000,6.000000000000000,7.000000000000000,9.000000000000000,10.000000000000000,11.000000000000000,31.000000000000000,-0.333333333333333,1.000000000000000,0.250000000000000,0.200000000000000,0.833333333333333,0.666666666666667,0.800000000000000,18.697324752807617,1731.143066406250000,75.959602355957017,5857.736328125000000,235.870925903320312,13623.787109375000000,1343.000000,
Workington,54.636499999999998,-3.554900000000000,1.000000000000000,1.000000000000000,1.000000000000000,1.000000000000000,1.000000000000000,1.000000000000000,1.000000000000000,1.000000000000000,1.000000000000000,1.000000000000000,2.000000000000000,6.000000000000000,6.000000000000000,0.000000000000000,0.000000000000000,0.000000000000000,0.000000000000000,5.000000000000000,0.000000000000000,0.000000000000000,0.528278052806854,15.221866607666016,9.311907768249512,362.119415283203125,31.773647308349609,1405.071899414062500,,
York,53.958300000000001,-1.080300000000000,6.000000000000000,8.000000000000000,11.000000000000000,8.000000000000000,12.000000000000000,7.000000000000000,9.000000000000000,12.000000000000000,12.000000000000000,12.000000000000000,11.000000000000000,17.000000000000000,41.000000000000000,0.000000000000000,-0.125000000000000,0.285714285714286,0.333333333333333,0.416666666666667,-0.250000000000000,0.333333333333333,30.686477661132812,2053.872802734375000,96.091392517089844,4435.583984375000000,242.783676147460938,9780.195312500000000,1921.000000,
