Grid-cell,Longitude,Latitude
1,16.75,27.25
2,17.25,27.25
3,17.75,27.25
4,32.25,27.25
5,32.75,27.25
6,33.25,27.25
7,36.75,27.25
8,37.25,27.25
9,37.75,27.25
10,38.25,27.25
11,38.75,27.25
12,39.25,27.25
13,39.75,27.25
14,40.25,27.25
15,40.75,27.25
16,41.25,27.25
17,41.75,27.25
18,42.25,27.25
19,42.75,27.25
20,43.25,27.25
21,43.75,27.25
22,44.25,27.25
23,44.75,27.25
24,16.75,27.75
25,17.25,27.75
26,17.75,27.75
27,32.25,27.75
28,32.75,27.75
29,36.25,27.75
30,36.75,27.75
31,37.25,27.75
32,39.25,27.75
33,39.75,27.75
34,40.25,27.75
35,40.75,27.75
36,41.25,27.75
37,41.75,27.75
38,42.25,27.75
39,42.75,27.75
40,43.25,27.75
41,43.75,27.75
42,44.25,27.75
43,44.75,27.75
44,13.25,28.25
45,13.75,28.25
46,14.25,28.25
47,16.25,28.25
48,16.75,28.25
49,17.25,28.25
50,32.25,28.25
51,32.75,28.25
52,34.25,28.25
53,35.75,28.25
54,36.25,28.25
55,40.25,28.25
56,40.75,28.25
57,41.25,28.25
58,41.75,28.25
59,42.25,28.25
60,42.75,28.25
61,43.25,28.25
62,43.75,28.25
63,44.25,28.25
64,44.75,28.25
65,12.75,28.75
66,13.25,28.75
67,13.75,28.75
68,14.25,28.75
69,14.75,28.75
70,15.25,28.75
71,15.75,28.75
72,16.25,28.75
73,16.75,28.75
74,17.25,28.75
75,17.75,28.75
76,18.25,28.75
77,18.75,28.75
78,19.25,28.75
79,19.75,28.75
80,32.25,28.75
81,33.75,28.75
82,34.25,28.75
83,35.25,28.75
84,35.75,28.75
85,40.75,28.75
86,41.25,28.75
87,41.75,28.75
88,42.25,28.75
89,42.75,28.75
90,43.25,28.75
91,43.75,28.75
92,44.25,28.75
93,44.75,28.75
94,12.25,29.25
95,12.75,29.25
96,13.25,29.25
97,13.75,29.25
98,14.25,29.25
99,14.75,29.25
100,15.25,29.25
101,15.75,29.25
102,16.25,29.25
103,16.75,29.25
104,17.25,29.25
105,17.75,29.25
106,18.25,29.25
107,18.75,29.25
108,19.25,29.25
109,19.75,29.25
110,20.25,29.25
111,20.75,29.25
112,29.25,29.25
113,29.75,29.25
114,31.75,29.25
115,33.75,29.25
116,34.25,29.25
117,35.25,29.25
118,35.75,29.25
119,37.25,29.25
120,40.75,29.25
121,41.25,29.25
122,41.75,29.25
123,42.25,29.25
124,42.75,29.25
125,43.25,29.25
126,43.75,29.25
127,44.25,29.25
128,44.75,29.25
129,11.25,29.75
130,11.75,29.75
131,12.25,29.75
132,12.75,29.75
133,13.25,29.75
134,13.75,29.75
135,14.25,29.75
136,14.75,29.75
137,15.25,29.75
138,15.75,29.75
139,16.25,29.75
140,16.75,29.75
141,17.25,29.75
142,17.75,29.75
143,18.25,29.75
144,18.75,29.75
145,19.25,29.75
146,19.75,29.75
147,20.25,29.75
148,20.75,29.75
149,21.25,29.75
150,21.75,29.75
151,22.25,29.75
152,22.75,29.75
153,28.25,29.75
154,28.75,29.75
155,29.25,29.75
156,29.75,29.75
157,30.25,29.75
158,31.75,29.75
159,33.25,29.75
160,34.25,29.75
161,34.75,29.75
162,35.25,29.75
163,41.75,29.75
164,42.25,29.75
165,42.75,29.75
166,43.25,29.75
167,43.75,29.75
168,44.25,29.75
169,44.75,29.75
170,10.25,30.25
171,10.75,30.25
172,11.25,30.25
173,11.75,30.25
174,12.25,30.25
175,12.75,30.25
176,13.25,30.25
177,13.75,30.25
178,14.25,30.25
179,14.75,30.25
180,15.25,30.25
181,15.75,30.25
182,16.25,30.25
183,16.75,30.25
184,17.25,30.25
185,17.75,30.25
186,18.25,30.25
187,18.75,30.25
188,19.25,30.25
189,19.75,30.25
190,20.25,30.25
191,20.75,30.25
192,21.25,30.25
193,21.75,30.25
194,22.25,30.25
195,22.75,30.25
196,23.25,30.25
197,23.75,30.25
198,25.25,30.25
199,25.75,30.25
200,26.25,30.25
201,26.75,30.25
202,27.25,30.25
203,27.75,30.25
204,28.25,30.25
205,28.75,30.25
206,29.25,30.25
207,29.75,30.25
208,30.25,30.25
209,33.25,30.25
210,33.75,30.25
211,34.25,30.25
212,34.75,30.25
213,35.75,30.25
214,36.25,30.25
215,41.75,30.25
216,42.25,30.25
217,42.75,30.25
218,43.25,30.25
219,43.75,30.25
220,44.25,30.25
221,44.75,30.25
222,0.25,30.75
223,0.75,30.75
224,1.25,30.75
225,1.75,30.75
226,2.25,30.75
227,9.75,30.75
228,10.25,30.75
229,10.75,30.75
230,11.25,30.75
231,11.75,30.75
232,12.25,30.75
233,12.75,30.75
234,13.25,30.75
235,13.75,30.75
236,14.25,30.75
237,14.75,30.75
238,15.25,30.75
239,15.75,30.75
240,16.25,30.75
241,16.75,30.75
242,17.25,30.75
243,17.75,30.75
244,18.25,30.75
245,20.25,30.75
246,20.75,30.75
247,21.25,30.75
248,21.75,30.75
249,22.25,30.75
250,22.75,30.75
251,23.25,30.75
252,23.75,30.75
253,24.25,30.75
254,24.75,30.75
255,25.25,30.75
256,25.75,30.75
257,26.25,30.75
258,26.75,30.75
259,27.25,30.75
260,27.75,30.75
261,28.25,30.75
262,28.75,30.75
263,29.25,30.75
264,29.75,30.75
265,30.25,30.75
266,30.75,30.75
267,32.75,30.75
268,33.25,30.75
269,33.75,30.75
270,34.25,30.75
271,34.75,30.75
272,35.25,30.75
273,35.75,30.75
274,36.25,30.75
275,36.75,30.75
276,39.25,30.75
277,39.75,30.75
278,40.25,30.75
279,40.75,30.75
280,41.25,30.75
281,41.75,30.75
282,42.25,30.75
283,42.75,30.75
284,43.25,30.75
285,43.75,30.75
286,44.25,30.75
287,44.75,30.75
288,0.25,31.25
289,0.75,31.25
290,1.25,31.25
291,1.75,31.25
292,2.25,31.25
293,2.75,31.25
294,3.25,31.25
295,3.75,31.25
296,8.75,31.25
297,9.25,31.25
298,9.75,31.25
299,10.25,31.25
300,10.75,31.25
301,11.25,31.25
302,11.75,31.25
303,12.25,31.25
304,12.75,31.25
305,13.25,31.25
306,13.75,31.25
307,14.25,31.25
308,14.75,31.25
309,15.25,31.25
310,15.75,31.25
311,16.25,31.25
312,16.75,31.25
313,20.75,31.25
314,21.25,31.25
315,21.75,31.25
316,22.25,31.25
317,22.75,31.25
318,23.25,31.25
319,23.75,31.25
320,24.25,31.25
321,24.75,31.25
322,25.25,31.25
323,25.75,31.25
324,26.25,31.25
325,26.75,31.25
326,27.25,31.25
327,30.25,31.25
328,30.75,31.25
329,31.25,31.25
330,31.75,31.25
331,34.25,31.25
332,34.75,31.25
333,35.25,31.25
334,35.75,31.25
335,36.25,31.25
336,36.75,31.25
337,38.75,31.25
338,39.25,31.25
339,39.75,31.25
340,40.25,31.25
341,40.75,31.25
342,41.25,31.25
343,41.75,31.25
344,42.25,31.25
345,42.75,31.25
346,43.25,31.25
347,43.75,31.25
348,44.25,31.25
349,44.75,31.25
350,0.25,31.75
351,0.75,31.75
352,1.25,31.75
353,1.75,31.75
354,2.25,31.75
355,2.75,31.75
356,3.25,31.75
357,3.75,31.75
358,4.25,31.75
359,7.75,31.75
360,8.25,31.75
361,8.75,31.75
362,9.25,31.75
363,9.75,31.75
364,10.25,31.75
365,10.75,31.75
366,11.25,31.75
367,11.75,31.75
368,12.25,31.75
369,12.75,31.75
370,13.25,31.75
371,13.75,31.75
372,14.25,31.75
373,14.75,31.75
374,15.25,31.75
375,20.75,31.75
376,21.25,31.75
377,21.75,31.75
378,22.25,31.75
379,22.75,31.75
380,23.25,31.75
381,23.75,31.75
382,24.25,31.75
383,24.75,31.75
384,35.25,31.75
385,35.75,31.75
386,36.25,31.75
387,36.75,31.75
388,37.25,31.75
389,37.75,31.75
390,38.25,31.75
391,38.75,31.75
392,39.25,31.75
393,39.75,31.75
394,40.25,31.75
395,40.75,31.75
396,41.25,31.75
397,41.75,31.75
398,42.25,31.75
399,42.75,31.75
400,43.25,31.75
401,43.75,31.75
402,44.25,31.75
403,44.75,31.75
404,0.25,32.25
405,0.75,32.25
406,1.25,32.25
407,1.75,32.25
408,2.25,32.25
409,2.75,32.25
410,3.25,32.25
411,3.75,32.25
412,4.25,32.25
413,4.75,32.25
414,5.25,32.25
415,5.75,32.25
416,6.25,32.25
417,6.75,32.25
418,7.25,32.25
419,7.75,32.25
420,8.25,32.25
421,8.75,32.25
422,9.25,32.25
423,9.75,32.25
424,10.25,32.25
425,10.75,32.25
426,11.25,32.25
427,11.75,32.25
428,12.25,32.25
429,12.75,32.25
430,13.25,32.25
431,13.75,32.25
432,14.25,32.25
433,14.75,32.25
434,15.25,32.25
435,20.75,32.25
436,21.25,32.25
437,21.75,32.25
438,22.25,32.25
439,22.75,32.25
440,23.25,32.25
441,35.25,32.25
442,35.75,32.25
443,36.25,32.25
444,36.75,32.25
445,37.25,32.25
446,37.75,32.25
447,38.25,32.25
448,38.75,32.25
449,39.25,32.25
450,39.75,32.25
451,40.25,32.25
452,40.75,32.25
453,41.25,32.25
454,41.75,32.25
455,42.25,32.25
456,42.75,32.25
457,43.25,32.25
458,43.75,32.25
459,44.25,32.25
460,44.75,32.25
461,0.25,32.75
462,0.75,32.75
463,1.25,32.75
464,1.75,32.75
465,2.25,32.75
466,2.75,32.75
467,3.25,32.75
468,3.75,32.75
469,4.25,32.75
470,4.75,32.75
471,5.25,32.75
472,5.75,32.75
473,6.25,32.75
474,6.75,32.75
475,7.25,32.75
476,7.75,32.75
477,8.25,32.75
478,8.75,32.75
479,9.25,32.75
480,9.75,32.75
481,10.25,32.75
482,10.75,32.75
483,11.25,32.75
484,11.75,32.75
485,12.25,32.75
486,12.75,32.75
487,13.25,32.75
488,13.75,32.75
489,21.25,32.75
490,21.75,32.75
491,22.25,32.75
492,22.75,32.75
493,35.75,32.75
494,36.25,32.75
495,36.75,32.75
496,37.25,32.75
497,37.75,32.75
498,38.25,32.75
499,38.75,32.75
500,39.25,32.75
501,39.75,32.75
502,40.25,32.75
503,40.75,32.75
504,41.25,32.75
505,41.75,32.75
506,42.25,32.75
507,42.75,32.75
508,43.25,32.75
509,43.75,32.75
510,44.25,32.75
511,44.75,32.75
512,0.25,33.25
513,0.75,33.25
514,1.25,33.25
515,1.75,33.25
516,2.25,33.25
517,2.75,33.25
518,3.25,33.25
519,3.75,33.25
520,4.25,33.25
521,4.75,33.25
522,5.25,33.25
523,5.75,33.25
524,6.25,33.25
525,6.75,33.25
526,7.25,33.25
527,7.75,33.25
528,8.25,33.25
529,8.75,33.25
530,9.25,33.25
531,9.75,33.25
532,10.25,33.25
533,10.75,33.25
534,11.25,33.25
535,35.75,33.25
536,36.25,33.25
537,36.75,33.25
538,37.25,33.25
539,37.75,33.25
540,38.25,33.25
541,38.75,33.25
542,39.25,33.25
543,39.75,33.25
544,40.25,33.25
545,40.75,33.25
546,41.25,33.25
547,41.75,33.25
548,42.25,33.25
549,42.75,33.25
550,43.25,33.25
551,43.75,33.25
552,44.25,33.25
553,44.75,33.25
554,0.25,33.75
555,0.75,33.75
556,1.25,33.75
557,1.75,33.75
558,2.25,33.75
559,2.75,33.75
560,3.25,33.75
561,3.75,33.75
562,4.25,33.75
563,4.75,33.75
564,5.25,33.75
565,5.75,33.75
566,6.25,33.75
567,6.75,33.75
568,7.25,33.75
569,7.75,33.75
570,8.25,33.75
571,8.75,33.75
572,9.25,33.75
573,9.75,33.75
574,10.25,33.75
575,35.75,33.75
576,36.25,33.75
577,36.75,33.75
578,37.25,33.75
579,37.75,33.75
580,38.25,33.75
581,38.75,33.75
582,39.25,33.75
583,39.75,33.75
584,40.25,33.75
585,40.75,33.75
586,41.25,33.75
587,41.75,33.75
588,42.25,33.75
589,42.75,33.75
590,43.25,33.75
591,43.75,33.75
592,44.25,33.75
593,44.75,33.75
594,0.25,34.25
595,0.75,34.25
596,1.25,34.25
597,1.75,34.25
598,2.25,34.25
599,2.75,34.25
600,3.25,34.25
601,3.75,34.25
602,4.25,34.25
603,4.75,34.25
604,5.25,34.25
605,5.75,34.25
606,6.25,34.25
607,6.75,34.25
608,7.25,34.25
609,7.75,34.25
610,8.25,34.25
611,8.75,34.25
612,9.25,34.25
613,9.75,34.25
614,36.25,34.25
615,36.75,34.25
616,37.25,34.25
617,37.75,34.25
618,38.25,34.25
619,38.75,34.25
620,39.25,34.25
621,39.75,34.25
622,40.25,34.25
623,40.75,34.25
624,41.25,34.25
625,41.75,34.25
626,42.25,34.25
627,42.75,34.25
628,43.25,34.25
629,43.75,34.25
630,44.25,34.25
631,44.75,34.25
632,0.25,34.75
633,0.75,34.75
634,1.25,34.75
635,1.75,34.75
636,2.25,34.75
637,2.75,34.75
638,3.25,34.75
639,3.75,34.75
640,4.25,34.75
641,4.75,34.75
642,5.25,34.75
643,5.75,34.75
644,6.25,34.75
645,6.75,34.75
646,7.25,34.75
647,7.75,34.75
648,8.25,34.75
649,8.75,34.75
650,9.25,34.75
651,9.75,34.75
652,10.25,34.75
653,10.75,34.75
654,36.75,34.75
655,37.25,34.75
656,37.75,34.75
657,38.25,34.75
658,38.75,34.75
659,39.25,34.75
660,39.75,34.75
661,40.25,34.75
662,40.75,34.75
663,41.25,34.75
664,41.75,34.75
665,42.25,34.75
666,42.75,34.75
667,43.25,34.75
668,43.75,34.75
669,44.25,34.75
670,44.75,34.75
671,0.25,35.25
672,0.75,35.25
673,1.25,35.25
674,1.75,35.25
675,2.25,35.25
676,2.75,35.25
677,3.25,35.25
678,3.75,35.25
679,4.25,35.25
680,4.75,35.25
681,5.25,35.25
682,5.75,35.25
683,6.25,35.25
684,6.75,35.25
685,7.25,35.25
686,7.75,35.25
687,8.25,35.25
688,8.75,35.25
689,9.25,35.25
690,9.75,35.25
691,10.25,35.25
692,10.75,35.25
693,25.25,35.25
694,25.75,35.25
695,32.75,35.25
696,33.25,35.25
697,33.75,35.25
698,36.75,35.25
699,37.25,35.25
700,37.75,35.25
701,38.25,35.25
702,38.75,35.25
703,39.25,35.25
704,39.75,35.25
705,40.25,35.25
706,40.75,35.25
707,41.25,35.25
708,41.75,35.25
709,42.25,35.25
710,42.75,35.25
711,43.25,35.25
712,43.75,35.25
713,44.25,35.25
714,44.75,35.25
715,0.25,35.75
716,0.75,35.75
717,1.25,35.75
718,1.75,35.75
719,2.25,35.75
720,2.75,35.75
721,3.25,35.75
722,3.75,35.75
723,4.25,35.75
724,4.75,35.75
725,5.25,35.75
726,5.75,35.75
727,6.25,35.75
728,6.75,35.75
729,7.25,35.75
730,7.75,35.75
731,8.25,35.75
732,8.75,35.75
733,9.25,35.75
734,9.75,35.75
735,10.25,35.75
736,10.75,35.75
737,36.25,35.75
738,36.75,35.75
739,37.25,35.75
740,37.75,35.75
741,38.25,35.75
742,38.75,35.75
743,39.25,35.75
744,39.75,35.75
745,40.25,35.75
746,40.75,35.75
747,41.25,35.75
748,41.75,35.75
749,42.25,35.75
750,42.75,35.75
751,43.25,35.75
752,43.75,35.75
753,44.25,35.75
754,44.75,35.75
755,0.75,36.25
756,1.25,36.25
757,1.75,36.25
758,2.25,36.25
759,2.75,36.25
760,3.25,36.25
761,3.75,36.25
762,4.25,36.25
763,4.75,36.25
764,5.25,36.25
765,5.75,36.25
766,6.25,36.25
767,6.75,36.25
768,7.25,36.25
769,7.75,36.25
770,8.25,36.25
771,8.75,36.25
772,9.25,36.25
773,9.75,36.25
774,10.25,36.25
775,36.75,36.25
776,37.25,36.25
777,37.75,36.25
778,38.25,36.25
779,38.75,36.25
780,39.25,36.25
781,39.75,36.25
782,40.25,36.25
783,40.75,36.25
784,41.25,36.25
785,41.75,36.25
786,42.25,36.25
787,42.75,36.25
788,43.25,36.25
789,43.75,36.25
790,44.25,36.25
791,44.75,36.25
792,2.75,36.75
793,3.25,36.75
794,3.75,36.75
795,4.25,36.75
796,4.75,36.75
797,5.25,36.75
798,5.75,36.75
799,6.25,36.75
800,6.75,36.75
801,7.25,36.75
802,7.75,36.75
803,8.25,36.75
804,8.75,36.75
805,9.25,36.75
806,9.75,36.75
807,10.25,36.75
808,10.75,36.75
809,22.75,36.75
810,29.75,36.75
811,30.25,36.75
812,30.75,36.75
813,32.75,36.75
814,33.25,36.75
815,33.75,36.75
816,34.25,36.75
817,35.75,36.75
818,36.75,36.75
819,37.25,36.75
820,37.75,36.75
821,38.25,36.75
822,38.75,36.75
823,39.25,36.75
824,39.75,36.75
825,40.25,36.75
826,40.75,36.75
827,41.25,36.75
828,41.75,36.75
829,42.25,36.75
830,42.75,36.75
831,43.25,36.75
832,43.75,36.75
833,44.25,36.75
834,44.75,36.75
835,9.75,37.25
836,14.75,37.25
837,15.25,37.25
838,22.25,37.25
839,22.75,37.25
840,27.75,37.25
841,28.25,37.25
842,28.75,37.25
843,29.25,37.25
844,29.75,37.25
845,30.75,37.25
846,31.25,37.25
847,31.75,37.25
848,32.25,37.25
849,32.75,37.25
850,33.25,37.25
851,33.75,37.25
852,34.25,37.25
853,34.75,37.25
854,35.25,37.25
855,35.75,37.25
856,36.25,37.25
857,36.75,37.25
858,37.25,37.25
859,37.75,37.25
860,38.25,37.25
861,38.75,37.25
862,39.25,37.25
863,39.75,37.25
864,40.25,37.25
865,40.75,37.25
866,41.25,37.25
867,41.75,37.25
868,42.25,37.25
869,42.75,37.25
870,43.25,37.25
871,43.75,37.25
872,44.25,37.25
873,44.75,37.25
874,13.75,37.75
875,14.25,37.75
876,14.75,37.75
877,15.25,37.75
878,22.25,37.75
879,22.75,37.75
880,23.25,37.75
881,27.75,37.75
882,28.25,37.75
883,28.75,37.75
884,29.25,37.75
885,29.75,37.75
886,30.25,37.75
887,30.75,37.75
888,31.25,37.75
889,31.75,37.75
890,32.25,37.75
891,32.75,37.75
892,33.25,37.75
893,33.75,37.75
894,34.25,37.75
895,34.75,37.75
896,35.25,37.75
897,35.75,37.75
898,36.25,37.75
899,36.75,37.75
900,37.25,37.75
901,37.75,37.75
902,38.25,37.75
903,38.75,37.75
904,39.25,37.75
905,39.75,37.75
906,40.25,37.75
907,40.75,37.75
908,41.25,37.75
909,41.75,37.75
910,42.25,37.75
911,42.75,37.75
912,43.25,37.75
913,43.75,37.75
914,44.25,37.75
915,44.75,37.75
916,15.25,38.25
917,15.75,38.25
918,16.25,38.25
919,21.75,38.25
920,22.25,38.25
921,22.75,38.25
922,23.75,38.25
923,24.25,38.25
924,27.25,38.25
925,27.75,38.25
926,28.25,38.25
927,28.75,38.25
928,29.25,38.25
929,29.75,38.25
930,30.25,38.25
931,30.75,38.25
932,31.75,38.25
933,32.25,38.25
934,32.75,38.25
935,33.25,38.25
936,33.75,38.25
937,34.25,38.25
938,34.75,38.25
939,35.25,38.25
940,35.75,38.25
941,36.25,38.25
942,36.75,38.25
943,37.25,38.25
944,37.75,38.25
945,38.25,38.25
946,38.75,38.25
947,39.25,38.25
948,39.75,38.25
949,40.25,38.25
950,40.75,38.25
951,41.25,38.25
952,41.75,38.25
953,42.25,38.25
954,42.75,38.25
955,43.25,38.25
956,43.75,38.25
957,44.25,38.25
958,44.75,38.25
959,21.75,38.75
960,22.25,38.75
961,22.75,38.75
962,23.25,38.75
963,27.25,38.75
964,27.75,38.75
965,28.25,38.75
966,28.75,38.75
967,29.25,38.75
968,29.75,38.75
969,30.25,38.75
970,30.75,38.75
971,31.25,38.75
972,31.75,38.75
973,32.25,38.75
974,32.75,38.75
975,33.25,38.75
976,34.25,38.75
977,34.75,38.75
978,35.25,38.75
979,35.75,38.75
980,36.25,38.75
981,36.75,38.75
982,37.25,38.75
983,37.75,38.75
984,38.25,38.75
985,39.25,38.75
986,39.75,38.75
987,40.25,38.75
988,40.75,38.75
989,41.25,38.75
990,41.75,38.75
991,42.25,38.75
992,43.75,38.75
993,44.25,38.75
994,44.75,38.75
995,8.75,39.25
996,9.25,39.25
997,16.75,39.25
998,21.75,39.25
999,22.25,39.25
1000,22.75,39.25
1001,26.75,39.25
1002,27.25,39.25
1003,27.75,39.25
1004,28.25,39.25
1005,28.75,39.25
1006,29.25,39.25
1007,29.75,39.25
1008,30.25,39.25
1009,30.75,39.25
1010,31.25,39.25
1011,31.75,39.25
1012,32.25,39.25
1013,32.75,39.25
1014,33.25,39.25
1015,34.25,39.25
1016,34.75,39.25
1017,35.25,39.25
1018,35.75,39.25
1019,36.25,39.25
1020,36.75,39.25
1021,37.25,39.25
1022,37.75,39.25
1023,38.25,39.25
1024,38.75,39.25
1025,39.25,39.25
1026,39.75,39.25
1027,40.25,39.25
1028,40.75,39.25
1029,41.25,39.25
1030,41.75,39.25
1031,42.25,39.25
1032,42.75,39.25
1033,43.25,39.25
1034,43.75,39.25
1035,44.25,39.25
1036,44.75,39.25
1037,2.75,39.75
1038,3.25,39.75
1039,9.25,39.75
1040,16.25,39.75
1041,20.25,39.75
1042,20.75,39.75
1043,21.25,39.75
1044,21.75,39.75
1045,22.25,39.75
1046,22.75,39.75
1047,26.75,39.75
1048,27.75,39.75
1049,28.25,39.75
1050,28.75,39.75
1051,29.25,39.75
1052,29.75,39.75
1053,30.25,39.75
1054,30.75,39.75
1055,31.25,39.75
1056,31.75,39.75
1057,32.25,39.75
1058,32.75,39.75
1059,33.25,39.75
1060,33.75,39.75
1061,34.25,39.75
1062,34.75,39.75
1063,35.25,39.75
1064,35.75,39.75
1065,36.25,39.75
1066,36.75,39.75
1067,37.25,39.75
1068,37.75,39.75
1069,38.25,39.75
1070,38.75,39.75
1071,39.25,39.75
1072,39.75,39.75
1073,40.25,39.75
1074,40.75,39.75
1075,41.25,39.75
1076,41.75,39.75
1077,42.25,39.75
1078,42.75,39.75
1079,43.25,39.75
1080,43.75,39.75
1081,44.25,39.75
1082,44.75,39.75
1083,0.25,40.25
1084,9.25,40.25
1085,9.75,40.25
1086,15.75,40.25
1087,16.25,40.25
1088,16.75,40.25
1089,20.25,40.25
1090,20.75,40.25
1091,21.25,40.25
1092,21.75,40.25
1093,22.25,40.25
1094,23.75,40.25
1095,26.75,40.25
1096,27.25,40.25
1097,27.75,40.25
1098,28.25,40.25
1099,28.75,40.25
1100,29.25,40.25
1101,29.75,40.25
1102,30.25,40.25
1103,30.75,40.25
1104,31.25,40.25
1105,31.75,40.25
1106,32.25,40.25
1107,32.75,40.25
1108,33.25,40.25
1109,33.75,40.25
1110,34.25,40.25
1111,34.75,40.25
1112,35.25,40.25
1113,35.75,40.25
1114,36.25,40.25
1115,36.75,40.25
1116,37.25,40.25
1117,37.75,40.25
1118,38.25,40.25
1119,38.75,40.25
1120,39.25,40.25
1121,39.75,40.25
1122,40.25,40.25
1123,40.75,40.25
1124,41.25,40.25
1125,41.75,40.25
1126,42.25,40.25
1127,42.75,40.25
1128,43.25,40.25
1129,43.75,40.25
1130,44.25,40.25
1131,44.75,40.25
1132,0.25,40.75
1133,0.75,40.75
1134,8.75,40.75
1135,9.25,40.75
1136,9.75,40.75
1137,15.75,40.75
1138,16.25,40.75
1139,16.75,40.75
1140,17.25,40.75
1141,17.75,40.75
1142,20.25,40.75
1143,20.75,40.75
1144,21.25,40.75
1145,21.75,40.75
1146,22.25,40.75
1147,22.75,40.75
1148,23.75,40.75
1149,27.25,40.75
1150,29.25,40.75
1151,29.75,40.75
1152,30.25,40.75
1153,30.75,40.75
1154,31.25,40.75
1155,31.75,40.75
1156,32.25,40.75
1157,32.75,40.75
1158,33.25,40.75
1159,33.75,40.75
1160,34.25,40.75
1161,34.75,40.75
1162,35.25,40.75
1163,35.75,40.75
1164,36.25,40.75
1165,36.75,40.75
1166,37.25,40.75
1167,37.75,40.75
1168,38.25,40.75
1169,38.75,40.75
1170,39.25,40.75
1171,39.75,40.75
1172,40.25,40.75
1173,40.75,40.75
1174,41.25,40.75
1175,41.75,40.75
1176,42.25,40.75
1177,42.75,40.75
1178,43.25,40.75
1179,43.75,40.75
1180,44.25,40.75
1181,44.75,40.75
1182,0.25,41.25
1183,0.75,41.25
1184,1.25,41.25
1185,14.75,41.25
1186,15.25,41.25
1187,15.75,41.25
1188,16.25,41.25
1189,20.25,41.25
1190,20.75,41.25
1191,21.25,41.25
1192,21.75,41.25
1193,22.25,41.25
1194,22.75,41.25
1195,23.25,41.25
1196,23.75,41.25
1197,24.25,41.25
1198,24.75,41.25
1199,25.25,41.25
1200,25.75,41.25
1201,26.25,41.25
1202,26.75,41.25
1203,27.25,41.25
1204,27.75,41.25
1205,28.25,41.25
1206,28.75,41.25
1207,29.25,41.25
1208,31.75,41.25
1209,32.25,41.25
1210,32.75,41.25
1211,33.25,41.25
1212,33.75,41.25
1213,34.25,41.25
1214,34.75,41.25
1215,35.25,41.25
1216,35.75,41.25
1217,36.25,41.25
1218,36.75,41.25
1219,41.25,41.25
1220,41.75,41.25
1221,42.25,41.25
1222,42.75,41.25
1223,43.25,41.25
1224,43.75,41.25
1225,44.25,41.25
1226,44.75,41.25
1227,0.25,41.75
1228,0.75,41.75
1229,1.25,41.75
1230,1.75,41.75
1231,2.25,41.75
1232,2.75,41.75
1233,9.25,41.75
1234,13.25,41.75
1235,13.75,41.75
1236,14.25,41.75
1237,14.75,41.75
1238,15.25,41.75
1239,15.75,41.75
1240,20.25,41.75
1241,20.75,41.75
1242,21.25,41.75
1243,21.75,41.75
1244,22.25,41.75
1245,22.75,41.75
1246,23.25,41.75
1247,23.75,41.75
1248,24.25,41.75
1249,24.75,41.75
1250,25.25,41.75
1251,25.75,41.75
1252,26.25,41.75
1253,26.75,41.75
1254,27.25,41.75
1255,27.75,41.75
1256,32.75,41.75
1257,33.25,41.75
1258,33.75,41.75
1259,34.25,41.75
1260,34.75,41.75
1261,35.25,41.75
1262,42.25,41.75
1263,42.75,41.75
1264,43.25,41.75
1265,43.75,41.75
1266,44.25,41.75
1267,44.75,41.75
1268,0.25,42.25
1269,0.75,42.25
1270,1.25,42.25
1271,1.75,42.25
1272,2.25,42.25
1273,2.75,42.25
1274,9.25,42.25
1275,12.25,42.25
1276,12.75,42.25
1277,13.25,42.25
1278,13.75,42.25
1279,14.25,42.25
1280,19.75,42.25
1281,20.25,42.25
1282,20.75,42.25
1283,21.25,42.25
1284,21.75,42.25
1285,22.25,42.25
1286,22.75,42.25
1287,23.25,42.25
1288,23.75,42.25
1289,24.25,42.25
1290,24.75,42.25
1291,25.25,42.25
1292,25.75,42.25
1293,26.25,42.25
1294,26.75,42.25
1295,27.25,42.25
1296,27.75,42.25
1297,42.25,42.25
1298,42.75,42.25
1299,43.25,42.25
1300,43.75,42.25
1301,44.25,42.25
1302,44.75,42.25
1303,0.25,42.75
1304,0.75,42.75
1305,1.25,42.75
1306,1.75,42.75
1307,2.25,42.75
1308,2.75,42.75
1309,9.25,42.75
1310,11.75,42.75
1311,12.75,42.75
1312,13.25,42.75
1313,13.75,42.75
1314,18.75,42.75
1315,19.25,42.75
1316,19.75,42.75
1317,20.25,42.75
1318,20.75,42.75
1319,21.25,42.75
1320,21.75,42.75
1321,22.25,42.75
1322,22.75,42.75
1323,23.25,42.75
1324,23.75,42.75
1325,24.25,42.75
1326,24.75,42.75
1327,25.25,42.75
1328,25.75,42.75
1329,26.25,42.75
1330,26.75,42.75
1331,27.25,42.75
1332,27.75,42.75
1333,42.25,42.75
1334,42.75,42.75
1335,43.25,42.75
1336,43.75,42.75
1337,44.25,42.75
1338,44.75,42.75
1339,0.25,43.25
1340,0.75,43.25
1341,1.25,43.25
1342,1.75,43.25
1343,2.25,43.25
1344,2.75,43.25
1345,3.25,43.25
1346,6.25,43.25
1347,11.25,43.25
1348,11.75,43.25
1349,12.25,43.25
1350,12.75,43.25
1351,13.25,43.25
1352,13.75,43.25
1353,17.75,43.25
1354,18.25,43.25
1355,18.75,43.25
1356,19.25,43.25
1357,19.75,43.25
1358,20.25,43.25
1359,20.75,43.25
1360,21.25,43.25
1361,21.75,43.25
1362,22.25,43.25
1363,22.75,43.25
1364,23.25,43.25
1365,23.75,43.25
1366,24.25,43.25
1367,24.75,43.25
1368,25.25,43.25
1369,25.75,43.25
1370,26.25,43.25
1371,26.75,43.25
1372,27.25,43.25
1373,27.75,43.25
1374,41.25,43.25
1375,41.75,43.25
1376,42.25,43.25
1377,42.75,43.25
1378,43.25,43.25
1379,43.75,43.25
1380,44.25,43.25
1381,44.75,43.25
1382,0.25,43.75
1383,0.75,43.75
1384,1.25,43.75
1385,1.75,43.75
1386,2.25,43.75
1387,2.75,43.75
1388,3.25,43.75
1389,3.75,43.75
1390,4.25,43.75
1391,4.75,43.75
1392,5.25,43.75
1393,5.75,43.75
1394,6.25,43.75
1395,6.75,43.75
1396,7.25,43.75
1397,10.75,43.75
1398,11.25,43.75
1399,11.75,43.75
1400,12.25,43.75
1401,12.75,43.75
1402,13.25,43.75
1403,16.75,43.75
1404,17.25,43.75
1405,17.75,43.75
1406,18.25,43.75
1407,18.75,43.75
1408,19.25,43.75
1409,19.75,43.75
1410,20.25,43.75
1411,20.75,43.75
1412,21.25,43.75
1413,21.75,43.75
1414,22.25,43.75
1415,22.75,43.75
1416,23.25,43.75
1417,23.75,43.75
1418,24.25,43.75
1419,24.75,43.75
1420,25.25,43.75
1421,25.75,43.75
1422,26.25,43.75
1423,26.75,43.75
1424,27.25,43.75
1425,27.75,43.75
1426,28.25,43.75
1427,40.25,43.75
1428,40.75,43.75
1429,41.25,43.75
1430,41.75,43.75
1431,42.25,43.75
1432,42.75,43.75
1433,43.25,43.75
1434,43.75,43.75
1435,44.25,43.75
1436,44.75,43.75
1437,0.25,44.25
1438,0.75,44.25
1439,1.25,44.25
1440,1.75,44.25
1441,2.25,44.25
1442,2.75,44.25
1443,3.25,44.25
1444,3.75,44.25
1445,4.25,44.25
1446,4.75,44.25
1447,5.25,44.25
1448,5.75,44.25
1449,6.25,44.25
1450,6.75,44.25
1451,7.25,44.25
1452,7.75,44.25
1453,8.25,44.25
1454,10.75,44.25
1455,11.25,44.25
1456,11.75,44.25
1457,12.25,44.25
1458,15.75,44.25
1459,16.25,44.25
1460,16.75,44.25
1461,17.25,44.25
1462,17.75,44.25
1463,18.25,44.25
1464,18.75,44.25
1465,19.25,44.25
1466,19.75,44.25
1467,20.25,44.25
1468,20.75,44.25
1469,21.25,44.25
1470,21.75,44.25
1471,22.25,44.25
1472,22.75,44.25
1473,23.25,44.25
1474,23.75,44.25
1475,24.25,44.25
1476,24.75,44.25
1477,25.25,44.25
1478,25.75,44.25
1479,26.25,44.25
1480,27.25,44.25
1481,27.75,44.25
1482,28.25,44.25
1483,39.75,44.25
1484,40.25,44.25
1485,40.75,44.25
1486,41.25,44.25
1487,41.75,44.25
1488,42.25,44.25
1489,42.75,44.25
1490,43.25,44.25
1491,43.75,44.25
1492,44.25,44.25
1493,44.75,44.25
1494,0.25,44.75
1495,0.75,44.75
1496,1.25,44.75
1497,1.75,44.75
1498,2.25,44.75
1499,2.75,44.75
1500,3.25,44.75
1501,3.75,44.75
1502,4.25,44.75
1503,4.75,44.75
1504,5.25,44.75
1505,5.75,44.75
1506,6.25,44.75
1507,6.75,44.75
1508,7.25,44.75
1509,7.75,44.75
1510,8.25,44.75
1511,8.75,44.75
1512,9.25,44.75
1513,9.75,44.75
1514,10.25,44.75
1515,10.75,44.75
1516,11.25,44.75
1517,11.75,44.75
1518,12.25,44.75
1519,15.75,44.75
1520,16.25,44.75
1521,16.75,44.75
1522,17.25,44.75
1523,17.75,44.75
1524,18.25,44.75
1525,18.75,44.75
1526,19.25,44.75
1527,19.75,44.75
1528,20.25,44.75
1529,20.75,44.75
1530,21.25,44.75
1531,21.75,44.75
1532,22.25,44.75
1533,22.75,44.75
1534,23.25,44.75
1535,23.75,44.75
1536,24.25,44.75
1537,24.75,44.75
1538,25.25,44.75
1539,25.75,44.75
1540,26.25,44.75
1541,26.75,44.75
1542,27.25,44.75
1543,27.75,44.75
1544,28.25,44.75
1545,28.75,44.75
1546,34.25,44.75
1547,38.75,44.75
1548,39.25,44.75
1549,39.75,44.75
1550,40.25,44.75
1551,40.75,44.75
1552,41.25,44.75
1553,41.75,44.75
1554,42.25,44.75
1555,42.75,44.75
1556,43.25,44.75
1557,43.75,44.75
1558,44.25,44.75
1559,44.75,44.75
1560,0.25,45.25
1561,0.75,45.25
1562,1.25,45.25
1563,1.75,45.25
1564,2.25,45.25
1565,2.75,45.25
1566,3.25,45.25
1567,3.75,45.25
1568,4.25,45.25
1569,4.75,45.25
1570,5.25,45.25
1571,5.75,45.25
1572,6.25,45.25
1573,6.75,45.25
1574,7.25,45.25
1575,7.75,45.25
1576,8.25,45.25
1577,8.75,45.25
1578,9.25,45.25
1579,9.75,45.25
1580,10.25,45.25
1581,10.75,45.25
1582,11.25,45.25
1583,11.75,45.25
1584,12.25,45.25
1585,14.25,45.25
1586,14.75,45.25
1587,15.25,45.25
1588,15.75,45.25
1589,16.25,45.25
1590,16.75,45.25
1591,17.25,45.25
1592,17.75,45.25
1593,18.25,45.25
1594,18.75,45.25
1595,19.25,45.25
1596,19.75,45.25
1597,20.25,45.25
1598,20.75,45.25
1599,21.25,45.25
1600,21.75,45.25
1601,22.25,45.25
1602,22.75,45.25
1603,23.25,45.25
1604,23.75,45.25
1605,24.25,45.25
1606,24.75,45.25
1607,25.25,45.25
1608,25.75,45.25
1609,26.25,45.25
1610,26.75,45.25
1611,27.25,45.25
1612,27.75,45.25
1613,28.25,45.25
1614,28.75,45.25
1615,29.25,45.25
1616,29.75,45.25
1617,34.25,45.25
1618,34.75,45.25
1619,35.25,45.25
1620,35.75,45.25
1621,36.25,45.25
1622,36.75,45.25
1623,37.75,45.25
1624,38.25,45.25
1625,38.75,45.25
1626,39.25,45.25
1627,39.75,45.25
1628,40.25,45.25
1629,40.75,45.25
1630,41.25,45.25
1631,41.75,45.25
1632,42.25,45.25
1633,42.75,45.25
1634,43.25,45.25
1635,43.75,45.25
1636,44.25,45.25
1637,44.75,45.25
1638,0.25,45.75
1639,0.75,45.75
1640,1.25,45.75
1641,1.75,45.75
1642,2.25,45.75
1643,2.75,45.75
1644,3.25,45.75
1645,3.75,45.75
1646,4.25,45.75
1647,4.75,45.75
1648,5.25,45.75
1649,5.75,45.75
1650,6.25,45.75
1651,6.75,45.75
1652,7.25,45.75
1653,7.75,45.75
1654,8.25,45.75
1655,8.75,45.75
1656,9.25,45.75
1657,9.75,45.75
1658,10.25,45.75
1659,10.75,45.75
1660,11.25,45.75
1661,11.75,45.75
1662,12.25,45.75
1663,12.75,45.75
1664,14.25,45.75
1665,14.75,45.75
1666,15.25,45.75
1667,15.75,45.75
1668,16.25,45.75
1669,16.75,45.75
1670,17.25,45.75
1671,17.75,45.75
1672,18.25,45.75
1673,18.75,45.75
1674,19.25,45.75
1675,19.75,45.75
1676,20.25,45.75
1677,20.75,45.75
1678,21.25,45.75
1679,21.75,45.75
1680,22.25,45.75
1681,22.75,45.75
1682,23.25,45.75
1683,23.75,45.75
1684,24.25,45.75
1685,24.75,45.75
1686,25.25,45.75
1687,25.75,45.75
1688,26.25,45.75
1689,26.75,45.75
1690,27.25,45.75
1691,27.75,45.75
1692,28.25,45.75
1693,28.75,45.75
1694,29.25,45.75
1695,29.75,45.75
1696,33.25,45.75
1697,33.75,45.75
1698,34.25,45.75
1699,34.75,45.75
1700,38.25,45.75
1701,38.75,45.75
1702,39.25,45.75
1703,39.75,45.75
1704,40.25,45.75
1705,40.75,45.75
1706,41.25,45.75
1707,41.75,45.75
1708,42.25,45.75
1709,42.75,45.75
1710,43.25,45.75
1711,43.75,45.75
1712,44.25,45.75
1713,44.75,45.75
1714,0.25,46.25
1715,0.75,46.25
1716,1.25,46.25
1717,1.75,46.25
1718,2.25,46.25
1719,2.75,46.25
1720,3.25,46.25
1721,3.75,46.25
1722,4.25,46.25
1723,4.75,46.25
1724,5.25,46.25
1725,5.75,46.25
1726,6.25,46.25
1727,6.75,46.25
1728,7.25,46.25
1729,8.75,46.25
1730,9.25,46.25
1731,9.75,46.25
1732,10.25,46.25
1733,10.75,46.25
1734,11.25,46.25
1735,11.75,46.25
1736,12.25,46.25
1737,12.75,46.25
1738,13.25,46.25
1739,13.75,46.25
1740,14.25,46.25
1741,14.75,46.25
1742,15.25,46.25
1743,15.75,46.25
1744,16.25,46.25
1745,16.75,46.25
1746,17.25,46.25
1747,17.75,46.25
1748,18.25,46.25
1749,18.75,46.25
1750,19.25,46.25
1751,19.75,46.25
1752,20.25,46.25
1753,20.75,46.25
1754,21.25,46.25
1755,21.75,46.25
1756,22.25,46.25
1757,22.75,46.25
1758,23.25,46.25
1759,23.75,46.25
1760,24.25,46.25
1761,24.75,46.25
1762,25.25,46.25
1763,25.75,46.25
1764,26.25,46.25
1765,26.75,46.25
1766,27.25,46.25
1767,27.75,46.25
1768,28.25,46.25
1769,28.75,46.25
1770,29.25,46.25
1771,29.75,46.25
1772,30.25,46.25
1773,34.25,46.25
1774,38.75,46.25
1775,39.25,46.25
1776,39.75,46.25
1777,40.25,46.25
1778,40.75,46.25
1779,41.25,46.25
1780,41.75,46.25
1781,42.25,46.25
1782,42.75,46.25
1783,43.25,46.25
1784,43.75,46.25
1785,44.25,46.25
1786,44.75,46.25
1787,0.25,46.75
1788,0.75,46.75
1789,1.25,46.75
1790,1.75,46.75
1791,2.25,46.75
1792,2.75,46.75
1793,3.25,46.75
1794,3.75,46.75
1795,4.25,46.75
1796,4.75,46.75
1797,5.25,46.75
1798,5.75,46.75
1799,6.25,46.75
1800,6.75,46.75
1801,7.25,46.75
1802,7.75,46.75
1803,8.75,46.75
1804,9.25,46.75
1805,9.75,46.75
1806,10.25,46.75
1807,11.25,46.75
1808,11.75,46.75
1809,12.25,46.75
1810,12.75,46.75
1811,13.25,46.75
1812,13.75,46.75
1813,14.25,46.75
1814,14.75,46.75
1815,15.25,46.75
1816,15.75,46.75
1817,16.25,46.75
1818,16.75,46.75
1819,17.25,46.75
1820,17.75,46.75
1821,18.25,46.75
1822,18.75,46.75
1823,19.25,46.75
1824,19.75,46.75
1825,20.25,46.75
1826,20.75,46.75
1827,21.25,46.75
1828,21.75,46.75
1829,22.25,46.75
1830,22.75,46.75
1831,23.25,46.75
1832,23.75,46.75
1833,24.25,46.75
1834,24.75,46.75
1835,25.25,46.75
1836,25.75,46.75
1837,26.25,46.75
1838,26.75,46.75
1839,27.25,46.75
1840,27.75,46.75
1841,28.25,46.75
1842,28.75,46.75
1843,29.25,46.75
1844,29.75,46.75
1845,30.25,46.75
1846,30.75,46.75
1847,32.75,46.75
1848,33.25,46.75
1849,33.75,46.75
1850,34.25,46.75
1851,34.75,46.75
1852,35.25,46.75
1853,35.75,46.75
1854,38.25,46.75
1855,38.75,46.75
1856,39.25,46.75
1857,39.75,46.75
1858,40.25,46.75
1859,40.75,46.75
1860,41.25,46.75
1861,41.75,46.75
1862,42.25,46.75
1863,42.75,46.75
1864,43.25,46.75
1865,43.75,46.75
1866,44.25,46.75
1867,44.75,46.75
1868,0.25,47.25
1869,0.75,47.25
1870,1.25,47.25
1871,1.75,47.25
1872,2.25,47.25
1873,2.75,47.25
1874,3.25,47.25
1875,3.75,47.25
1876,4.25,47.25
1877,4.75,47.25
1878,5.25,47.25
1879,5.75,47.25
1880,6.25,47.25
1881,6.75,47.25
1882,7.25,47.25
1883,7.75,47.25
1884,8.25,47.25
1885,8.75,47.25
1886,9.25,47.25
1887,9.75,47.25
1888,10.25,47.25
1889,10.75,47.25
1890,11.25,47.25
1891,11.75,47.25
1892,12.25,47.25
1893,12.75,47.25
1894,13.25,47.25
1895,13.75,47.25
1896,14.25,47.25
1897,14.75,47.25
1898,15.25,47.25
1899,15.75,47.25
1900,16.25,47.25
1901,16.75,47.25
1902,17.25,47.25
1903,17.75,47.25
1904,18.25,47.25
1905,18.75,47.25
1906,19.25,47.25
1907,19.75,47.25
1908,20.25,47.25
1909,20.75,47.25
1910,21.25,47.25
1911,21.75,47.25
1912,22.25,47.25
1913,22.75,47.25
1914,23.25,47.25
1915,23.75,47.25
1916,24.25,47.25
1917,24.75,47.25
1918,25.25,47.25
1919,25.75,47.25
1920,26.25,47.25
1921,26.75,47.25
1922,27.25,47.25
1923,27.75,47.25
1924,28.25,47.25
1925,28.75,47.25
1926,29.25,47.25
1927,29.75,47.25
1928,30.25,47.25
1929,30.75,47.25
1930,31.25,47.25
1931,31.75,47.25
1932,32.75,47.25
1933,33.25,47.25
1934,33.75,47.25
1935,34.75,47.25
1936,35.25,47.25
1937,35.75,47.25
1938,36.25,47.25
1939,36.75,47.25
1940,37.25,47.25
1941,37.75,47.25
1942,39.75,47.25
1943,40.25,47.25
1944,40.75,47.25
1945,41.25,47.25
1946,41.75,47.25
1947,42.25,47.25
1948,42.75,47.25
1949,43.25,47.25
1950,43.75,47.25
1951,44.25,47.25
1952,44.75,47.25
1953,0.25,47.75
1954,0.75,47.75
1955,1.25,47.75
1956,1.75,47.75
1957,2.25,47.75
1958,2.75,47.75
1959,3.25,47.75
1960,3.75,47.75
1961,4.25,47.75
1962,4.75,47.75
1963,5.25,47.75
1964,5.75,47.75
1965,6.25,47.75
1966,6.75,47.75
1967,7.25,47.75
1968,7.75,47.75
1969,8.25,47.75
1970,8.75,47.75
1971,9.25,47.75
1972,9.75,47.75
1973,10.25,47.75
1974,10.75,47.75
1975,11.25,47.75
1976,11.75,47.75
1977,12.25,47.75
1978,12.75,47.75
1979,13.25,47.75
1980,13.75,47.75
1981,14.25,47.75
1982,14.75,47.75
1983,15.25,47.75
1984,15.75,47.75
1985,16.25,47.75
1986,16.75,47.75
1987,17.25,47.75
1988,17.75,47.75
1989,18.25,47.75
1990,18.75,47.75
1991,19.25,47.75
1992,19.75,47.75
1993,20.25,47.75
1994,20.75,47.75
1995,21.25,47.75
1996,21.75,47.75
1997,22.25,47.75
1998,22.75,47.75
1999,23.25,47.75
2000,23.75,47.75
2001,24.25,47.75
2002,24.75,47.75
2003,25.25,47.75
2004,25.75,47.75
2005,26.25,47.75
2006,26.75,47.75
2007,27.25,47.75
2008,27.75,47.75
2009,28.25,47.75
2010,28.75,47.75
2011,29.25,47.75
2012,29.75,47.75
2013,30.25,47.75
2014,30.75,47.75
2015,31.25,47.75
2016,31.75,47.75
2017,32.25,47.75
2018,32.75,47.75
2019,33.25,47.75
2020,33.75,47.75
2021,34.25,47.75
2022,34.75,47.75
2023,35.25,47.75
2024,36.25,47.75
2025,36.75,47.75
2026,37.25,47.75
2027,37.75,47.75
2028,38.25,47.75
2029,38.75,47.75
2030,39.25,47.75
2031,39.75,47.75
2032,40.25,47.75
2033,40.75,47.75
2034,41.25,47.75
2035,41.75,47.75
2036,42.25,47.75
2037,42.75,47.75
2038,43.25,47.75
2039,43.75,47.75
2040,44.25,47.75
2041,44.75,47.75
2042,0.25,48.25
2043,0.75,48.25
2044,1.25,48.25
2045,1.75,48.25
2046,2.25,48.25
2047,2.75,48.25
2048,3.25,48.25
2049,3.75,48.25
2050,4.25,48.25
2051,4.75,48.25
2052,5.25,48.25
2053,5.75,48.25
2054,6.25,48.25
2055,6.75,48.25
2056,7.25,48.25
2057,7.75,48.25
2058,8.25,48.25
2059,8.75,48.25
2060,9.25,48.25
2061,9.75,48.25
2062,10.25,48.25
2063,10.75,48.25
2064,11.25,48.25
2065,11.75,48.25
2066,12.25,48.25
2067,12.75,48.25
2068,13.25,48.25
2069,13.75,48.25
2070,14.25,48.25
2071,14.75,48.25
2072,15.25,48.25
2073,15.75,48.25
2074,16.25,48.25
2075,16.75,48.25
2076,17.25,48.25
2077,17.75,48.25
2078,18.25,48.25
2079,18.75,48.25
2080,19.25,48.25
2081,19.75,48.25
2082,20.25,48.25
2083,20.75,48.25
2084,21.25,48.25
2085,21.75,48.25
2086,22.25,48.25
2087,22.75,48.25
2088,23.25,48.25
2089,23.75,48.25
2090,24.25,48.25
2091,24.75,48.25
2092,25.25,48.25
2093,25.75,48.25
2094,26.25,48.25
2095,26.75,48.25
2096,27.25,48.25
2097,27.75,48.25
2098,28.25,48.25
2099,28.75,48.25
2100,29.25,48.25
2101,29.75,48.25
2102,30.25,48.25
2103,30.75,48.25
2104,31.25,48.25
2105,31.75,48.25
2106,32.25,48.25
2107,32.75,48.25
2108,33.25,48.25
2109,33.75,48.25
2110,34.25,48.25
2111,34.75,48.25
2112,35.25,48.25
2113,35.75,48.25
2114,36.25,48.25
2115,36.75,48.25
2116,37.25,48.25
2117,37.75,48.25
2118,38.25,48.25
2119,38.75,48.25
2120,39.25,48.25
2121,39.75,48.25
2122,40.25,48.25
2123,40.75,48.25
2124,41.25,48.25
2125,41.75,48.25
2126,42.25,48.25
2127,42.75,48.25
2128,43.75,48.25
2129,44.25,48.25
2130,44.75,48.25
2131,0.25,48.75
2132,0.75,48.75
2133,1.25,48.75
2134,1.75,48.75
2135,2.25,48.75
2136,2.75,48.75
2137,3.25,48.75
2138,3.75,48.75
2139,4.25,48.75
2140,4.75,48.75
2141,5.25,48.75
2142,5.75,48.75
2143,6.25,48.75
2144,6.75,48.75
2145,7.25,48.75
2146,7.75,48.75
2147,8.25,48.75
2148,8.75,48.75
2149,9.25,48.75
2150,9.75,48.75
2151,10.25,48.75
2152,10.75,48.75
2153,11.25,48.75
2154,11.75,48.75
2155,12.25,48.75
2156,12.75,48.75
2157,13.25,48.75
2158,13.75,48.75
2159,14.25,48.75
2160,14.75,48.75
2161,15.25,48.75
2162,15.75,48.75
2163,16.25,48.75
2164,16.75,48.75
2165,17.25,48.75
2166,17.75,48.75
2167,18.25,48.75
2168,18.75,48.75
2169,19.25,48.75
2170,19.75,48.75
2171,20.25,48.75
2172,20.75,48.75
2173,21.25,48.75
2174,21.75,48.75
2175,22.25,48.75
2176,22.75,48.75
2177,23.25,48.75
2178,23.75,48.75
2179,24.25,48.75
2180,24.75,48.75
2181,25.25,48.75
2182,25.75,48.75
2183,26.25,48.75
2184,26.75,48.75
2185,27.25,48.75
2186,27.75,48.75
2187,28.25,48.75
2188,28.75,48.75
2189,29.25,48.75
2190,29.75,48.75
2191,30.25,48.75
2192,30.75,48.75
2193,31.25,48.75
2194,31.75,48.75
2195,32.25,48.75
2196,32.75,48.75
2197,33.25,48.75
2198,33.75,48.75
2199,34.25,48.75
2200,34.75,48.75
2201,35.25,48.75
2202,35.75,48.75
2203,36.25,48.75
2204,36.75,48.75
2205,37.25,48.75
2206,37.75,48.75
2207,38.25,48.75
2208,38.75,48.75
2209,39.25,48.75
2210,39.75,48.75
2211,40.25,48.75
2212,40.75,48.75
2213,41.25,48.75
2214,41.75,48.75
2215,42.25,48.75
2216,42.75,48.75
2217,43.25,48.75
2218,43.75,48.75
2219,44.25,48.75
2220,44.75,48.75
2221,0.25,49.25
2222,0.75,49.25
2223,1.25,49.25
2224,1.75,49.25
2225,2.25,49.25
2226,2.75,49.25
2227,3.25,49.25
2228,3.75,49.25
2229,4.25,49.25
2230,4.75,49.25
2231,5.25,49.25
2232,5.75,49.25
2233,6.25,49.25
2234,6.75,49.25
2235,7.25,49.25
2236,7.75,49.25
2237,8.25,49.25
2238,8.75,49.25
2239,9.25,49.25
2240,9.75,49.25
2241,10.25,49.25
2242,10.75,49.25
2243,11.25,49.25
2244,11.75,49.25
2245,12.25,49.25
2246,12.75,49.25
2247,13.25,49.25
2248,13.75,49.25
2249,14.25,49.25
2250,14.75,49.25
2251,15.25,49.25
2252,15.75,49.25
2253,16.25,49.25
2254,16.75,49.25
2255,17.25,49.25
2256,17.75,49.25
2257,18.25,49.25
2258,18.75,49.25
2259,19.25,49.25
2260,19.75,49.25
2261,20.25,49.25
2262,20.75,49.25
2263,21.25,49.25
2264,21.75,49.25
2265,22.25,49.25
2266,22.75,49.25
2267,23.25,49.25
2268,23.75,49.25
2269,24.25,49.25
2270,24.75,49.25
2271,25.25,49.25
2272,25.75,49.25
2273,26.25,49.25
2274,26.75,49.25
2275,27.25,49.25
2276,27.75,49.25
2277,28.25,49.25
2278,28.75,49.25
2279,29.25,49.25
2280,29.75,49.25
2281,30.25,49.25
2282,30.75,49.25
2283,31.25,49.25
2284,31.75,49.25
2285,32.25,49.25
2286,32.75,49.25
2287,33.75,49.25
2288,34.25,49.25
2289,34.75,49.25
2290,35.25,49.25
2291,35.75,49.25
2292,36.25,49.25
2293,36.75,49.25
2294,37.25,49.25
2295,37.75,49.25
2296,38.25,49.25
2297,38.75,49.25
2298,39.25,49.25
2299,39.75,49.25
2300,40.25,49.25
2301,40.75,49.25
2302,41.25,49.25
2303,41.75,49.25
2304,42.25,49.25
2305,42.75,49.25
2306,43.25,49.25
2307,43.75,49.25
2308,44.25,49.25
2309,44.75,49.25
2310,0.75,49.75
2311,1.25,49.75
2312,1.75,49.75
2313,2.25,49.75
2314,2.75,49.75
2315,3.25,49.75
2316,3.75,49.75
2317,4.25,49.75
2318,4.75,49.75
2319,5.25,49.75
2320,5.75,49.75
2321,6.25,49.75
2322,6.75,49.75
2323,7.25,49.75
2324,7.75,49.75
2325,8.25,49.75
2326,8.75,49.75
2327,9.25,49.75
2328,9.75,49.75
2329,10.25,49.75
2330,10.75,49.75
2331,11.25,49.75
2332,11.75,49.75
2333,12.25,49.75
2334,12.75,49.75
2335,13.25,49.75
2336,13.75,49.75
2337,14.25,49.75
2338,14.75,49.75
2339,15.25,49.75
2340,15.75,49.75
2341,16.25,49.75
2342,16.75,49.75
2343,17.25,49.75
2344,17.75,49.75
2345,18.25,49.75
2346,18.75,49.75
2347,19.25,49.75
2348,19.75,49.75
2349,20.25,49.75
2350,20.75,49.75
2351,21.25,49.75
2352,21.75,49.75
2353,22.25,49.75
2354,22.75,49.75
2355,23.25,49.75
2356,23.75,49.75
2357,24.25,49.75
2358,24.75,49.75
2359,25.25,49.75
2360,25.75,49.75
2361,26.25,49.75
2362,26.75,49.75
2363,27.25,49.75
2364,27.75,49.75
2365,28.25,49.75
2366,28.75,49.75
2367,29.25,49.75
2368,29.75,49.75
2369,30.25,49.75
2370,30.75,49.75
2371,31.25,49.75
2372,31.75,49.75
2373,32.75,49.75
2374,33.25,49.75
2375,33.75,49.75
2376,34.25,49.75
2377,34.75,49.75
2378,35.25,49.75
2379,35.75,49.75
2380,36.25,49.75
2381,36.75,49.75
2382,37.25,49.75
2383,37.75,49.75
2384,38.25,49.75
2385,38.75,49.75
2386,39.25,49.75
2387,39.75,49.75
2388,40.25,49.75
2389,40.75,49.75
2390,41.25,49.75
2391,41.75,49.75
2392,42.25,49.75
2393,42.75,49.75
2394,43.25,49.75
2395,43.75,49.75
2396,44.25,49.75
2397,44.75,49.75
2398,1.75,50.25
2399,2.25,50.25
2400,2.75,50.25
2401,3.25,50.25
2402,3.75,50.25
2403,4.25,50.25
2404,4.75,50.25
2405,5.25,50.25
2406,5.75,50.25
2407,6.25,50.25
2408,6.75,50.25
2409,7.25,50.25
2410,7.75,50.25
2411,8.25,50.25
2412,8.75,50.25
2413,9.25,50.25
2414,9.75,50.25
2415,10.25,50.25
2416,10.75,50.25
2417,11.25,50.25
2418,11.75,50.25
2419,12.25,50.25
2420,12.75,50.25
2421,13.25,50.25
2422,13.75,50.25
2423,14.25,50.25
2424,14.75,50.25
2425,15.25,50.25
2426,15.75,50.25
2427,16.25,50.25
2428,16.75,50.25
2429,17.25,50.25
2430,17.75,50.25
2431,18.25,50.25
2432,18.75,50.25
2433,19.25,50.25
2434,19.75,50.25
2435,20.25,50.25
2436,20.75,50.25
2437,21.25,50.25
2438,21.75,50.25
2439,22.25,50.25
2440,22.75,50.25
2441,23.25,50.25
2442,23.75,50.25
2443,24.25,50.25
2444,24.75,50.25
2445,25.25,50.25
2446,25.75,50.25
2447,26.25,50.25
2448,26.75,50.25
2449,27.25,50.25
2450,27.75,50.25
2451,28.25,50.25
2452,28.75,50.25
2453,29.25,50.25
2454,29.75,50.25
2455,30.25,50.25
2456,30.75,50.25
2457,31.25,50.25
2458,31.75,50.25
2459,32.25,50.25
2460,32.75,50.25
2461,33.25,50.25
2462,33.75,50.25
2463,34.25,50.25
2464,34.75,50.25
2465,35.25,50.25
2466,35.75,50.25
2467,36.25,50.25
2468,36.75,50.25
2469,37.25,50.25
2470,37.75,50.25
2471,38.25,50.25
2472,38.75,50.25
2473,39.25,50.25
2474,39.75,50.25
2475,40.25,50.25
2476,40.75,50.25
2477,41.25,50.25
2478,41.75,50.25
2479,42.25,50.25
2480,42.75,50.25
2481,43.25,50.25
2482,43.75,50.25
2483,44.25,50.25
2484,44.75,50.25
2485,2.25,50.75
2486,2.75,50.75
2487,3.25,50.75
2488,3.75,50.75
2489,4.25,50.75
2490,4.75,50.75
2491,5.25,50.75
2492,5.75,50.75
2493,6.25,50.75
2494,6.75,50.75
2495,7.25,50.75
2496,7.75,50.75
2497,8.25,50.75
2498,8.75,50.75
2499,9.25,50.75
2500,9.75,50.75
2501,10.25,50.75
2502,10.75,50.75
2503,11.25,50.75
2504,11.75,50.75
2505,12.25,50.75
2506,12.75,50.75
2507,13.25,50.75
2508,13.75,50.75
2509,14.25,50.75
2510,14.75,50.75
2511,15.25,50.75
2512,15.75,50.75
2513,16.25,50.75
2514,16.75,50.75
2515,17.25,50.75
2516,17.75,50.75
2517,18.25,50.75
2518,18.75,50.75
2519,19.25,50.75
2520,19.75,50.75
2521,20.25,50.75
2522,20.75,50.75
2523,21.25,50.75
2524,21.75,50.75
2525,22.25,50.75
2526,22.75,50.75
2527,23.25,50.75
2528,23.75,50.75
2529,24.25,50.75
2530,24.75,50.75
2531,25.25,50.75
2532,25.75,50.75
2533,26.25,50.75
2534,26.75,50.75
2535,27.25,50.75
2536,27.75,50.75
2537,28.25,50.75
2538,28.75,50.75
2539,29.25,50.75
2540,29.75,50.75
2541,30.25,50.75
2542,30.75,50.75
2543,31.25,50.75
2544,31.75,50.75
2545,32.25,50.75
2546,32.75,50.75
2547,33.25,50.75
2548,33.75,50.75
2549,34.25,50.75
2550,34.75,50.75
2551,35.25,50.75
2552,35.75,50.75
2553,36.25,50.75
2554,36.75,50.75
2555,37.25,50.75
2556,37.75,50.75
2557,38.25,50.75
2558,38.75,50.75
2559,39.25,50.75
2560,39.75,50.75
2561,40.25,50.75
2562,40.75,50.75
2563,41.25,50.75
2564,41.75,50.75
2565,42.25,50.75
2566,42.75,50.75
2567,43.25,50.75
2568,43.75,50.75
2569,44.25,50.75
2570,44.75,50.75
2571,0.25,51.25
2572,0.75,51.25
2573,1.25,51.25
2574,3.25,51.25
2575,3.75,51.25
2576,4.25,51.25
2577,4.75,51.25
2578,5.25,51.25
2579,5.75,51.25
2580,6.25,51.25
2581,6.75,51.25
2582,7.25,51.25
2583,7.75,51.25
2584,8.25,51.25
2585,8.75,51.25
2586,9.25,51.25
2587,9.75,51.25
2588,10.25,51.25
2589,10.75,51.25
2590,11.25,51.25
2591,11.75,51.25
2592,12.25,51.25
2593,12.75,51.25
2594,13.25,51.25
2595,13.75,51.25
2596,14.25,51.25
2597,14.75,51.25
2598,15.25,51.25
2599,15.75,51.25
2600,16.25,51.25
2601,16.75,51.25
2602,17.25,51.25
2603,17.75,51.25
2604,18.25,51.25
2605,18.75,51.25
2606,19.25,51.25
2607,19.75,51.25
2608,20.25,51.25
2609,20.75,51.25
2610,21.25,51.25
2611,21.75,51.25
2612,22.25,51.25
2613,22.75,51.25
2614,23.25,51.25
2615,23.75,51.25
2616,24.25,51.25
2617,24.75,51.25
2618,25.25,51.25
2619,25.75,51.25
2620,26.25,51.25
2621,26.75,51.25
2622,27.25,51.25
2623,27.75,51.25
2624,28.25,51.25
2625,28.75,51.25
2626,29.25,51.25
2627,29.75,51.25
2628,30.25,51.25
2629,30.75,51.25
2630,31.25,51.25
2631,31.75,51.25
2632,32.25,51.25
2633,32.75,51.25
2634,33.25,51.25
2635,33.75,51.25
2636,34.25,51.25
2637,34.75,51.25
2638,35.25,51.25
2639,35.75,51.25
2640,36.25,51.25
2641,36.75,51.25
2642,37.25,51.25
2643,37.75,51.25
2644,38.25,51.25
2645,38.75,51.25
2646,39.25,51.25
2647,39.75,51.25
2648,40.25,51.25
2649,40.75,51.25
2650,41.25,51.25
2651,41.75,51.25
2652,42.25,51.25
2653,42.75,51.25
2654,43.25,51.25
2655,43.75,51.25
2656,44.25,51.25
2657,44.75,51.25
2658,0.25,51.75
2659,0.75,51.75
2660,4.25,51.75
2661,4.75,51.75
2662,5.25,51.75
2663,5.75,51.75
2664,6.25,51.75
2665,6.75,51.75
2666,7.25,51.75
2667,7.75,51.75
2668,8.25,51.75
2669,8.75,51.75
2670,9.25,51.75
2671,9.75,51.75
2672,10.25,51.75
2673,10.75,51.75
2674,11.25,51.75
2675,11.75,51.75
2676,12.25,51.75
2677,12.75,51.75
2678,13.25,51.75
2679,13.75,51.75
2680,14.25,51.75
2681,14.75,51.75
2682,15.25,51.75
2683,15.75,51.75
2684,16.25,51.75
2685,16.75,51.75
2686,17.25,51.75
2687,17.75,51.75
2688,18.25,51.75
2689,18.75,51.75
2690,19.25,51.75
2691,19.75,51.75
2692,20.25,51.75
2693,20.75,51.75
2694,21.25,51.75
2695,21.75,51.75
2696,22.25,51.75
2697,22.75,51.75
2698,23.25,51.75
2699,23.75,51.75
2700,24.25,51.75
2701,24.75,51.75
2702,25.25,51.75
2703,25.75,51.75
2704,26.25,51.75
2705,26.75,51.75
2706,27.25,51.75
2707,27.75,51.75
2708,28.25,51.75
2709,28.75,51.75
2710,29.25,51.75
2711,29.75,51.75
2712,30.25,51.75
2713,30.75,51.75
2714,31.25,51.75
2715,31.75,51.75
2716,32.25,51.75
2717,32.75,51.75
2718,33.25,51.75
2719,33.75,51.75
2720,34.25,51.75
2721,34.75,51.75
2722,35.25,51.75
2723,35.75,51.75
2724,36.25,51.75
2725,36.75,51.75
2726,37.25,51.75
2727,37.75,51.75
2728,38.25,51.75
2729,38.75,51.75
2730,39.25,51.75
2731,39.75,51.75
2732,40.25,51.75
2733,40.75,51.75
2734,41.25,51.75
2735,41.75,51.75
2736,42.25,51.75
2737,42.75,51.75
2738,43.25,51.75
2739,43.75,51.75
2740,44.25,51.75
2741,44.75,51.75
2742,0.25,52.25
2743,0.75,52.25
2744,1.25,52.25
2745,4.75,52.25
2746,5.25,52.25
2747,5.75,52.25
2748,6.25,52.25
2749,6.75,52.25
2750,7.25,52.25
2751,7.75,52.25
2752,8.25,52.25
2753,8.75,52.25
2754,9.25,52.25
2755,9.75,52.25
2756,10.25,52.25
2757,10.75,52.25
2758,11.25,52.25
2759,11.75,52.25
2760,12.25,52.25
2761,12.75,52.25
2762,13.25,52.25
2763,13.75,52.25
2764,14.25,52.25
2765,14.75,52.25
2766,15.25,52.25
2767,15.75,52.25
2768,16.25,52.25
2769,16.75,52.25
2770,17.25,52.25
2771,17.75,52.25
2772,18.25,52.25
2773,18.75,52.25
2774,19.25,52.25
2775,19.75,52.25
2776,20.25,52.25
2777,20.75,52.25
2778,21.25,52.25
2779,21.75,52.25
2780,22.25,52.25
2781,22.75,52.25
2782,23.25,52.25
2783,23.75,52.25
2784,24.25,52.25
2785,24.75,52.25
2786,25.25,52.25
2787,25.75,52.25
2788,26.25,52.25
2789,26.75,52.25
2790,27.25,52.25
2791,27.75,52.25
2792,28.25,52.25
2793,28.75,52.25
2794,29.25,52.25
2795,29.75,52.25
2796,30.25,52.25
2797,30.75,52.25
2798,31.25,52.25
2799,31.75,52.25
2800,32.25,52.25
2801,32.75,52.25
2802,33.25,52.25
2803,33.75,52.25
2804,34.25,52.25
2805,34.75,52.25
2806,35.25,52.25
2807,35.75,52.25
2808,36.25,52.25
2809,36.75,52.25
2810,37.25,52.25
2811,37.75,52.25
2812,38.25,52.25
2813,38.75,52.25
2814,39.25,52.25
2815,39.75,52.25
2816,40.25,52.25
2817,40.75,52.25
2818,41.25,52.25
2819,41.75,52.25
2820,42.25,52.25
2821,42.75,52.25
2822,43.25,52.25
2823,43.75,52.25
2824,44.25,52.25
2825,44.75,52.25
2826,0.25,52.75
2827,0.75,52.75
2828,1.25,52.75
2829,6.25,52.75
2830,6.75,52.75
2831,7.25,52.75
2832,7.75,52.75
2833,8.25,52.75
2834,8.75,52.75
2835,9.25,52.75
2836,9.75,52.75
2837,10.25,52.75
2838,10.75,52.75
2839,11.25,52.75
2840,11.75,52.75
2841,12.25,52.75
2842,12.75,52.75
2843,13.25,52.75
2844,13.75,52.75
2845,14.25,52.75
2846,14.75,52.75
2847,15.25,52.75
2848,15.75,52.75
2849,16.25,52.75
2850,16.75,52.75
2851,17.25,52.75
2852,17.75,52.75
2853,18.25,52.75
2854,18.75,52.75
2855,19.25,52.75
2856,19.75,52.75
2857,20.25,52.75
2858,20.75,52.75
2859,21.25,52.75
2860,21.75,52.75
2861,22.25,52.75
2862,22.75,52.75
2863,23.25,52.75
2864,23.75,52.75
2865,24.25,52.75
2866,24.75,52.75
2867,25.25,52.75
2868,25.75,52.75
2869,26.25,52.75
2870,26.75,52.75
2871,27.25,52.75
2872,27.75,52.75
2873,28.25,52.75
2874,28.75,52.75
2875,29.25,52.75
2876,29.75,52.75
2877,30.25,52.75
2878,30.75,52.75
2879,31.25,52.75
2880,31.75,52.75
2881,32.25,52.75
2882,32.75,52.75
2883,33.25,52.75
2884,33.75,52.75
2885,34.25,52.75
2886,34.75,52.75
2887,35.25,52.75
2888,35.75,52.75
2889,36.25,52.75
2890,36.75,52.75
2891,37.25,52.75
2892,37.75,52.75
2893,38.25,52.75
2894,38.75,52.75
2895,39.25,52.75
2896,39.75,52.75
2897,40.25,52.75
2898,40.75,52.75
2899,41.25,52.75
2900,41.75,52.75
2901,42.25,52.75
2902,42.75,52.75
2903,43.25,52.75
2904,43.75,52.75
2905,44.25,52.75
2906,44.75,52.75
2907,0.25,53.25
2908,6.25,53.25
2909,6.75,53.25
2910,7.25,53.25
2911,7.75,53.25
2912,8.25,53.25
2913,8.75,53.25
2914,9.25,53.25
2915,9.75,53.25
2916,10.25,53.25
2917,10.75,53.25
2918,11.25,53.25
2919,11.75,53.25
2920,12.25,53.25
2921,12.75,53.25
2922,13.25,53.25
2923,13.75,53.25
2924,14.25,53.25
2925,14.75,53.25
2926,15.25,53.25
2927,15.75,53.25
2928,16.25,53.25
2929,16.75,53.25
2930,17.25,53.25
2931,17.75,53.25
2932,18.25,53.25
2933,18.75,53.25
2934,19.25,53.25
2935,19.75,53.25
2936,20.25,53.25
2937,20.75,53.25
2938,21.25,53.25
2939,21.75,53.25
2940,22.25,53.25
2941,22.75,53.25
2942,23.25,53.25
2943,23.75,53.25
2944,24.25,53.25
2945,24.75,53.25
2946,25.25,53.25
2947,25.75,53.25
2948,26.25,53.25
2949,26.75,53.25
2950,27.25,53.25
2951,27.75,53.25
2952,28.25,53.25
2953,28.75,53.25
2954,29.25,53.25
2955,29.75,53.25
2956,30.25,53.25
2957,30.75,53.25
2958,31.25,53.25
2959,31.75,53.25
2960,32.25,53.25
2961,32.75,53.25
2962,33.25,53.25
2963,33.75,53.25
2964,34.25,53.25
2965,34.75,53.25
2966,35.25,53.25
2967,35.75,53.25
2968,36.25,53.25
2969,36.75,53.25
2970,37.25,53.25
2971,37.75,53.25
2972,38.25,53.25
2973,38.75,53.25
2974,39.25,53.25
2975,39.75,53.25
2976,40.25,53.25
2977,40.75,53.25
2978,41.25,53.25
2979,41.75,53.25
2980,42.25,53.25
2981,42.75,53.25
2982,43.25,53.25
2983,43.75,53.25
2984,44.25,53.25
2985,44.75,53.25
2986,7.75,53.75
2987,8.75,53.75
2988,9.25,53.75
2989,9.75,53.75
2990,10.25,53.75
2991,10.75,53.75
2992,11.25,53.75
2993,11.75,53.75
2994,12.25,53.75
2995,12.75,53.75
2996,13.25,53.75
2997,13.75,53.75
2998,14.25,53.75
2999,14.75,53.75
3000,15.25,53.75
3001,15.75,53.75
3002,16.25,53.75
3003,16.75,53.75
3004,17.25,53.75
3005,17.75,53.75
3006,18.25,53.75
3007,18.75,53.75
3008,19.25,53.75
3009,19.75,53.75
3010,20.25,53.75
3011,20.75,53.75
3012,21.25,53.75
3013,21.75,53.75
3014,22.25,53.75
3015,22.75,53.75
3016,23.25,53.75
3017,23.75,53.75
3018,24.25,53.75
3019,24.75,53.75
3020,25.25,53.75
3021,25.75,53.75
3022,26.25,53.75
3023,26.75,53.75
3024,27.25,53.75
3025,27.75,53.75
3026,28.25,53.75
3027,28.75,53.75
3028,29.25,53.75
3029,29.75,53.75
3030,30.25,53.75
3031,30.75,53.75
3032,31.25,53.75
3033,31.75,53.75
3034,32.25,53.75
3035,32.75,53.75
3036,33.25,53.75
3037,33.75,53.75
3038,34.25,53.75
3039,34.75,53.75
3040,35.25,53.75
3041,35.75,53.75
3042,36.25,53.75
3043,36.75,53.75
3044,37.25,53.75
3045,37.75,53.75
3046,38.25,53.75
3047,38.75,53.75
3048,39.25,53.75
3049,39.75,53.75
3050,40.25,53.75
3051,40.75,53.75
3052,41.25,53.75
3053,41.75,53.75
3054,42.25,53.75
3055,42.75,53.75
3056,43.25,53.75
3057,43.75,53.75
3058,44.25,53.75
3059,44.75,53.75
3060,9.75,54.25
3061,10.25,54.25
3062,10.75,54.25
3063,12.25,54.25
3064,12.75,54.25
3065,13.25,54.25
3066,15.75,54.25
3067,16.25,54.25
3068,16.75,54.25
3069,17.25,54.25
3070,17.75,54.25
3071,18.25,54.25
3072,18.75,54.25
3073,19.25,54.25
3074,19.75,54.25
3075,20.25,54.25
3076,20.75,54.25
3077,21.25,54.25
3078,21.75,54.25
3079,22.25,54.25
3080,22.75,54.25
3081,23.25,54.25
3082,23.75,54.25
3083,24.25,54.25
3084,24.75,54.25
3085,25.25,54.25
3086,25.75,54.25
3087,26.25,54.25
3088,26.75,54.25
3089,27.25,54.25
3090,27.75,54.25
3091,28.25,54.25
3092,28.75,54.25
3093,29.25,54.25
3094,29.75,54.25
3095,30.25,54.25
3096,30.75,54.25
3097,31.25,54.25
3098,31.75,54.25
3099,32.25,54.25
3100,32.75,54.25
3101,33.25,54.25
3102,33.75,54.25
3103,34.25,54.25
3104,34.75,54.25
3105,35.25,54.25
3106,35.75,54.25
3107,36.25,54.25
3108,36.75,54.25
3109,37.25,54.25
3110,37.75,54.25
3111,38.25,54.25
3112,38.75,54.25
3113,39.25,54.25
3114,39.75,54.25
3115,40.25,54.25
3116,40.75,54.25
3117,41.25,54.25
3118,41.75,54.25
3119,42.25,54.25
3120,42.75,54.25
3121,43.25,54.25
3122,43.75,54.25
3123,44.25,54.25
3124,44.75,54.25
3125,9.75,54.75
3126,17.25,54.75
3127,17.75,54.75
3128,18.25,54.75
3129,20.75,54.75
3130,21.25,54.75
3131,21.75,54.75
3132,22.25,54.75
3133,22.75,54.75
3134,23.25,54.75
3135,23.75,54.75
3136,24.25,54.75
3137,24.75,54.75
3138,25.25,54.75
3139,25.75,54.75
3140,26.25,54.75
3141,26.75,54.75
3142,27.25,54.75
3143,27.75,54.75
3144,28.25,54.75
3145,28.75,54.75
3146,29.25,54.75
3147,29.75,54.75
3148,30.25,54.75
3149,30.75,54.75
3150,31.25,54.75
3151,31.75,54.75
3152,32.25,54.75
3153,32.75,54.75
3154,33.25,54.75
3155,33.75,54.75
3156,34.25,54.75
3157,34.75,54.75
3158,35.25,54.75
3159,35.75,54.75
3160,36.25,54.75
3161,36.75,54.75
3162,37.25,54.75
3163,37.75,54.75
3164,38.25,54.75
3165,38.75,54.75
3166,39.25,54.75
3167,39.75,54.75
3168,40.25,54.75
3169,40.75,54.75
3170,41.25,54.75
3171,41.75,54.75
3172,42.25,54.75
3173,42.75,54.75
3174,43.25,54.75
3175,43.75,54.75
3176,44.25,54.75
3177,44.75,54.75
3178,9.25,55.25
3179,9.75,55.25
3180,10.75,55.25
3181,12.25,55.25
3182,21.75,55.25
3183,22.25,55.25
3184,22.75,55.25
3185,23.25,55.25
3186,23.75,55.25
3187,24.25,55.25
3188,24.75,55.25
3189,25.25,55.25
3190,25.75,55.25
3191,26.25,55.25
3192,26.75,55.25
3193,27.25,55.25
3194,27.75,55.25
3195,28.25,55.25
3196,28.75,55.25
3197,29.25,55.25
3198,29.75,55.25
3199,30.25,55.25
3200,30.75,55.25
3201,31.25,55.25
3202,31.75,55.25
3203,32.25,55.25
3204,32.75,55.25
3205,33.25,55.25
3206,33.75,55.25
3207,34.25,55.25
3208,34.75,55.25
3209,35.25,55.25
3210,35.75,55.25
3211,36.25,55.25
3212,36.75,55.25
3213,37.25,55.25
3214,37.75,55.25
3215,38.25,55.25
3216,38.75,55.25
3217,39.25,55.25
3218,39.75,55.25
3219,40.25,55.25
3220,40.75,55.25
3221,41.25,55.25
3222,41.75,55.25
3223,42.25,55.25
3224,42.75,55.25
3225,43.25,55.25
3226,43.75,55.25
3227,44.25,55.25
3228,44.75,55.25
3229,8.75,55.75
3230,9.25,55.75
3231,9.75,55.75
3232,11.75,55.75
3233,12.25,55.75
3234,13.75,55.75
3235,14.25,55.75
3236,21.75,55.75
3237,22.25,55.75
3238,22.75,55.75
3239,23.25,55.75
3240,23.75,55.75
3241,24.25,55.75
3242,24.75,55.75
3243,25.25,55.75
3244,25.75,55.75
3245,26.25,55.75
3246,26.75,55.75
3247,27.25,55.75
3248,27.75,55.75
3249,28.25,55.75
3250,28.75,55.75
3251,29.25,55.75
3252,29.75,55.75
3253,30.25,55.75
3254,30.75,55.75
3255,31.25,55.75
3256,31.75,55.75
3257,32.25,55.75
3258,32.75,55.75
3259,33.25,55.75
3260,33.75,55.75
3261,34.25,55.75
3262,34.75,55.75
3263,35.25,55.75
3264,35.75,55.75
3265,36.25,55.75
3266,36.75,55.75
3267,37.25,55.75
3268,37.75,55.75
3269,38.25,55.75
3270,38.75,55.75
3271,39.25,55.75
3272,39.75,55.75
3273,40.25,55.75
3274,40.75,55.75
3275,41.25,55.75
3276,41.75,55.75
3277,42.25,55.75
3278,42.75,55.75
3279,43.25,55.75
3280,43.75,55.75
3281,44.25,55.75
3282,44.75,55.75
3283,8.75,56.25
3284,9.25,56.25
3285,9.75,56.25
3286,10.25,56.25
3287,12.75,56.25
3288,13.25,56.25
3289,13.75,56.25
3290,14.25,56.25
3291,14.75,56.25
3292,21.75,56.25
3293,22.25,56.25
3294,22.75,56.25
3295,23.25,56.25
3296,23.75,56.25
3297,24.25,56.25
3298,24.75,56.25
3299,25.25,56.25
3300,25.75,56.25
3301,26.25,56.25
3302,26.75,56.25
3303,27.25,56.25
3304,27.75,56.25
3305,28.25,56.25
3306,28.75,56.25
3307,29.25,56.25
3308,29.75,56.25
3309,30.25,56.25
3310,30.75,56.25
3311,31.25,56.25
3312,31.75,56.25
3313,32.25,56.25
3314,32.75,56.25
3315,33.25,56.25
3316,33.75,56.25
3317,34.25,56.25
3318,34.75,56.25
3319,35.25,56.25
3320,35.75,56.25
3321,36.25,56.25
3322,36.75,56.25
3323,37.25,56.25
3324,37.75,56.25
3325,38.25,56.25
3326,38.75,56.25
3327,39.25,56.25
3328,39.75,56.25
3329,40.25,56.25
3330,40.75,56.25
3331,41.25,56.25
3332,41.75,56.25
3333,42.25,56.25
3334,42.75,56.25
3335,43.25,56.25
3336,43.75,56.25
3337,44.25,56.25
3338,44.75,56.25
3339,8.75,56.75
3340,9.25,56.75
3341,10.25,56.75
3342,13.75,56.75
3343,14.25,56.75
3344,14.75,56.75
3345,15.25,56.75
3346,15.75,56.75
3347,16.25,56.75
3348,21.75,56.75
3349,22.25,56.75
3350,22.75,56.75
3351,23.25,56.75
3352,23.75,56.75
3353,24.25,56.75
3354,24.75,56.75
3355,25.25,56.75
3356,25.75,56.75
3357,26.25,56.75
3358,26.75,56.75
3359,27.25,56.75
3360,27.75,56.75
3361,28.25,56.75
3362,28.75,56.75
3363,29.25,56.75
3364,29.75,56.75
3365,30.25,56.75
3366,30.75,56.75
3367,31.25,56.75
3368,31.75,56.75
3369,32.25,56.75
3370,32.75,56.75
3371,33.25,56.75
3372,33.75,56.75
3373,34.25,56.75
3374,34.75,56.75
3375,35.25,56.75
3376,35.75,56.75
3377,36.25,56.75
3378,36.75,56.75
3379,37.25,56.75
3380,37.75,56.75
3381,38.25,56.75
3382,38.75,56.75
3383,39.25,56.75
3384,39.75,56.75
3385,40.25,56.75
3386,40.75,56.75
3387,41.25,56.75
3388,41.75,56.75
3389,42.25,56.75
3390,42.75,56.75
3391,43.25,56.75
3392,43.75,56.75
3393,44.25,56.75
3394,44.75,56.75
3395,9.75,57.25
3396,12.75,57.25
3397,13.25,57.25
3398,13.75,57.25
3399,14.25,57.25
3400,14.75,57.25
3401,15.25,57.25
3402,15.75,57.25
3403,16.25,57.25
3404,22.25,57.25
3405,22.75,57.25
3406,23.25,57.25
3407,24.75,57.25
3408,25.25,57.25
3409,25.75,57.25
3410,26.25,57.25
3411,26.75,57.25
3412,27.25,57.25
3413,27.75,57.25
3414,28.25,57.25
3415,28.75,57.25
3416,29.25,57.25
3417,29.75,57.25
3418,30.25,57.25
3419,30.75,57.25
3420,31.25,57.25
3421,31.75,57.25
3422,32.25,57.25
3423,32.75,57.25
3424,33.25,57.25
3425,33.75,57.25
3426,34.25,57.25
3427,34.75,57.25
3428,35.25,57.25
3429,35.75,57.25
3430,36.25,57.25
3431,36.75,57.25
3432,37.25,57.25
3433,37.75,57.25
3434,38.25,57.25
3435,38.75,57.25
3436,39.25,57.25
3437,39.75,57.25
3438,40.25,57.25
3439,40.75,57.25
3440,41.25,57.25
3441,41.75,57.25
3442,42.25,57.25
3443,42.75,57.25
3444,43.25,57.25
3445,43.75,57.25
3446,44.25,57.25
3447,44.75,57.25
3448,12.75,57.75
3449,13.25,57.75
3450,13.75,57.75
3451,14.25,57.75
3452,14.75,57.75
3453,15.25,57.75
3454,15.75,57.75
3455,16.25,57.75
3456,18.75,57.75
3457,22.25,57.75
3458,24.75,57.75
3459,25.25,57.75
3460,25.75,57.75
3461,26.25,57.75
3462,26.75,57.75
3463,27.25,57.75
3464,27.75,57.75
3465,28.25,57.75
3466,28.75,57.75
3467,29.25,57.75
3468,29.75,57.75
3469,30.25,57.75
3470,30.75,57.75
3471,31.25,57.75
3472,31.75,57.75
3473,32.25,57.75
3474,32.75,57.75
3475,33.25,57.75
3476,33.75,57.75
3477,34.25,57.75
3478,34.75,57.75
3479,35.25,57.75
3480,35.75,57.75
3481,36.25,57.75
3482,36.75,57.75
3483,37.25,57.75
3484,37.75,57.75
3485,38.25,57.75
3486,38.75,57.75
3487,39.25,57.75
3488,39.75,57.75
3489,40.25,57.75
3490,40.75,57.75
3491,41.25,57.75
3492,41.75,57.75
3493,42.25,57.75
3494,42.75,57.75
3495,43.25,57.75
3496,43.75,57.75
3497,44.25,57.75
3498,44.75,57.75
3499,7.75,58.25
3500,12.25,58.25
3501,12.75,58.25
3502,13.25,58.25
3503,13.75,58.25
3504,14.25,58.25
3505,15.25,58.25
3506,15.75,58.25
3507,16.25,58.25
3508,16.75,58.25
3509,25.25,58.25
3510,25.75,58.25
3511,26.25,58.25
3512,26.75,58.25
3513,27.25,58.25
3514,27.75,58.25
3515,28.75,58.25
3516,29.25,58.25
3517,29.75,58.25
3518,30.25,58.25
3519,30.75,58.25
3520,31.25,58.25
3521,31.75,58.25
3522,32.25,58.25
3523,32.75,58.25
3524,33.25,58.25
3525,33.75,58.25
3526,34.25,58.25
3527,34.75,58.25
3528,35.25,58.25
3529,35.75,58.25
3530,36.25,58.25
3531,36.75,58.25
3532,37.25,58.25
3533,37.75,58.25
3534,38.25,58.25
3535,39.25,58.25
3536,39.75,58.25
3537,40.25,58.25
3538,40.75,58.25
3539,41.25,58.25
3540,41.75,58.25
3541,42.25,58.25
3542,42.75,58.25
3543,43.25,58.25
3544,43.75,58.25
3545,44.25,58.25
3546,44.75,58.25
3547,6.25,58.75
3548,6.75,58.75
3549,7.25,58.75
3550,7.75,58.75
3551,8.25,58.75
3552,8.75,58.75
3553,9.25,58.75
3554,11.75,58.75
3555,12.25,58.75
3556,13.75,58.75
3557,14.25,58.75
3558,14.75,58.75
3559,15.75,58.75
3560,16.25,58.75
3561,16.75,58.75
3562,22.75,58.75
3563,23.75,58.75
3564,24.25,58.75
3565,24.75,58.75
3566,25.25,58.75
3567,25.75,58.75
3568,26.25,58.75
3569,26.75,58.75
3570,28.75,58.75
3571,29.25,58.75
3572,29.75,58.75
3573,30.25,58.75
3574,30.75,58.75
3575,31.25,58.75
3576,31.75,58.75
3577,32.25,58.75
3578,32.75,58.75
3579,33.25,58.75
3580,33.75,58.75
3581,34.25,58.75
3582,34.75,58.75
3583,35.25,58.75
3584,35.75,58.75
3585,36.25,58.75
3586,36.75,58.75
3587,37.25,58.75
3588,37.75,58.75
3589,39.25,58.75
3590,39.75,58.75
3591,40.25,58.75
3592,40.75,58.75
3593,41.25,58.75
3594,41.75,58.75
3595,42.25,58.75
3596,42.75,58.75
3597,43.25,58.75
3598,43.75,58.75
3599,44.25,58.75
3600,44.75,58.75
3601,6.75,59.25
3602,7.25,59.25
3603,7.75,59.25
3604,8.25,59.25
3605,8.75,59.25
3606,9.25,59.25
3607,9.75,59.25
3608,10.25,59.25
3609,11.75,59.25
3610,12.75,59.25
3611,14.75,59.25
3612,15.25,59.25
3613,15.75,59.25
3614,16.25,59.25
3615,16.75,59.25
3616,17.25,59.25
3617,17.75,59.25
3618,18.25,59.25
3619,24.25,59.25
3620,24.75,59.25
3621,25.25,59.25
3622,25.75,59.25
3623,26.25,59.25
3624,26.75,59.25
3625,27.25,59.25
3626,27.75,59.25
3627,28.25,59.25
3628,28.75,59.25
3629,29.25,59.25
3630,29.75,59.25
3631,30.25,59.25
3632,30.75,59.25
3633,31.25,59.25
3634,31.75,59.25
3635,32.25,59.25
3636,32.75,59.25
3637,33.25,59.25
3638,33.75,59.25
3639,34.25,59.25
3640,34.75,59.25
3641,35.25,59.25
3642,35.75,59.25
3643,36.25,59.25
3644,36.75,59.25
3645,37.25,59.25
3646,37.75,59.25
3647,38.75,59.25
3648,39.25,59.25
3649,39.75,59.25
3650,40.25,59.25
3651,40.75,59.25
3652,41.25,59.25
3653,41.75,59.25
3654,42.25,59.25
3655,42.75,59.25
3656,43.25,59.25
3657,43.75,59.25
3658,44.25,59.25
3659,44.75,59.25
3660,5.75,59.75
3661,6.25,59.75
3662,7.25,59.75
3663,7.75,59.75
3664,8.25,59.75
3665,8.75,59.75
3666,9.25,59.75
3667,9.75,59.75
3668,10.25,59.75
3669,11.25,59.75
3670,11.75,59.75
3671,12.25,59.75
3672,12.75,59.75
3673,13.25,59.75
3674,13.75,59.75
3675,14.25,59.75
3676,14.75,59.75
3677,15.25,59.75
3678,15.75,59.75
3679,16.25,59.75
3680,16.75,59.75
3681,17.75,59.75
3682,18.25,59.75
3683,18.75,59.75
3684,28.75,59.75
3685,29.25,59.75
3686,29.75,59.75
3687,30.25,59.75
3688,30.75,59.75
3689,31.25,59.75
3690,31.75,59.75
3691,32.25,59.75
3692,32.75,59.75
3693,33.25,59.75
3694,33.75,59.75
3695,34.25,59.75
3696,34.75,59.75
3697,35.25,59.75
3698,35.75,59.75
3699,36.25,59.75
3700,36.75,59.75
3701,37.25,59.75
3702,37.75,59.75
3703,38.25,59.75
3704,38.75,59.75
3705,39.25,59.75
3706,39.75,59.75
3707,40.25,59.75
3708,40.75,59.75
3709,41.25,59.75
3710,41.75,59.75
3711,42.25,59.75
3712,42.75,59.75
3713,43.25,59.75
3714,43.75,59.75
3715,44.25,59.75
3716,44.75,59.75
3717,6.75,60.25
3718,7.25,60.25
3719,7.75,60.25
3720,8.25,60.25
3721,8.75,60.25
3722,9.25,60.25
3723,9.75,60.25
3724,10.25,60.25
3725,10.75,60.25
3726,11.25,60.25
3727,11.75,60.25
3728,12.25,60.25
3729,12.75,60.25
3730,13.25,60.25
3731,13.75,60.25
3732,14.25,60.25
3733,14.75,60.25
3734,15.25,60.25
3735,15.75,60.25
3736,16.25,60.25
3737,16.75,60.25
3738,17.25,60.25
3739,17.75,60.25
3740,18.25,60.25
3741,22.75,60.25
3742,23.25,60.25
3743,23.75,60.25
3744,24.25,60.25
3745,24.75,60.25
3746,30.75,60.25
3747,32.75,60.25
3748,33.25,60.25
3749,33.75,60.25
3750,34.25,60.25
3751,34.75,60.25
3752,35.25,60.25
3753,35.75,60.25
3754,36.25,60.25
3755,36.75,60.25
3756,37.25,60.25
3757,37.75,60.25
3758,38.25,60.25
3759,38.75,60.25
3760,39.25,60.25
3761,39.75,60.25
3762,40.25,60.25
3763,40.75,60.25
3764,41.25,60.25
3765,41.75,60.25
3766,42.25,60.25
3767,42.75,60.25
3768,43.25,60.25
3769,43.75,60.25
3770,44.25,60.25
3771,44.75,60.25
3772,6.25,60.75
3773,6.75,60.75
3774,7.75,60.75
3775,8.25,60.75
3776,8.75,60.75
3777,9.25,60.75
3778,9.75,60.75
3779,10.25,60.75
3780,10.75,60.75
3781,11.25,60.75
3782,11.75,60.75
3783,12.25,60.75
3784,12.75,60.75
3785,13.25,60.75
3786,13.75,60.75
3787,14.25,60.75
3788,14.75,60.75
3789,15.25,60.75
3790,15.75,60.75
3791,16.25,60.75
3792,16.75,60.75
3793,17.25,60.75
3794,22.25,60.75
3795,22.75,60.75
3796,23.25,60.75
3797,23.75,60.75
3798,24.25,60.75
3799,24.75,60.75
3800,25.25,60.75
3801,25.75,60.75
3802,26.25,60.75
3803,26.75,60.75
3804,27.25,60.75
3805,27.75,60.75
3806,29.25,60.75
3807,29.75,60.75
3808,30.25,60.75
3809,33.75,60.75
3810,34.25,60.75
3811,34.75,60.75
3812,35.25,60.75
3813,35.75,60.75
3814,36.25,60.75
3815,36.75,60.75
3816,37.25,60.75
3817,37.75,60.75
3818,38.25,60.75
3819,38.75,60.75
3820,39.25,60.75
3821,39.75,60.75
3822,40.25,60.75
3823,40.75,60.75
3824,41.25,60.75
3825,41.75,60.75
3826,42.25,60.75
3827,42.75,60.75
3828,43.25,60.75
3829,43.75,60.75
3830,44.25,60.75
3831,44.75,60.75
3832,6.25,61.25
3833,7.25,61.25
3834,7.75,61.25
3835,8.25,61.25
3836,8.75,61.25
3837,9.25,61.25
3838,9.75,61.25
3839,10.25,61.25
3840,10.75,61.25
3841,11.25,61.25
3842,11.75,61.25
3843,12.25,61.25
3844,12.75,61.25
3845,13.25,61.25
3846,13.75,61.25
3847,14.25,61.25
3848,14.75,61.25
3849,15.25,61.25
3850,15.75,61.25
3851,16.25,61.25
3852,16.75,61.25
3853,21.75,61.25
3854,22.25,61.25
3855,22.75,61.25
3856,23.25,61.25
3857,23.75,61.25
3858,24.25,61.25
3859,24.75,61.25
3860,25.25,61.25
3861,25.75,61.25
3862,26.25,61.25
3863,27.25,61.25
3864,27.75,61.25
3865,28.25,61.25
3866,28.75,61.25
3867,29.25,61.25
3868,29.75,61.25
3869,33.25,61.25
3870,33.75,61.25
3871,34.25,61.25
3872,34.75,61.25
3873,35.25,61.25
3874,36.75,61.25
3875,37.25,61.25
3876,37.75,61.25
3877,38.25,61.25
3878,38.75,61.25
3879,39.25,61.25
3880,39.75,61.25
3881,40.25,61.25
3882,40.75,61.25
3883,41.25,61.25
3884,41.75,61.25
3885,42.25,61.25
3886,42.75,61.25
3887,43.25,61.25
3888,43.75,61.25
3889,44.25,61.25
3890,44.75,61.25
3891,5.75,61.75
3892,6.25,61.75
3893,6.75,61.75
3894,7.75,61.75
3895,8.25,61.75
3896,8.75,61.75
3897,9.25,61.75
3898,9.75,61.75
3899,10.25,61.75
3900,10.75,61.75
3901,11.25,61.75
3902,11.75,61.75
3903,12.25,61.75
3904,12.75,61.75
3905,13.25,61.75
3906,13.75,61.75
3907,14.25,61.75
3908,14.75,61.75
3909,15.25,61.75
3910,15.75,61.75
3911,16.25,61.75
3912,16.75,61.75
3913,17.25,61.75
3914,22.25,61.75
3915,22.75,61.75
3916,23.25,61.75
3917,23.75,61.75
3918,25.25,61.75
3919,26.25,61.75
3920,26.75,61.75
3921,27.25,61.75
3922,27.75,61.75
3923,28.25,61.75
3924,28.75,61.75
3925,29.25,61.75
3926,29.75,61.75
3927,30.25,61.75
3928,30.75,61.75
3929,32.25,61.75
3930,32.75,61.75
3931,33.25,61.75
3932,33.75,61.75
3933,34.25,61.75
3934,36.75,61.75
3935,37.25,61.75
3936,37.75,61.75
3937,38.25,61.75
3938,38.75,61.75
3939,39.25,61.75
3940,39.75,61.75
3941,40.25,61.75
3942,40.75,61.75
3943,41.25,61.75
3944,41.75,61.75
3945,42.25,61.75
3946,42.75,61.75
3947,43.25,61.75
3948,43.75,61.75
3949,44.25,61.75
3950,44.75,61.75
3951,5.75,62.25
3952,6.25,62.25
3953,6.75,62.25
3954,7.25,62.25
3955,7.75,62.25
3956,8.25,62.25
3957,8.75,62.25
3958,9.25,62.25
3959,9.75,62.25
3960,10.25,62.25
3961,10.75,62.25
3962,11.25,62.25
3963,11.75,62.25
3964,12.75,62.25
3965,13.25,62.25
3966,13.75,62.25
3967,14.25,62.25
3968,14.75,62.25
3969,15.25,62.25
3970,15.75,62.25
3971,16.25,62.25
3972,16.75,62.25
3973,17.25,62.25
3974,21.75,62.25
3975,22.25,62.25
3976,22.75,62.25
3977,23.25,62.25
3978,23.75,62.25
3979,24.25,62.25
3980,24.75,62.25
3981,25.25,62.25
3982,25.75,62.25
3983,26.25,62.25
3984,26.75,62.25
3985,27.25,62.25
3986,27.75,62.25
3987,28.25,62.25
3988,28.75,62.25
3989,29.25,62.25
3990,29.75,62.25
3991,30.75,62.25
3992,31.25,62.25
3993,31.75,62.25
3994,32.25,62.25
3995,32.75,62.25
3996,33.25,62.25
3997,33.75,62.25
3998,34.25,62.25
3999,34.75,62.25
4000,36.25,62.25
4001,36.75,62.25
4002,37.25,62.25
4003,37.75,62.25
4004,38.25,62.25
4005,38.75,62.25
4006,39.25,62.25
4007,39.75,62.25
4008,40.25,62.25
4009,40.75,62.25
4010,41.25,62.25
4011,41.75,62.25
4012,42.25,62.25
4013,42.75,62.25
4014,43.25,62.25
4015,43.75,62.25
4016,44.25,62.25
4017,44.75,62.25
4018,7.25,62.75
4019,7.75,62.75
4020,8.25,62.75
4021,8.75,62.75
4022,9.25,62.75
4023,9.75,62.75
4024,10.25,62.75
4025,10.75,62.75
4026,11.25,62.75
4027,11.75,62.75
4028,12.25,62.75
4029,12.75,62.75
4030,13.25,62.75
4031,13.75,62.75
4032,14.25,62.75
4033,14.75,62.75
4034,15.25,62.75
4035,15.75,62.75
4036,16.25,62.75
4037,16.75,62.75
4038,17.25,62.75
4039,17.75,62.75
4040,18.25,62.75
4041,21.75,62.75
4042,22.25,62.75
4043,22.75,62.75
4044,23.25,62.75
4045,23.75,62.75
4046,24.25,62.75
4047,24.75,62.75
4048,25.25,62.75
4049,25.75,62.75
4050,26.25,62.75
4051,26.75,62.75
4052,27.25,62.75
4053,28.25,62.75
4054,28.75,62.75
4055,29.25,62.75
4056,30.25,62.75
4057,30.75,62.75
4058,31.25,62.75
4059,31.75,62.75
4060,32.25,62.75
4061,32.75,62.75
4062,33.25,62.75
4063,33.75,62.75
4064,34.75,62.75
4065,35.25,62.75
4066,36.25,62.75
4067,36.75,62.75
4068,37.25,62.75
4069,37.75,62.75
4070,38.25,62.75
4071,38.75,62.75
4072,39.25,62.75
4073,39.75,62.75
4074,40.25,62.75
4075,40.75,62.75
4076,41.25,62.75
4077,41.75,62.75
4078,42.25,62.75
4079,42.75,62.75
4080,43.25,62.75
4081,43.75,62.75
4082,44.25,62.75
4083,44.75,62.75
4084,8.75,63.25
4085,9.25,63.25
4086,9.75,63.25
4087,10.25,63.25
4088,10.75,63.25
4089,11.25,63.25
4090,11.75,63.25
4091,12.25,63.25
4092,12.75,63.25
4093,13.25,63.25
4094,13.75,63.25
4095,14.25,63.25
4096,14.75,63.25
4097,15.75,63.25
4098,16.25,63.25
4099,16.75,63.25
4100,17.25,63.25
4101,17.75,63.25
4102,18.25,63.25
4103,18.75,63.25
4104,22.25,63.25
4105,22.75,63.25
4106,23.25,63.25
4107,23.75,63.25
4108,24.25,63.25
4109,24.75,63.25
4110,25.25,63.25
4111,25.75,63.25
4112,26.75,63.25
4113,27.25,63.25
4114,28.25,63.25
4115,29.25,63.25
4116,29.75,63.25
4117,30.25,63.25
4118,30.75,63.25
4119,31.75,63.25
4120,32.25,63.25
4121,33.25,63.25
4122,33.75,63.25
4123,34.25,63.25
4124,34.75,63.25
4125,35.25,63.25
4126,35.75,63.25
4127,36.25,63.25
4128,36.75,63.25
4129,37.25,63.25
4130,37.75,63.25
4131,38.25,63.25
4132,38.75,63.25
4133,39.25,63.25
4134,39.75,63.25
4135,40.25,63.25
4136,40.75,63.25
4137,41.25,63.25
4138,41.75,63.25
4139,42.25,63.25
4140,42.75,63.25
4141,43.25,63.25
4142,43.75,63.25
4143,44.25,63.25
4144,44.75,63.25
4145,9.75,63.75
4146,11.25,63.75
4147,11.75,63.75
4148,12.25,63.75
4149,12.75,63.75
4150,13.25,63.75
4151,13.75,63.75
4152,14.25,63.75
4153,14.75,63.75
4154,15.25,63.75
4155,15.75,63.75
4156,16.25,63.75
4157,16.75,63.75
4158,17.25,63.75
4159,17.75,63.75
4160,18.25,63.75
4161,18.75,63.75
4162,19.25,63.75
4163,19.75,63.75
4164,23.25,63.75
4165,23.75,63.75
4166,24.25,63.75
4167,24.75,63.75
4168,25.75,63.75
4169,26.25,63.75
4170,26.75,63.75
4171,27.25,63.75
4172,27.75,63.75
4173,28.75,63.75
4174,29.25,63.75
4175,29.75,63.75
4176,30.25,63.75
4177,30.75,63.75
4178,31.25,63.75
4179,31.75,63.75
4180,32.25,63.75
4181,32.75,63.75
4182,33.75,63.75
4183,34.25,63.75
4184,34.75,63.75
4185,35.75,63.75
4186,36.25,63.75
4187,36.75,63.75
4188,37.25,63.75
4189,37.75,63.75
4190,38.25,63.75
4191,38.75,63.75
4192,39.25,63.75
4193,39.75,63.75
4194,40.25,63.75
4195,40.75,63.75
4196,41.25,63.75
4197,41.75,63.75
4198,42.25,63.75
4199,42.75,63.75
4200,43.25,63.75
4201,43.75,63.75
4202,44.25,63.75
4203,44.75,63.75
4204,10.75,64.25
4205,11.25,64.25
4206,11.75,64.25
4207,12.25,64.25
4208,12.75,64.25
4209,13.25,64.25
4210,13.75,64.25
4211,14.25,64.25
4212,14.75,64.25
4213,15.25,64.25
4214,16.75,64.25
4215,17.25,64.25
4216,17.75,64.25
4217,18.25,64.25
4218,18.75,64.25
4219,19.25,64.25
4220,19.75,64.25
4221,20.25,64.25
4222,20.75,64.25
4223,21.25,64.25
4224,24.25,64.25
4225,24.75,64.25
4226,25.25,64.25
4227,25.75,64.25
4228,26.25,64.25
4229,26.75,64.25
4230,27.25,64.25
4231,27.75,64.25
4232,28.25,64.25
4233,29.25,64.25
4234,29.75,64.25
4235,30.25,64.25
4236,30.75,64.25
4237,31.25,64.25
4238,31.75,64.25
4239,32.25,64.25
4240,32.75,64.25
4241,33.25,64.25
4242,33.75,64.25
4243,34.25,64.25
4244,34.75,64.25
4245,35.25,64.25
4246,35.75,64.25
4247,38.75,64.25
4248,39.25,64.25
4249,39.75,64.25
4250,40.25,64.25
4251,40.75,64.25
4252,41.25,64.25
4253,41.75,64.25
4254,42.25,64.25
4255,42.75,64.25
4256,43.25,64.25
4257,43.75,64.25
4258,44.25,64.25
4259,44.75,64.25
4260,12.25,64.75
4261,12.75,64.75
4262,13.25,64.75
4263,13.75,64.75
4264,14.25,64.75
4265,14.75,64.75
4266,15.25,64.75
4267,15.75,64.75
4268,16.25,64.75
4269,16.75,64.75
4270,17.25,64.75
4271,17.75,64.75
4272,18.25,64.75
4273,18.75,64.75
4274,19.25,64.75
4275,19.75,64.75
4276,20.25,64.75
4277,20.75,64.75
4278,21.25,64.75
4279,24.75,64.75
4280,25.25,64.75
4281,25.75,64.75
4282,26.25,64.75
4283,26.75,64.75
4284,27.75,64.75
4285,28.25,64.75
4286,28.75,64.75
4287,29.25,64.75
4288,29.75,64.75
4289,30.25,64.75
4290,30.75,64.75
4291,31.25,64.75
4292,31.75,64.75
4293,32.75,64.75
4294,33.25,64.75
4295,33.75,64.75
4296,34.25,64.75
4297,34.75,64.75
4298,37.75,64.75
4299,38.25,64.75
4300,38.75,64.75
4301,40.25,64.75
4302,40.75,64.75
4303,41.25,64.75
4304,41.75,64.75
4305,42.25,64.75
4306,42.75,64.75
4307,43.25,64.75
4308,43.75,64.75
4309,44.25,64.75
4310,44.75,64.75
4311,12.75,65.25
4312,13.25,65.25
4313,13.75,65.25
4314,14.25,65.25
4315,14.75,65.25
4316,15.25,65.25
4317,15.75,65.25
4318,16.25,65.25
4319,17.25,65.25
4320,17.75,65.25
4321,18.25,65.25
4322,18.75,65.25
4323,19.25,65.25
4324,19.75,65.25
4325,20.25,65.25
4326,20.75,65.25
4327,21.25,65.25
4328,26.25,65.25
4329,26.75,65.25
4330,27.25,65.25
4331,27.75,65.25
4332,28.25,65.25
4333,28.75,65.25
4334,29.25,65.25
4335,29.75,65.25
4336,30.25,65.25
4337,30.75,65.25
4338,31.25,65.25
4339,31.75,65.25
4340,32.25,65.25
4341,32.75,65.25
4342,33.25,65.25
4343,33.75,65.25
4344,34.25,65.25
4345,40.75,65.25
4346,41.25,65.25
4347,41.75,65.25
4348,42.25,65.25
4349,42.75,65.25
4350,43.25,65.25
4351,43.75,65.25
4352,44.25,65.25
4353,44.75,65.25
4354,13.25,65.75
4355,13.75,65.75
4356,14.25,65.75
4357,14.75,65.75
4358,15.25,65.75
4359,15.75,65.75
4360,16.25,65.75
4361,16.75,65.75
4362,17.25,65.75
4363,17.75,65.75
4364,18.25,65.75
4365,18.75,65.75
4366,19.25,65.75
4367,19.75,65.75
4368,20.25,65.75
4369,20.75,65.75
4370,21.25,65.75
4371,21.75,65.75
4372,25.75,65.75
4373,26.25,65.75
4374,26.75,65.75
4375,27.25,65.75
4376,27.75,65.75
4377,28.25,65.75
4378,28.75,65.75
4379,29.25,65.75
4380,29.75,65.75
4381,30.25,65.75
4382,30.75,65.75
4383,31.25,65.75
4384,31.75,65.75
4385,32.25,65.75
4386,33.25,65.75
4387,33.75,65.75
4388,34.25,65.75
4389,34.75,65.75
4390,40.25,65.75
4391,40.75,65.75
4392,41.25,65.75
4393,41.75,65.75
4394,42.25,65.75
4395,42.75,65.75
4396,43.25,65.75
4397,43.75,65.75
4398,44.25,65.75
4399,44.75,65.75
4400,13.25,66.25
4401,13.75,66.25
4402,14.25,66.25
4403,14.75,66.25
4404,15.25,66.25
4405,15.75,66.25
4406,16.25,66.25
4407,16.75,66.25
4408,17.25,66.25
4409,17.75,66.25
4410,18.75,66.25
4411,19.25,66.25
4412,19.75,66.25
4413,20.25,66.25
4414,20.75,66.25
4415,21.25,66.25
4416,21.75,66.25
4417,22.25,66.25
4418,22.75,66.25
4419,23.25,66.25
4420,23.75,66.25
4421,24.25,66.25
4422,24.75,66.25
4423,25.25,66.25
4424,25.75,66.25
4425,26.25,66.25
4426,26.75,66.25
4427,27.25,66.25
4428,27.75,66.25
4429,28.25,66.25
4430,28.75,66.25
4431,29.25,66.25
4432,29.75,66.25
4433,30.25,66.25
4434,30.75,66.25
4435,31.75,66.25
4436,32.25,66.25
4437,32.75,66.25
4438,33.75,66.25
4439,41.75,66.25
4440,42.25,66.25
4441,42.75,66.25
4442,43.25,66.25
4443,43.75,66.25
4444,44.25,66.25
4445,44.75,66.25
4446,13.75,66.75
4447,14.25,66.75
4448,14.75,66.75
4449,15.25,66.75
4450,15.75,66.75
4451,16.25,66.75
4452,17.25,66.75
4453,17.75,66.75
4454,18.25,66.75
4455,18.75,66.75
4456,19.25,66.75
4457,19.75,66.75
4458,20.25,66.75
4459,20.75,66.75
4460,21.25,66.75
4461,21.75,66.75
4462,22.25,66.75
4463,22.75,66.75
4464,23.25,66.75
4465,23.75,66.75
4466,24.25,66.75
4467,24.75,66.75
4468,25.25,66.75
4469,25.75,66.75
4470,26.25,66.75
4471,26.75,66.75
4472,27.25,66.75
4473,28.75,66.75
4474,29.25,66.75
4475,29.75,66.75
4476,30.25,66.75
4477,30.75,66.75
4478,31.25,66.75
4479,31.75,66.75
4480,32.25,66.75
4481,32.75,66.75
4482,33.25,66.75
4483,35.75,66.75
4484,36.25,66.75
4485,36.75,66.75
4486,37.25,66.75
4487,37.75,66.75
4488,38.25,66.75
4489,38.75,66.75
4490,39.25,66.75
4491,39.75,66.75
4492,40.25,66.75
4493,40.75,66.75
4494,14.75,67.25
4495,15.25,67.25
4496,15.75,67.25
4497,16.25,67.25
4498,16.75,67.25
4499,17.25,67.25
4500,17.75,67.25
4501,18.25,67.25
4502,18.75,67.25
4503,19.25,67.25
4504,19.75,67.25
4505,20.25,67.25
4506,20.75,67.25
4507,21.25,67.25
4508,21.75,67.25
4509,22.25,67.25
4510,22.75,67.25
4511,23.25,67.25
4512,23.75,67.25
4513,24.25,67.25
4514,24.75,67.25
4515,25.25,67.25
4516,25.75,67.25
4517,26.25,67.25
4518,26.75,67.25
4519,27.25,67.25
4520,27.75,67.25
4521,28.25,67.25
4522,28.75,67.25
4523,29.25,67.25
4524,29.75,67.25
4525,30.25,67.25
4526,30.75,67.25
4527,31.25,67.25
4528,31.75,67.25
4529,32.25,67.25
4530,32.75,67.25
4531,33.75,67.25
4532,34.25,67.25
4533,34.75,67.25
4534,35.25,67.25
4535,35.75,67.25
4536,36.25,67.25
4537,36.75,67.25
4538,37.25,67.25
4539,37.75,67.25
4540,38.25,67.25
4541,38.75,67.25
4542,39.25,67.25
4543,39.75,67.25
4544,40.25,67.25
4545,40.75,67.25
4546,41.25,67.25
4547,15.25,67.75
4548,15.75,67.75
4549,16.25,67.75
4550,16.75,67.75
4551,17.25,67.75
4552,17.75,67.75
4553,18.25,67.75
4554,18.75,67.75
4555,19.25,67.75
4556,19.75,67.75
4557,20.25,67.75
4558,20.75,67.75
4559,21.25,67.75
4560,21.75,67.75
4561,22.25,67.75
4562,22.75,67.75
4563,23.25,67.75
4564,23.75,67.75
4565,24.25,67.75
4566,24.75,67.75
4567,25.25,67.75
4568,25.75,67.75
4569,26.25,67.75
4570,26.75,67.75
4571,27.25,67.75
4572,27.75,67.75
4573,28.25,67.75
4574,28.75,67.75
4575,29.25,67.75
4576,29.75,67.75
4577,30.25,67.75
4578,30.75,67.75
4579,31.25,67.75
4580,31.75,67.75
4581,32.25,67.75
4582,32.75,67.75
4583,33.25,67.75
4584,33.75,67.75
4585,34.25,67.75
4586,35.25,67.75
4587,35.75,67.75
4588,36.25,67.75
4589,36.75,67.75
4590,37.25,67.75
4591,37.75,67.75
4592,38.25,67.75
4593,38.75,67.75
4594,39.25,67.75
4595,39.75,67.75
4596,40.25,67.75
4597,40.75,67.75
4598,44.75,67.75
4599,15.75,68.25
4600,17.25,68.25
4601,18.25,68.25
4602,18.75,68.25
4603,19.25,68.25
4604,19.75,68.25
4605,20.25,68.25
4606,20.75,68.25
4607,21.25,68.25
4608,21.75,68.25
4609,22.25,68.25
4610,22.75,68.25
4611,23.25,68.25
4612,23.75,68.25
4613,24.25,68.25
4614,24.75,68.25
4615,25.25,68.25
4616,25.75,68.25
4617,26.25,68.25
4618,26.75,68.25
4619,27.25,68.25
4620,27.75,68.25
4621,28.25,68.25
4622,28.75,68.25
4623,29.25,68.25
4624,29.75,68.25
4625,30.25,68.25
4626,30.75,68.25
4627,31.25,68.25
4628,31.75,68.25
4629,32.25,68.25
4630,32.75,68.25
4631,34.25,68.25
4632,34.75,68.25
4633,35.25,68.25
4634,35.75,68.25
4635,36.25,68.25
4636,36.75,68.25
4637,37.25,68.25
4638,37.75,68.25
4639,38.25,68.25
4640,38.75,68.25
4641,44.75,68.25
4642,15.25,68.75
4643,15.75,68.75
4644,16.25,68.75
4645,16.75,68.75
4646,17.25,68.75
4647,17.75,68.75
4648,18.25,68.75
4649,18.75,68.75
4650,19.25,68.75
4651,19.75,68.75
4652,20.25,68.75
4653,20.75,68.75
4654,21.25,68.75
4655,21.75,68.75
4656,22.25,68.75
4657,22.75,68.75
4658,23.25,68.75
4659,23.75,68.75
4660,24.25,68.75
4661,24.75,68.75
4662,25.25,68.75
4663,25.75,68.75
4664,26.25,68.75
4665,26.75,68.75
4666,27.25,68.75
4667,27.75,68.75
4668,28.25,68.75
4669,28.75,68.75
4670,29.25,68.75
4671,29.75,68.75
4672,30.25,68.75
4673,30.75,68.75
4674,31.25,68.75
4675,31.75,68.75
4676,32.25,68.75
4677,32.75,68.75
4678,33.25,68.75
4679,33.75,68.75
4680,34.25,68.75
4681,34.75,68.75
4682,35.25,68.75
4683,35.75,68.75
4684,36.25,68.75
4685,36.75,68.75
4686,37.25,68.75
4687,17.75,69.25
4688,18.25,69.25
4689,18.75,69.25
4690,19.25,69.25
4691,19.75,69.25
4692,20.25,69.25
4693,20.75,69.25
4694,21.75,69.25
4695,22.25,69.25
4696,22.75,69.25
4697,23.25,69.25
4698,23.75,69.25
4699,24.25,69.25
4700,24.75,69.25
4701,25.25,69.25
4702,25.75,69.25
4703,26.25,69.25
4704,26.75,69.25
4705,27.25,69.25
4706,27.75,69.25
4707,28.75,69.25
4708,29.25,69.25
4709,29.75,69.25
4710,30.25,69.25
4711,30.75,69.25
4712,31.25,69.25
4713,31.75,69.25
4714,32.25,69.25
4715,32.75,69.25
4716,33.25,69.25
4717,33.75,69.25
4718,34.25,69.25
4719,34.75,69.25
4720,35.25,69.25
4721,19.25,69.75
4722,19.75,69.75
4723,20.25,69.75
4724,21.25,69.75
4725,21.75,69.75
4726,22.25,69.75
4727,22.75,69.75
4728,23.25,69.75
4729,23.75,69.75
4730,24.25,69.75
4731,24.75,69.75
4732,25.25,69.75
4733,25.75,69.75
4734,26.25,69.75
4735,26.75,69.75
4736,27.25,69.75
4737,27.75,69.75
4738,28.25,69.75
4739,28.75,69.75
4740,29.25,69.75
4741,29.75,69.75
4742,30.25,69.75
4743,30.75,69.75
4744,31.25,69.75
4745,31.75,69.75
4746,32.25,69.75
4747,32.75,69.75
4748,21.25,70.25
4749,21.75,70.25
4750,22.75,70.25
4751,23.25,70.25
4752,24.25,70.25
4753,24.75,70.25
4754,25.25,70.25
4755,25.75,70.25
4756,26.25,70.25
4757,26.75,70.25
4758,27.25,70.25
4759,27.75,70.25
4760,28.25,70.25
4761,28.75,70.25
4762,29.25,70.25
4763,23.75,70.75
4764,24.75,70.75
4765,25.25,70.75
4766,26.25,70.75
4767,26.75,70.75
4768,27.75,70.75
4769,28.25,70.75
4770,29.25,70.75
4771,29.75,70.75
4772,-11.75,27.25
4773,-11.25,27.25
4774,-10.75,27.25
4775,-10.25,27.25
4776,-9.75,27.25
4777,-9.25,27.25
4778,-8.75,27.25
4779,-8.25,27.25
4780,-11.75,27.75
4781,-11.25,27.75
4782,-10.75,27.75
4783,-10.25,27.75
4784,-9.75,27.75
4785,-9.25,27.75
4786,-8.75,27.75
4787,-8.25,27.75
4788,-7.75,27.75
4789,-7.25,27.75
4790,-6.75,27.75
4791,-11.75,28.25
4792,-11.25,28.25
4793,-10.75,28.25
4794,-10.25,28.25
4795,-9.75,28.25
4796,-9.25,28.25
4797,-8.75,28.25
4798,-8.25,28.25
4799,-7.75,28.25
4800,-7.25,28.25
4801,-6.75,28.25
4802,-6.25,28.25
4803,-10.75,28.75
4804,-10.25,28.75
4805,-9.75,28.75
4806,-9.25,28.75
4807,-8.75,28.75
4808,-8.25,28.75
4809,-7.75,28.75
4810,-7.25,28.75
4811,-6.75,28.75
4812,-6.25,28.75
4813,-5.75,28.75
4814,-5.25,28.75
4815,-4.75,28.75
4816,-9.75,29.25
4817,-9.25,29.25
4818,-8.75,29.25
4819,-8.25,29.25
4820,-7.75,29.25
4821,-7.25,29.25
4822,-6.75,29.25
4823,-6.25,29.25
4824,-5.75,29.25
4825,-5.25,29.25
4826,-4.75,29.25
4827,-4.25,29.25
4828,-3.75,29.25
4829,-3.25,29.25
4830,-9.25,29.75
4831,-8.75,29.75
4832,-8.25,29.75
4833,-7.75,29.75
4834,-7.25,29.75
4835,-6.75,29.75
4836,-6.25,29.75
4837,-5.75,29.75
4838,-5.25,29.75
4839,-4.75,29.75
4840,-4.25,29.75
4841,-3.75,29.75
4842,-3.25,29.75
4843,-2.75,29.75
4844,-9.25,30.25
4845,-8.75,30.25
4846,-8.25,30.25
4847,-7.75,30.25
4848,-7.25,30.25
4849,-6.75,30.25
4850,-6.25,30.25
4851,-5.75,30.25
4852,-5.25,30.25
4853,-4.75,30.25
4854,-4.25,30.25
4855,-3.75,30.25
4856,-3.25,30.25
4857,-2.75,30.25
4858,-2.25,30.25
4859,-9.25,30.75
4860,-8.75,30.75
4861,-8.25,30.75
4862,-7.75,30.75
4863,-7.25,30.75
4864,-6.75,30.75
4865,-6.25,30.75
4866,-5.75,30.75
4867,-5.25,30.75
4868,-4.75,30.75
4869,-4.25,30.75
4870,-3.75,30.75
4871,-3.25,30.75
4872,-2.75,30.75
4873,-2.25,30.75
4874,-1.75,30.75
4875,-1.25,30.75
4876,-0.75,30.75
4877,-0.25,30.75
4878,-9.25,31.25
4879,-8.75,31.25
4880,-8.25,31.25
4881,-7.75,31.25
4882,-7.25,31.25
4883,-6.75,31.25
4884,-6.25,31.25
4885,-5.75,31.25
4886,-5.25,31.25
4887,-4.75,31.25
4888,-4.25,31.25
4889,-3.75,31.25
4890,-3.25,31.25
4891,-2.75,31.25
4892,-2.25,31.25
4893,-1.75,31.25
4894,-1.25,31.25
4895,-0.75,31.25
4896,-0.25,31.25
4897,-9.25,31.75
4898,-8.75,31.75
4899,-8.25,31.75
4900,-7.75,31.75
4901,-7.25,31.75
4902,-6.75,31.75
4903,-6.25,31.75
4904,-5.75,31.75
4905,-5.25,31.75
4906,-4.75,31.75
4907,-4.25,31.75
4908,-3.75,31.75
4909,-3.25,31.75
4910,-2.75,31.75
4911,-2.25,31.75
4912,-1.75,31.75
4913,-1.25,31.75
4914,-0.75,31.75
4915,-0.25,31.75
4916,-8.75,32.25
4917,-8.25,32.25
4918,-7.75,32.25
4919,-7.25,32.25
4920,-6.75,32.25
4921,-6.25,32.25
4922,-5.75,32.25
4923,-5.25,32.25
4924,-4.75,32.25
4925,-4.25,32.25
4926,-3.75,32.25
4927,-3.25,32.25
4928,-2.75,32.25
4929,-2.25,32.25
4930,-1.75,32.25
4931,-1.25,32.25
4932,-0.75,32.25
4933,-0.25,32.25
4934,-8.75,32.75
4935,-8.25,32.75
4936,-7.75,32.75
4937,-7.25,32.75
4938,-6.75,32.75
4939,-6.25,32.75
4940,-5.75,32.75
4941,-5.25,32.75
4942,-4.75,32.75
4943,-4.25,32.75
4944,-3.75,32.75
4945,-3.25,32.75
4946,-2.75,32.75
4947,-2.25,32.75
4948,-1.75,32.75
4949,-1.25,32.75
4950,-0.75,32.75
4951,-0.25,32.75
4952,-8.25,33.25
4953,-7.75,33.25
4954,-7.25,33.25
4955,-6.75,33.25
4956,-6.25,33.25
4957,-5.75,33.25
4958,-5.25,33.25
4959,-4.75,33.25
4960,-4.25,33.25
4961,-3.75,33.25
4962,-3.25,33.25
4963,-2.75,33.25
4964,-2.25,33.25
4965,-1.75,33.25
4966,-1.25,33.25
4967,-0.75,33.25
4968,-0.25,33.25
4969,-7.25,33.75
4970,-6.75,33.75
4971,-6.25,33.75
4972,-5.75,33.75
4973,-5.25,33.75
4974,-4.75,33.75
4975,-4.25,33.75
4976,-3.75,33.75
4977,-3.25,33.75
4978,-2.75,33.75
4979,-2.25,33.75
4980,-1.75,33.75
4981,-1.25,33.75
4982,-0.75,33.75
4983,-0.25,33.75
4984,-6.25,34.25
4985,-5.75,34.25
4986,-5.25,34.25
4987,-4.75,34.25
4988,-4.25,34.25
4989,-3.75,34.25
4990,-3.25,34.25
4991,-2.75,34.25
4992,-2.25,34.25
4993,-1.75,34.25
4994,-1.25,34.25
4995,-0.75,34.25
4996,-0.25,34.25
4997,-5.75,34.75
4998,-5.25,34.75
4999,-4.75,34.75
5000,-4.25,34.75
5001,-3.75,34.75
5002,-3.25,34.75
5003,-2.75,34.75
5004,-2.25,34.75
5005,-1.75,34.75
5006,-1.25,34.75
5007,-0.75,34.75
5008,-0.25,34.75
5009,-5.75,35.25
5010,-5.25,35.25
5011,-4.75,35.25
5012,-4.25,35.25
5013,-3.75,35.25
5014,-3.25,35.25
5015,-1.25,35.25
5016,-0.75,35.25
5017,-0.25,35.25
5018,-0.75,35.75
5019,-0.25,35.75
5020,-5.25,36.25
5021,-5.75,36.75
5022,-5.25,36.75
5023,-4.75,36.75
5024,-4.25,36.75
5025,-7.75,37.25
5026,-6.25,37.25
5027,-5.75,37.25
5028,-5.25,37.25
5029,-4.75,37.25
5030,-4.25,37.25
5031,-3.75,37.25
5032,-3.25,37.25
5033,-2.75,37.25
5034,-2.25,37.25
5035,-1.75,37.25
5036,-8.25,37.75
5037,-7.75,37.75
5038,-7.25,37.75
5039,-6.75,37.75
5040,-6.25,37.75
5041,-5.75,37.75
5042,-5.25,37.75
5043,-4.75,37.75
5044,-4.25,37.75
5045,-3.75,37.75
5046,-3.25,37.75
5047,-2.75,37.75
5048,-2.25,37.75
5049,-1.75,37.75
5050,-1.25,37.75
5051,-0.75,37.75
5052,-8.25,38.25
5053,-7.75,38.25
5054,-7.25,38.25
5055,-6.75,38.25
5056,-6.25,38.25
5057,-5.75,38.25
5058,-5.25,38.25
5059,-4.75,38.25
5060,-4.25,38.25
5061,-3.75,38.25
5062,-3.25,38.25
5063,-2.75,38.25
5064,-2.25,38.25
5065,-1.75,38.25
5066,-1.25,38.25
5067,-0.75,38.25
5068,-8.75,38.75
5069,-8.25,38.75
5070,-7.75,38.75
5071,-7.25,38.75
5072,-6.75,38.75
5073,-6.25,38.75
5074,-5.75,38.75
5075,-5.25,38.75
5076,-4.75,38.75
5077,-4.25,38.75
5078,-3.75,38.75
5079,-3.25,38.75
5080,-2.75,38.75
5081,-2.25,38.75
5082,-1.75,38.75
5083,-1.25,38.75
5084,-0.75,38.75
5085,-0.25,38.75
5086,-8.75,39.25
5087,-8.25,39.25
5088,-7.75,39.25
5089,-7.25,39.25
5090,-6.75,39.25
5091,-6.25,39.25
5092,-5.75,39.25
5093,-5.25,39.25
5094,-4.75,39.25
5095,-4.25,39.25
5096,-3.75,39.25
5097,-3.25,39.25
5098,-2.75,39.25
5099,-2.25,39.25
5100,-1.75,39.25
5101,-1.25,39.25
5102,-0.75,39.25
5103,-0.25,39.25
5104,-8.25,39.75
5105,-7.75,39.75
5106,-7.25,39.75
5107,-6.75,39.75
5108,-6.25,39.75
5109,-5.75,39.75
5110,-5.25,39.75
5111,-4.75,39.75
5112,-4.25,39.75
5113,-3.75,39.75
5114,-3.25,39.75
5115,-2.75,39.75
5116,-2.25,39.75
5117,-1.25,39.75
5118,-0.75,39.75
5119,-0.25,39.75
5120,-8.25,40.25
5121,-7.75,40.25
5122,-7.25,40.25
5123,-6.75,40.25
5124,-6.25,40.25
5125,-5.75,40.25
5126,-5.25,40.25
5127,-4.75,40.25
5128,-4.25,40.25
5129,-3.75,40.25
5130,-3.25,40.25
5131,-2.75,40.25
5132,-2.25,40.25
5133,-1.75,40.25
5134,-1.25,40.25
5135,-0.75,40.25
5136,-0.25,40.25
5137,-8.25,40.75
5138,-7.75,40.75
5139,-7.25,40.75
5140,-6.75,40.75
5141,-6.25,40.75
5142,-5.75,40.75
5143,-5.25,40.75
5144,-4.75,40.75
5145,-4.25,40.75
5146,-3.75,40.75
5147,-3.25,40.75
5148,-2.75,40.75
5149,-2.25,40.75
5150,-1.75,40.75
5151,-1.25,40.75
5152,-0.75,40.75
5153,-0.25,40.75
5154,-8.25,41.25
5155,-7.75,41.25
5156,-7.25,41.25
5157,-6.75,41.25
5158,-6.25,41.25
5159,-5.75,41.25
5160,-5.25,41.25
5161,-4.75,41.25
5162,-4.25,41.25
5163,-3.75,41.25
5164,-3.25,41.25
5165,-2.75,41.25
5166,-2.25,41.25
5167,-1.75,41.25
5168,-1.25,41.25
5169,-0.75,41.25
5170,-0.25,41.25
5171,-8.25,41.75
5172,-7.75,41.75
5173,-7.25,41.75
5174,-6.75,41.75
5175,-6.25,41.75
5176,-5.75,41.75
5177,-5.25,41.75
5178,-4.75,41.75
5179,-4.25,41.75
5180,-3.75,41.75
5181,-3.25,41.75
5182,-2.75,41.75
5183,-2.25,41.75
5184,-1.75,41.75
5185,-1.25,41.75
5186,-0.75,41.75
5187,-0.25,41.75
5188,-8.25,42.25
5189,-7.75,42.25
5190,-7.25,42.25
5191,-6.75,42.25
5192,-6.25,42.25
5193,-5.75,42.25
5194,-5.25,42.25
5195,-4.75,42.25
5196,-4.25,42.25
5197,-3.75,42.25
5198,-3.25,42.25
5199,-2.75,42.25
5200,-2.25,42.25
5201,-1.75,42.25
5202,-1.25,42.25
5203,-0.75,42.25
5204,-0.25,42.25
5205,-8.25,42.75
5206,-7.75,42.75
5207,-7.25,42.75
5208,-6.75,42.75
5209,-6.25,42.75
5210,-5.75,42.75
5211,-5.25,42.75
5212,-4.75,42.75
5213,-4.25,42.75
5214,-3.75,42.75
5215,-3.25,42.75
5216,-2.75,42.75
5217,-2.25,42.75
5218,-1.75,42.75
5219,-1.25,42.75
5220,-0.75,42.75
5221,-0.25,42.75
5222,-8.75,43.25
5223,-8.25,43.25
5224,-7.75,43.25
5225,-7.25,43.25
5226,-6.75,43.25
5227,-6.25,43.25
5228,-5.75,43.25
5229,-5.25,43.25
5230,-4.75,43.25
5231,-4.25,43.25
5232,-3.75,43.25
5233,-3.25,43.25
5234,-2.75,43.25
5235,-2.25,43.25
5236,-1.75,43.25
5237,-1.25,43.25
5238,-0.75,43.25
5239,-0.25,43.25
5240,-7.75,43.75
5241,-0.75,43.75
5242,-0.25,43.75
5243,-0.75,44.25
5244,-0.25,44.25
5245,-0.75,44.75
5246,-0.25,44.75
5247,-0.75,45.25
5248,-0.25,45.75
5249,-0.25,46.25
5250,-1.25,46.75
5251,-0.75,46.75
5252,-0.25,46.75
5253,-1.25,47.25
5254,-0.75,47.25
5255,-0.25,47.25
5256,-2.75,47.75
5257,-2.25,47.75
5258,-1.75,47.75
5259,-1.25,47.75
5260,-0.75,47.75
5261,-0.25,47.75
5262,-4.25,48.25
5263,-3.75,48.25
5264,-3.25,48.25
5265,-2.75,48.25
5266,-2.25,48.25
5267,-1.75,48.25
5268,-1.25,48.25
5269,-0.75,48.25
5270,-0.25,48.25
5271,-3.75,48.75
5272,-3.25,48.75
5273,-1.75,48.75
5274,-1.25,48.75
5275,-0.75,48.75
5276,-0.25,48.75
5277,-0.75,49.25
5278,-0.25,49.25
5279,-5.25,50.25
5280,-4.75,50.25
5281,-4.25,50.75
5282,-3.75,50.75
5283,-3.25,50.75
5284,-3.75,51.25
5285,-3.25,51.25
5286,-2.75,51.25
5287,-2.25,51.25
5288,-1.75,51.25
5289,-1.25,51.25
5290,-0.75,51.25
5291,-0.25,51.25
5292,-9.25,51.75
5293,-8.75,51.75
5294,-3.75,51.75
5295,-3.25,51.75
5296,-2.75,51.75
5297,-2.25,51.75
5298,-1.75,51.75
5299,-1.25,51.75
5300,-0.75,51.75
5301,-0.25,51.75
5302,-9.25,52.25
5303,-8.75,52.25
5304,-8.25,52.25
5305,-7.75,52.25
5306,-4.25,52.25
5307,-3.75,52.25
5308,-3.25,52.25
5309,-2.75,52.25
5310,-2.25,52.25
5311,-1.75,52.25
5312,-1.25,52.25
5313,-0.75,52.25
5314,-0.25,52.25
5315,-8.75,52.75
5316,-8.25,52.75
5317,-7.75,52.75
5318,-7.25,52.75
5319,-6.75,52.75
5320,-6.25,52.75
5321,-3.25,52.75
5322,-2.75,52.75
5323,-2.25,52.75
5324,-1.75,52.75
5325,-1.25,52.75
5326,-0.75,52.75
5327,-0.25,52.75
5328,-8.75,53.25
5329,-8.25,53.25
5330,-7.75,53.25
5331,-7.25,53.25
5332,-6.75,53.25
5333,-6.25,53.25
5334,-3.75,53.25
5335,-3.25,53.25
5336,-2.75,53.25
5337,-2.25,53.25
5338,-1.75,53.25
5339,-1.25,53.25
5340,-0.75,53.25
5341,-0.25,53.25
5342,-9.25,53.75
5343,-8.75,53.75
5344,-8.25,53.75
5345,-7.75,53.75
5346,-7.25,53.75
5347,-6.75,53.75
5348,-6.25,53.75
5349,-2.25,53.75
5350,-1.75,53.75
5351,-1.25,53.75
5352,-0.75,53.75
5353,-0.25,53.75
5354,-9.25,54.25
5355,-8.75,54.25
5356,-8.25,54.25
5357,-7.75,54.25
5358,-7.25,54.25
5359,-6.75,54.25
5360,-6.25,54.25
5361,-5.75,54.25
5362,-2.25,54.25
5363,-1.75,54.25
5364,-1.25,54.25
5365,-0.75,54.25
5366,-7.75,54.75
5367,-7.25,54.75
5368,-6.75,54.75
5369,-6.25,54.75
5370,-5.75,54.75
5371,-2.75,54.75
5372,-2.25,54.75
5373,-1.75,54.75
5374,-1.25,54.75
5375,-7.25,55.25
5376,-6.25,55.25
5377,-4.25,55.25
5378,-3.75,55.25
5379,-3.25,55.25
5380,-2.75,55.25
5381,-2.25,55.25
5382,-1.75,55.25
5383,-5.25,55.75
5384,-4.25,55.75
5385,-3.75,55.75
5386,-3.25,55.75
5387,-2.75,55.75
5388,-2.25,55.75
5389,-5.25,56.25
5390,-4.75,56.25
5391,-3.75,56.25
5392,-3.25,56.25
5393,-5.75,56.75
5394,-5.25,56.75
5395,-4.75,56.75
5396,-4.25,56.75
5397,-3.75,56.75
5398,-3.25,56.75
5399,-2.75,56.75
5400,-5.25,57.25
5401,-4.75,57.25
5402,-4.25,57.25
5403,-3.75,57.25
5404,-3.25,57.25
5405,-2.75,57.25
5406,-2.25,57.25
5407,-4.75,57.75
5408,-4.25,57.75
5409,-3.25,57.75
5410,-2.75,57.75
5411,-4.75,58.25
5412,-4.25,58.25
5413,-3.75,58.25
5414,-3.25,58.75
